date,quote_date,obs_panel,obs,date2,date3,year,year_s,month,month_s,quarter,p_min,p_max,p_mean,p_med,p_sd,cpiindex00allitems2015100,cpiindex012nonalcoholicbeverages,cpiindex011food2015100,cpiindex02alcoholicbeveragestoba,cpiindex01foodandnonalcoholicbev,cpi00_adjustment,day,day_s,date4
1,198802,35459,51065,01-02-1988,01-02-1988,1988,1988,2,02,1,.039999999,743,16.374935,1.35,54.338814,48.6,45.9,48.5,27.4,48.3,1,1,01,1988-02-01
2,198803,35240,49987,01-03-1988,01-03-1988,1988,1988,3,03,1,.029999999,639.5,15.306061,1.3,51.61562,48.7,46.2,48.6,27.5,48.4,1.0020577,1,01,1988-03-01
3,198804,36066,51716,01-04-1988,01-04-1988,1988,1988,4,04,2,.029999999,889,15.833013,1.35,53.485882,49.3,46.6,48.9,27.9,48.7,1.0144033,1,01,1988-04-01
4,198805,35869,51209,01-05-1988,01-05-1988,1988,1988,5,05,2,.029999999,889,15.961594,1.35,53.936596,49.5,47.2,49,28,48.8,1.0185186,1,01,1988-05-01
5,198806,35811,51126,01-06-1988,01-06-1988,1988,1988,6,06,2,.029999999,889,15.863515,1.38,53.68438,49.7,47.7,49,28,48.9,1.0226338,1,01,1988-06-01
6,198807,36038,50053,01-07-1988,01-07-1988,1988,1988,7,07,3,.029999999,797,15.706294,1.37,53.324883,49.7,48.1,48.5,28,48.5,1.0226338,1,01,1988-07-01
8,198809,34038,47264,01-09-1988,01-09-1988,1988,1988,9,09,3,.029999999,795,15.534357,1.3200001,53.451241,50.1,48.8,48.9,28.1,48.9,1.0308642,1,01,1988-09-01
9,198810,35834,50282,01-10-1988,01-10-1988,1988,1988,10,10,4,.029999999,969,15.787164,1.39,53.582981,50.3,48.9,48.9,28.2,49,1.0349795,1,01,1988-10-01
10,198811,35351,49281,01-11-1988,01-11-1988,1988,1988,11,11,4,.029999999,829,15.430574,1.3,53.23317,50.5,49,49.3,28.2,49.3,1.0390947,1,01,1988-11-01
11,198812,36701,51813,01-12-1988,01-12-1988,1988,1988,12,12,4,.029999999,829,15.674806,1.39,53.225403,50.6,49.2,49.7,28.1,49.7,1.0411522,1,01,1988-12-01
12,198901,35145,48551,01-01-1989,01-01-1989,1989,1989,1,01,1,.029999999,829,15.689074,1.4,53.117466,50.8,49.4,50.1,28.4,50.1,1.0452675,1,01,1989-01-01
14,198903,41887,57413,01-03-1989,01-03-1989,1989,1989,3,03,1,.050000001,799.95001,15.6563,1.39,52.64859,51.2,49.9,50.5,28.6,50.5,1.0534979,1,01,1989-03-01
15,198904,12740,20572,01-04-1989,01-04-1989,1989,1989,4,04,2,.050000001,4.5900002,.69541949,.49000001,.61197758,51.9,50.3,51.1,28.7,51.1,1.0679013,1,01,1989-04-01
16,198905,42317,57869,01-05-1989,01-05-1989,1989,1989,5,05,2,.050000001,829,15.473289,1.42,52.424545,52.2,50.4,51.5,28.8,51.4,1.074074,1,01,1989-05-01
17,198906,42455,58028,01-06-1989,01-06-1989,1989,1989,6,06,2,.050000001,829,15.551888,1.4299999,52.789654,52.3,50.5,51.6,28.8,51.6,1.0761317,1,01,1989-06-01
18,198907,41792,56793,01-07-1989,01-07-1989,1989,1989,7,07,3,.050000001,850,15.562379,1.4299999,53.017704,52.3,50.7,51.3,28.8,51.3,1.0761317,1,01,1989-07-01
19,198908,41236,55705,01-08-1989,01-08-1989,1989,1989,8,08,3,.050000001,850,15.246579,1.42,52.157944,52.4,51,51.5,28.8,51.5,1.0781893,1,01,1989-08-01
20,198909,41727,56655,01-09-1989,01-09-1989,1989,1989,9,09,3,.050000001,899,15.562812,1.4400001,52.736385,52.7,51.2,51.9,29,51.8,1.0843621,1,01,1989-09-01
21,198910,40912,55533,01-10-1989,01-10-1989,1989,1989,10,10,4,.050000001,899,15.745047,1.45,53.469437,53.1,51.3,52.5,29.2,52.4,1.0925926,1,01,1989-10-01
22,198911,42544,57758,01-11-1989,01-11-1989,1989,1989,11,11,4,.050000001,859,15.976122,1.46,54.042072,53.3,51.3,53.1,29.2,52.9,1.0967078,1,01,1989-11-01
23,198912,40845,54852,01-12-1989,01-12-1989,1989,1989,12,12,4,.050000001,859,15.908699,1.47,53.809975,53.4,51.5,53.5,29.1,53.4,1.0987654,1,01,1989-12-01
24,199001,40857,54121,01-01-1990,01-01-1990,1990,1990,1,01,1,.050000001,799.95001,15.259739,1.45,52.396126,53.6,51.8,54.3,29.3,54.1,1.1028807,1,01,1990-01-01
25,199002,45692,60253,01-02-1990,01-02-1990,1990,1990,2,02,1,.050000001,799.95001,15.367912,1.49,52.103889,54,52.2,54.8,29.5,54.6,1.1111112,1,01,1990-02-01
26,199003,46154,60923,01-03-1990,01-03-1990,1990,1990,3,03,1,.050000001,850,15.451891,1.49,52.487251,54.2,53.2,55,29.6,54.9,1.1152264,1,01,1990-03-01
27,199004,46210,60819,01-04-1990,01-04-1990,1990,1990,4,04,2,.050000001,899,15.659709,1.5,53.376804,55.2,53.9,55.5,30.5,55.4,1.1358025,1,01,1990-04-01
28,199005,46421,61136,01-05-1990,01-05-1990,1990,1990,5,05,2,.029999999,899,15.702958,1.55,53.621433,55.7,55,56.1,31.2,56.1,1.1460905,1,01,1990-05-01
29,199006,46944,62259,01-06-1990,01-06-1990,1990,1990,6,06,2,.029999999,899,15.798903,1.55,53.925682,55.9,55.4,56,31.3,56,1.1502057,1,01,1990-06-01
30,199007,44950,59060,01-07-1990,01-07-1990,1990,1990,7,07,3,.029999999,899,15.794408,1.58,53.663853,55.8,55.6,55.3,31.5,55.4,1.1481482,1,01,1990-07-01
31,199008,45293,60067,01-08-1990,01-08-1990,1990,1990,8,08,3,.029999999,950,15.568626,1.55,53.587044,56.4,55.8,55.9,31.5,56,1.1604939,1,01,1990-08-01
32,199009,46122,61285,01-09-1990,01-09-1990,1990,1990,9,09,3,.029999999,1395,15.385884,1.52,53.623638,57,55.9,56.1,31.5,56.1,1.1728395,1,01,1990-09-01
33,199010,46861,62163,01-10-1990,01-10-1990,1990,1990,10,10,4,.029999999,1087,15.599316,1.55,53.740597,57.4,55.8,56.1,31.8,56.2,1.18107,1,01,1990-10-01
34,199011,48942,65091,01-11-1990,01-11-1990,1990,1990,11,11,4,.029999999,1300.75,16.005434,1.55,54.93816,57.5,55.8,56.6,31.8,56.6,1.1831275,1,01,1990-11-01
35,199012,48573,63911,01-12-1990,01-12-1990,1990,1990,12,12,4,.029999999,1300.75,16.054384,1.59,54.813896,57.5,55.6,57,31.8,56.9,1.1831275,1,01,1990-12-01
36,199101,44560,57581,01-01-1991,01-01-1991,1991,1991,1,01,1,.029999999,1300,15.628951,1.55,54.396511,57.4,54.9,57.5,32.1,57.3,1.18107,1,01,1991-01-01
37,199102,53277,68575,01-02-1991,01-02-1991,1991,1991,2,02,1,.029999999,1300,18.625538,1.61,62.064377,57.7,55.9,58.2,32.3,58,1.1872427,1,01,1991-02-01
38,199103,54923,71151,01-03-1991,01-03-1991,1991,1991,3,03,1,.029999999,1300,18.686651,1.61,62.724331,57.9,56.2,58.2,32.5,58,1.191358,1,01,1991-03-01
39,199104,56273,72853,01-04-1991,01-04-1991,1991,1991,4,04,2,.029999999,1328.26,19.117792,1.74,64.407196,59.9,57.3,58.8,35.5,58.7,1.2325103,1,01,1991-04-01
40,199105,59061,74482,01-05-1991,01-05-1991,1991,1991,5,05,2,.029999999,1199,20.13908,1.84,65.764961,60.3,57.8,58.6,35.8,58.6,1.2407408,1,01,1991-05-01
41,199106,61249,77477,01-06-1991,01-06-1991,1991,1991,6,06,2,.029999999,1199,20.015995,1.87,65.765175,60.6,58.2,59.2,35.9,59.2,1.2469136,1,01,1991-06-01
42,199107,63435,78589,01-07-1991,01-07-1991,1991,1991,7,07,3,.029999999,1550,19.55695,1.87,64.408119,60.5,58.7,58.3,35.9,58.4,1.244856,1,01,1991-07-01
43,199108,62510,77622,01-08-1991,01-08-1991,1991,1991,8,08,3,.029999999,1490,19.829123,1.85,65.494568,60.9,58.7,59,35.8,59,1.2530864,1,01,1991-08-01
44,199109,68122,84335,01-09-1991,01-09-1991,1991,1991,9,09,3,.029999999,1199,20.162043,1.85,66.156319,61.1,58.9,58.4,35.9,58.6,1.2572017,1,01,1991-09-01
45,199110,70068,87414,01-10-1991,01-10-1991,1991,1991,10,10,4,.029999999,1565,19.64267,1.84,65.248116,61.3,59.3,58.4,35.9,58.6,1.2613169,1,01,1991-10-01
46,199111,73918,92291,01-11-1991,01-11-1991,1991,1991,11,11,4,.029999999,1550,20.402056,1.88,66.455452,61.5,59.4,59,36.1,59.2,1.2654321,1,01,1991-11-01
47,199112,75882,94958,01-12-1991,01-12-1991,1991,1991,12,12,4,.029999999,1550,20.824404,1.9299999,67.254272,61.6,59.6,59.2,36.1,59.3,1.2674897,1,01,1991-12-01
48,199201,73230,90912,01-01-1992,01-01-1992,1992,1992,1,01,1,.029999999,1229,19.509634,1.92,63.477367,61.4,60.7,59.7,36.5,59.9,1.2633744,1,01,1992-01-01
49,199202,75957,90929,01-02-1992,01-02-1992,1992,1992,2,02,1,.039999999,1188,22.364487,2.05,69.55452,61.7,61.6,60,36.7,60.2,1.2695473,1,01,1992-02-01
50,199203,75612,90207,01-03-1992,01-03-1992,1992,1992,3,03,1,.039999999,1150,22.573856,2.0799999,70.355667,62,62,60.1,36.8,60.4,1.2757201,1,01,1992-03-01
51,199204,79424,94520,01-04-1992,01-04-1992,1992,1992,4,04,2,.039999999,1150,22.768572,2.1900001,71.045578,62.7,62,59.8,38.2,60.1,1.2901235,1,01,1992-04-01
52,199205,81214,96568,01-05-1992,01-05-1992,1992,1992,5,05,2,.039999999,1199,22.377594,2.1900001,70.694305,62.9,62,60.1,38.4,60.4,1.2942387,1,01,1992-05-01
53,199206,82875,98437,01-06-1992,01-06-1992,1992,1992,6,06,2,.039999999,1249,21.954428,2.1500001,69.759636,62.9,61.9,59.8,38.4,60.2,1.2942387,1,01,1992-06-01
54,199207,82758,98202,01-07-1992,01-07-1992,1992,1992,7,07,3,.039999999,1114,21.444878,2.1500001,67.649284,62.6,61.8,59,38.5,59.4,1.2880658,1,01,1992-07-01
55,199208,83050,98595,01-08-1992,01-08-1992,1992,1992,8,08,3,.039999999,1300,21.609951,2.1500001,68.211151,62.7,61.6,59.2,38.5,59.5,1.2901235,1,01,1992-08-01
56,199209,84452,100395,01-09-1992,01-09-1992,1992,1992,9,09,3,.039999999,1300,21.985899,2.1600001,69.359749,62.9,61.4,59,38.5,59.3,1.2942387,1,01,1992-09-01
57,199210,84757,100846,01-10-1992,01-10-1992,1992,1992,10,10,4,.039999999,1300,22.687304,2.2,70.842072,63.1,61.1,59.2,38.6,59.5,1.2983539,1,01,1992-10-01
58,199211,85493,101767,01-11-1992,01-11-1992,1992,1992,11,11,4,.039999999,1300,22.925222,2.21,71.36541,63.1,61,59.1,38.6,59.4,1.2983539,1,01,1992-11-01
59,199212,84914,101025,01-12-1992,01-12-1992,1992,1992,12,12,4,.039999999,1300,23.090408,2.21,72.484314,63.2,60.7,59.7,38.7,59.9,1.3004116,1,01,1992-12-01
60,199301,84940,101122,01-01-1993,01-01-1993,1993,1993,1,01,1,.039999999,1300,21.768166,2.2,68.33329,62.8,60.8,59.9,39,60,1.292181,1,01,1993-01-01
61,199302,89688,105604,01-02-1993,01-02-1993,1993,1993,2,02,1,.039999999,1120,21.99412,2.1500001,68.941925,63.2,61.5,60.5,39.2,60.7,1.3004116,1,01,1993-02-01
62,199303,90799,107092,01-03-1993,01-03-1993,1993,1993,3,03,1,.039999999,1400,23.195578,2.21,72.075356,63.6,62.5,61,39.4,61.2,1.308642,1,01,1993-03-01
63,199304,91729,108050,01-04-1993,01-04-1993,1993,1993,4,04,2,.039999999,1400,23.591221,2.3,72.885941,64.3,62.1,60.7,40.3,60.9,1.3230453,1,01,1993-04-01
64,199305,94217,111087,01-05-1993,01-05-1993,1993,1993,5,05,2,.039999999,1400,23.26165,2.3,72.665154,64.5,62.3,61.4,40.5,61.6,1.3271605,1,01,1993-05-01
65,199306,94264,111072,01-06-1993,01-06-1993,1993,1993,6,06,2,.039999999,1458,23.141912,2.3,72.148216,64.5,62.2,61.1,40.5,61.3,1.3271605,1,01,1993-06-01
66,199307,94821,111736,01-07-1993,01-07-1993,1993,1993,7,07,3,.039999999,1247,22.357817,2.29,69.645172,64.2,62,61.1,40.4,61.2,1.3209877,1,01,1993-07-01
67,199308,94780,111577,01-08-1993,01-08-1993,1993,1993,8,08,3,.039999999,1458,22.400772,2.29,70.509415,64.5,62.2,61,40.7,61.2,1.3271605,1,01,1993-08-01
68,199309,96495,113472,01-09-1993,01-09-1993,1993,1993,9,09,3,.050000001,1299,22.984509,2.29,71.962051,64.8,62.2,60.8,40.9,61,1.3333334,1,01,1993-09-01
69,199310,96451,113796,01-10-1993,01-10-1993,1993,1993,10,10,4,.050000001,1299,22.986347,2.29,71.489838,64.7,62.3,60.2,40.9,60.5,1.3312757,1,01,1993-10-01
70,199311,96331,113474,01-11-1993,01-11-1993,1993,1993,11,11,4,.050000001,1299,23.26189,2.3,72.252571,64.59999999999999,60.7,59.9,40.7,60.1,1.3292181,1,01,1993-11-01
71,199312,97310,114457,01-12-1993,01-12-1993,1993,1993,12,12,4,.050000001,1299,23.564148,2.3499999,73.145927,64.7,60,60.1,40.9,60.2,1.3312757,1,01,1993-12-01
72,199401,96405,113415,01-01-1994,01-01-1994,1994,1994,1,01,1,.050000001,1299,22.109774,2.3499999,68.744637,64.5,60.5,60.4,41.8,60.5,1.3271605,1,01,1994-01-01
73,199402,93950,109226,01-02-1994,01-02-1994,1994,1994,2,02,1,.050000001,1099,20.623255,2.3099999,68.577148,64.8,61.7,60.7,42,60.9,1.3333334,1,01,1994-02-01
74,199403,94589,109122,01-03-1994,01-03-1994,1994,1994,3,03,1,.050000001,1195,20.372856,2.3499999,67.891083,65,62.4,61.1,41.9,61.3,1.3374486,1,01,1994-03-01
75,199404,94068,108186,01-04-1994,01-04-1994,1994,1994,4,04,2,.050000001,1235,20.977161,2.3599999,69.739723,65.5,62.3,61.3,42.1,61.5,1.3477366,1,01,1994-04-01
76,199405,102551,119067,01-05-1994,01-05-1994,1994,1994,5,05,2,.050000001,1235,21.10775,2.49,69.989029,65.8,62.7,61.8,42.2,62,1.3539095,1,01,1994-05-01
77,199406,102149,118695,01-06-1994,01-06-1994,1994,1994,6,06,2,.050000001,1235,21.035608,2.47,69.977448,65.8,62.8,61.8,42.1,62,1.3539095,1,01,1994-06-01
78,199407,103741,120570,01-07-1994,01-07-1994,1994,1994,7,07,3,.050000001,1235,20.537624,2.45,68.086258,65.40000000000001,62.2,61.4,42.1,61.6,1.345679,1,01,1994-07-01
79,199408,93085,106634,01-08-1994,01-08-1994,1994,1994,8,08,3,.050000001,1235,20.429842,2.3299999,69.180321,65.7,63.3,61.5,42.1,61.8,1.3518518,1,01,1994-08-01
80,199409,100875,116814,01-09-1994,01-09-1994,1994,1994,9,09,3,.050000001,1442,21.180731,2.3800001,70.726257,65.8,63.4,60.8,42.2,61.2,1.3539095,1,01,1994-09-01
81,199410,99985,115660,01-10-1994,01-10-1994,1994,1994,10,10,4,.050000001,1442,21.257603,2.3800001,70.229797,65.7,63.2,60.7,42.1,61.1,1.3518518,1,01,1994-10-01
82,199411,101255,117297,01-11-1994,01-11-1994,1994,1994,11,11,4,.050000001,1442,21.421804,2.3900001,70.68026,65.7,62.6,61,41.8,61.3,1.3518518,1,01,1994-11-01
83,199412,100583,116315,01-12-1994,01-12-1994,1994,1994,12,12,4,.050000001,1299,21.598108,2.4400001,71.198746,66,62.2,61.6,42,61.7,1.3580247,1,01,1994-12-01
84,199501,99591,115148,01-01-1995,01-01-1995,1995,1995,1,01,1,.050000001,1256,20.511848,2.46,68.085739,66,64,62.1,43.1,62.4,1.3580247,1,01,1995-01-01
85,199502,97294,110133,01-02-1995,01-02-1995,1995,1995,2,02,1,.050000001,1399.99,22.923964,2.5,75.46537,66.3,64.8,62.4,43.7,62.7,1.3641975,1,01,1995-02-01
86,199503,100458,113822,01-03-1995,01-03-1995,1995,1995,3,03,1,.050000001,1425,23.404112,2.53,76.687828,66.7,65.5,62.8,43.8,63.2,1.3724279,1,01,1995-03-01
87,199504,104970,119189,01-04-1995,01-04-1995,1995,1995,4,04,2,.050000001,1474,23.628345,2.5799999,76.964661,67,65.90000000000001,62.8,44,63.1,1.3786008,1,01,1995-04-01
88,199505,107365,121754,01-05-1995,01-05-1995,1995,1995,5,05,2,.050000001,1518,23.743959,2.6199999,77.64463,67.40000000000001,65.8,63.9,44.3,64.2,1.3868313,1,01,1995-05-01
89,199506,108547,123384,01-06-1995,01-06-1995,1995,1995,6,06,2,.0099999998,1518,23.586781,2.6099999,77.104477,67.40000000000001,66,63.5,44.3,63.9,1.3868313,1,01,1995-06-01
90,199507,108613,123162,01-07-1995,01-07-1995,1995,1995,7,07,3,.050000001,1518,23.024408,2.5799999,75.09655,67.09999999999999,66.09999999999999,63,44.3,63.4,1.3806584,1,01,1995-07-01
91,199508,108330,122786,01-08-1995,01-08-1995,1995,1995,8,08,3,.039999999,2145,23.790895,2.5699999,77.558205,67.40000000000001,66.40000000000001,64.2,44.2,64.5,1.3868313,1,01,1995-08-01
92,199509,108908,123415,01-09-1995,01-09-1995,1995,1995,9,09,3,.050000001,1795,24.251133,2.5799999,78.380287,67.7,67.2,64.3,44.2,64.7,1.3930041,1,01,1995-09-01
93,199510,109153,123492,01-10-1995,01-10-1995,1995,1995,10,10,4,.050000001,2145,24.538851,2.5999999,78.083344,67.59999999999999,67.3,63.4,44.4,63.8,1.3909465,1,01,1995-10-01
94,199511,110420,124808,01-11-1995,01-11-1995,1995,1995,11,11,4,.050000001,2145,24.84927,2.6500001,79.127029,67.59999999999999,67.3,63.4,44.1,63.9,1.3909465,1,01,1995-11-01
95,199512,111222,125879,01-12-1995,01-12-1995,1995,1995,12,12,4,.050000001,2929,25.221436,2.6500001,81.322784,68,67.09999999999999,64.09999999999999,44.2,64.5,1.399177,1,01,1995-12-01
96,199601,119985,135408,01-01-1996,01-01-1996,1996,1996,1,01,1,.050000001,2349,22.95981,2.55,74.627029,67.8,67.3,64.5,45.2,64.90000000000001,1.3950617,1,01,1996-01-01
97,199602,113968,128879,01-02-1996,01-02-1996,1996,1996,2,02,1,.050000001,3575,30.147924,3.49,92.707481,68.09999999999999,68.8,65.09999999999999,45.6,65.59999999999999,1.4012346,1,01,1996-02-01
98,199603,115038,130055,01-03-1996,01-03-1996,1996,1996,3,03,1,.050000001,3575,30.547325,3.49,95.213913,68.40000000000001,69.40000000000001,65.59999999999999,45.7,66.09999999999999,1.4074074,1,01,1996-03-01
99,199604,118115,133400,01-04-1996,01-04-1996,1996,1996,4,04,2,.029999999,3599,31.32481,3.79,95.865005,68.7,69.3,65.59999999999999,46,66.09999999999999,1.4135803,1,01,1996-04-01
100,199605,121452,137447,01-05-1996,01-05-1996,1996,1996,5,05,2,.029999999,3599,31.422953,3.99,96.437187,68.90000000000001,69,66.2,46.2,66.59999999999999,1.4176955,1,01,1996-05-01
101,199606,124177,141075,01-06-1996,01-06-1996,1996,1996,6,06,2,.039999999,3599,31.934982,3.99,97.240929,69,69.2,66.09999999999999,46.3,66.5,1.4197531,1,01,1996-06-01
102,199607,124400,141114,01-07-1996,01-07-1996,1996,1996,7,07,3,.050000001,3059,30.929377,3.99,93.94397,68.59999999999999,69.09999999999999,65.09999999999999,46.4,65.59999999999999,1.4115226,1,01,1996-07-01
103,199608,104973,115650,01-08-1996,01-08-1996,1996,1996,8,08,3,.048999999,3599,32.433514,3.99,98.614326,68.90000000000001,69.2,66,46.3,66.40000000000001,1.4176955,1,01,1996-08-01
104,199609,104522,115367,01-09-1996,01-09-1996,1996,1996,9,09,3,.039999999,3599,33.59716,3.99,100.28498,69.3,69.2,65.2,46.3,65.7,1.425926,1,01,1996-09-01
105,199610,105150,116066,01-10-1996,01-10-1996,1996,1996,10,10,4,.039999999,3599,33.530712,3.99,98.903801,69.3,69.09999999999999,64.59999999999999,46.4,65.09999999999999,1.425926,1,01,1996-10-01
106,199611,104999,115843,01-11-1996,01-11-1996,1996,1996,11,11,4,.039999999,3599,34.344143,3.99,101.42223,69.3,69.09999999999999,64.3,46.2,64.8,1.425926,1,01,1996-11-01
107,199612,107403,118682,01-12-1996,01-12-1996,1996,1996,12,12,4,.039999999,3599,34.378658,3.99,102.51658,69.5,68.90000000000001,64.40000000000001,46.3,64.90000000000001,1.4300412,1,01,1996-12-01
108,199701,104526,115198,01-01-1997,01-01-1997,1997,1997,1,01,1,.050000001,3599,32.863213,3.99,97.937569,69.2,69.09999999999999,64.90000000000001,47.1,65.40000000000001,1.4238683,1,01,1997-01-01
109,199702,101043,111216,01-02-1997,01-02-1997,1997,1997,2,02,1,.050000001,5325,36.47419,3.99,121.7148,69.40000000000001,70.2,64.7,47.5,65.3,1.4279835,1,01,1997-02-01
110,199703,100281,110302,01-03-1997,01-03-1997,1997,1997,3,03,1,.050000001,5325,36.845631,3.99,126.28893,69.5,70.59999999999999,64.2,47.4,64.90000000000001,1.4300412,1,01,1997-03-01
111,199704,103090,113726,01-04-1997,01-04-1997,1997,1997,4,04,2,.050000001,5325,36.590858,4.1900001,121.1137,69.8,71,64.40000000000001,47.8,65.09999999999999,1.436214,1,01,1997-04-01
112,199705,105208,116191,01-05-1997,01-05-1997,1997,1997,5,05,2,.050000001,5725,36.875637,4.2800002,124.44653,70,71.3,64.90000000000001,48,65.59999999999999,1.4403292,1,01,1997-05-01
113,199706,106997,118238,01-06-1997,01-06-1997,1997,1997,6,06,2,.050000001,5725,36.894279,4.29,125.61964,70.2,71.59999999999999,65.5,47.9,66.2,1.4444444,1,01,1997-06-01
114,199707,106391,117317,01-07-1997,01-07-1997,1997,1997,7,07,3,.050000001,4909,35.803753,4.1700001,120.70995,69.90000000000001,71.8,65.09999999999999,48,65.8,1.4382716,1,01,1997-07-01
115,199708,105872,116676,01-08-1997,01-08-1997,1997,1997,8,08,3,.050000001,4909,36.535625,3.99,124.99988,70.3,72,65.3,48.3,66,1.4465021,1,01,1997-08-01
116,199709,106852,117704,01-09-1997,01-09-1997,1997,1997,9,09,3,.050000001,5725,37.40276,4,126.40988,70.59999999999999,72.3,65.09999999999999,48.4,65.90000000000001,1.4526749,1,01,1997-09-01
117,199710,106288,117099,01-10-1997,01-10-1997,1997,1997,10,10,4,.039999999,5137,37.468071,4.1900001,124.02294,70.59999999999999,72.59999999999999,65.09999999999999,48.4,65.90000000000001,1.4526749,1,01,1997-10-01
118,199711,106897,117659,01-11-1997,01-11-1997,1997,1997,11,11,4,.050000001,5725.9902,38.057224,4.25,126.50729,70.59999999999999,71.5,64.90000000000001,48.2,65.59999999999999,1.4526749,1,01,1997-11-01
119,199712,106444,117241,01-12-1997,01-12-1997,1997,1997,12,12,4,.050000001,4877,38.894455,4.25,131.42975,70.7,72,64.90000000000001,48.4,65.59999999999999,1.4547325,1,01,1997-12-01
120,199801,104898,115152,01-01-1998,01-01-1998,1998,1998,1,01,1,.050000001,4877,36.525383,4,120.12585,70.3,72.3,64.8,49.6,65.59999999999999,1.4465021,1,01,1998-01-01
121,199802,93470,103493,01-02-1998,01-02-1998,1998,1998,2,02,1,.050000001,4091,40.598446,4.4899998,130.2545,70.5,74.40000000000001,64.5,50,65.5,1.4506173,1,01,1998-02-01
122,199803,95249,105832,01-03-1998,01-03-1998,1998,1998,3,03,1,.050000001,5139,42.030045,4.5500002,136.73444,70.7,74.8,64.3,50.1,65.40000000000001,1.4547325,1,01,1998-03-01
123,199804,96896,107681,01-04-1998,01-04-1998,1998,1998,4,04,2,.050000001,4973,41.767662,4.75,135.07292,71.09999999999999,74.40000000000001,64.59999999999999,50.5,65.59999999999999,1.462963,1,01,1998-04-01
124,199805,98112,109251,01-05-1998,01-05-1998,1998,1998,5,05,2,.039999999,5365,42.075188,4.9899998,137.90195,71.40000000000001,75.09999999999999,65.59999999999999,50.7,66.59999999999999,1.4691358,1,01,1998-05-01
125,199806,99985,111444,01-06-1998,01-06-1998,1998,1998,6,06,2,.039999999,4857,41.723381,4.9899998,136.08055,71.3,74.8,65.3,50.6,66.3,1.4670782,1,01,1998-06-01
126,199807,98691,109571,01-07-1998,01-07-1998,1998,1998,7,07,3,.039999999,4857,41.113823,4.6100001,134.14003,71,74.40000000000001,65.2,50.7,66.2,1.4609053,1,01,1998-07-01
127,199808,97455,108215,01-08-1998,01-08-1998,1998,1998,8,08,3,.039999999,4493,41.903049,4.4899998,137.84705,71.2,74.5,66,50.8,66.90000000000001,1.4650205,1,01,1998-08-01
128,199809,98390,109148,01-09-1998,01-09-1998,1998,1998,9,09,3,.039999999,4493,42.68993,4.6300001,139.28114,71.5,74.5,65.7,50.8,66.59999999999999,1.4711934,1,01,1998-09-01
129,199810,98100,108530,01-10-1998,01-10-1998,1998,1998,10,10,4,.039999999,4453,42.04628,4.8299999,135.05269,71.5,74.7,65.8,50.9,66.7,1.4711934,1,01,1998-10-01
130,199811,99371,110134,01-11-1998,01-11-1998,1998,1998,11,11,4,.039999999,4453,43.286385,4.9899998,139.68681,71.59999999999999,74.59999999999999,65.59999999999999,50.6,66.59999999999999,1.473251,1,01,1998-11-01
131,199812,99101,109954,01-12-1998,01-12-1998,1998,1998,12,12,4,.039999999,4802,43.947342,4.9899998,145.18944,71.8,73.90000000000001,66.3,51.3,67.09999999999999,1.4773662,1,01,1998-12-01
132,199901,69941,76829,01-01-1999,01-01-1999,1999,1999,1,01,1,.039999999,3857,41.63858,4.8299999,136.77856,71.40000000000001,74.5,66.5,52.3,67.3,1.4691358,1,01,1999-01-01
133,199902,91802,103893,01-02-1999,01-02-1999,1999,1999,2,02,1,.039999999,4793,44.497822,4.5999999,153.34532,71.5,75.3,66.5,52.4,67.40000000000001,1.4711934,1,01,1999-02-01
134,199903,93776,106210,01-03-1999,01-03-1999,1999,1999,3,03,1,.039999999,5297,45.38332,4.9499998,159.53781,71.90000000000001,75.3,66,53.3,67,1.4794239,1,01,1999-03-01
135,199904,95289,107934,01-04-1999,01-04-1999,1999,1999,4,04,2,.039999999,5297,44.550533,4.9899998,153.92847,72.2,74.40000000000001,65.7,53.7,66.59999999999999,1.4855967,1,01,1999-04-01
136,199905,96739,109518,01-05-1999,01-05-1999,1999,1999,5,05,2,.039999999,5297,44.157475,4.9899998,155.95805,72.40000000000001,73.90000000000001,66.2,53.8,67,1.4897119,1,01,1999-05-01
137,199906,98143,110967,01-06-1999,01-06-1999,1999,1999,6,06,2,.0099999998,5297,44.089119,4.9899998,155.80405,72.3,74.2,65.8,54,66.59999999999999,1.4876543,1,01,1999-06-01
138,199907,97541,109979,01-07-1999,01-07-1999,1999,1999,7,07,3,.0099999998,5337,42.802299,4.8299999,148.03253,71.90000000000001,74,65.09999999999999,54.3,66,1.4794239,1,01,1999-07-01
139,199908,95711,107986,01-08-1999,01-08-1999,1999,1999,8,08,3,.0099999998,5337,43.295547,4.5,153.56902,72.09999999999999,73.59999999999999,65,54.5,65.90000000000001,1.4835391,1,01,1999-08-01
140,199909,96163,108310,01-09-1999,01-09-1999,1999,1999,9,09,3,.0099999998,5337,44.433743,4.75,156.69904,72.40000000000001,73.90000000000001,64.8,54.4,65.8,1.4897119,1,01,1999-09-01
141,199910,96264,108626,01-10-1999,01-10-1999,1999,1999,10,10,4,.0099999998,5337,44.909328,4.9899998,154.72273,72.3,73,64.8,54.5,65.7,1.4876543,1,01,1999-10-01
142,199911,96504,108959,01-11-1999,01-11-1999,1999,1999,11,11,4,.0099999998,5337,46.500458,5,163.51083,72.40000000000001,72.90000000000001,65.09999999999999,54.3,65.90000000000001,1.4897119,1,01,1999-11-01
143,199912,98042,110478,01-12-1999,01-12-1999,1999,1999,12,12,4,.0099999998,6277,47.879539,5,171.54726,72.59999999999999,72.5,65.2,54.1,66,1.4938271,1,01,1999-12-01
144,200001,93589,105846,01-01-2000,01-01-2000,2000,2000,1,01,1,.0099999998,4728,44.245262,4.8499999,156.11937,71.90000000000001,72.7,65.2,54.6,66,1.4794239,1,01,2000-01-01
145,200002,89173,99732,01-02-2000,01-02-2000,2000,2000,2,02,1,.0099999998,6410,46.82999,4.9899998,166.32425,72.2,73,65.09999999999999,54.8,65.90000000000001,1.4855967,1,01,2000-02-01
146,200003,92817,103687,01-03-2000,01-03-2000,2000,2000,3,03,1,.0099999998,5177,47.664574,5,169.98216,72.3,73.3,64.5,54.8,65.40000000000001,1.4876543,1,01,2000-03-01
147,200004,94970,106130,01-04-2000,01-04-2000,2000,2000,4,04,2,.0099999998,5497,47.522617,5.4899998,165.17204,72.59999999999999,72.8,64.3,56.6,65.2,1.4938271,1,01,2000-04-01
148,200005,96171,107453,01-05-2000,01-05-2000,2000,2000,5,05,2,.0099999998,5497,47.287643,5.5900002,166.69914,72.8,73.2,65,56.7,65.90000000000001,1.4979423,1,01,2000-05-01
149,200006,95063,106540,01-06-2000,01-06-2000,2000,2000,6,06,2,.0099999998,6013,46.906315,5.1900001,168.6646,72.90000000000001,72.90000000000001,65.3,56.7,66.09999999999999,1.5,1,01,2000-06-01
150,200007,96065,107334,01-07-2000,01-07-2000,2000,2000,7,07,3,.0099999998,5400,46.02367,5.3200002,159.91431,72.5,73,65.90000000000001,56.6,66.59999999999999,1.4917696,1,01,2000-07-01
151,200008,93536,104159,01-08-2000,01-08-2000,2000,2000,8,08,3,.0099999998,5400,46.654121,4.9899998,165.27409,72.5,72.8,65.3,56.8,66.09999999999999,1.4917696,1,01,2000-08-01
152,200009,93827,104363,01-09-2000,01-09-2000,2000,2000,9,09,3,.0099999998,5547,48.22797,4.9899998,171.40846,73.09999999999999,72.8,65.5,57.1,66.3,1.5041152,1,01,2000-09-01
153,200010,94666,105335,01-10-2000,01-10-2000,2000,2000,10,10,4,.0099999998,5547,47.574772,5.1799998,165.44714,73.09999999999999,72.8,65.5,57.1,66.3,1.5041152,1,01,2000-10-01
154,200011,94961,105762,01-11-2000,01-11-2000,2000,2000,11,11,4,.0099999998,5547,48.226822,5.3899999,168.52292,73.2,72.5,65.90000000000001,57,66.7,1.5061729,1,01,2000-11-01
155,200012,95397,106142,01-12-2000,01-12-2000,2000,2000,12,12,4,.0099999998,6013,48.92738,5.3899999,176.13167,73.2,72.40000000000001,66.09999999999999,56.8,66.8,1.5061729,1,01,2000-12-01
156,200101,92481,102504,01-01-2001,01-01-2001,2001,2001,1,01,1,.0099999998,5400,45.776413,4.9899998,161.14641,72.59999999999999,72.7,66.2,57.2,67,1.4938271,1,01,2001-01-01
157,200102,94217,104038,01-02-2001,01-02-2001,2001,2001,2,02,1,.039999999,5400,48.058674,5,166.1713,72.7,73.09999999999999,66.3,57.6,67.09999999999999,1.4958848,1,01,2001-02-01
158,200103,94956,104696,01-03-2001,01-03-2001,2001,2001,3,03,1,.039999999,6347,48.394058,5.2600002,171.74673,73,73.2,67.2,58,67.90000000000001,1.5020577,1,01,2001-03-01
159,200104,95727,105771,01-04-2001,01-04-2001,2001,2001,4,04,2,.039999999,5047,47.931988,5.4000001,167.39464,73.40000000000001,73.40000000000001,67.40000000000001,58.2,68.09999999999999,1.5102881,1,01,2001-04-01
160,200105,97803,108055,01-05-2001,01-05-2001,2001,2001,5,05,2,.039999999,6347,48.15123,5.5,171.12729,74,73.2,69.5,58.1,70,1.5226338,1,01,2001-05-01
161,200106,99256,109596,01-06-2001,01-06-2001,2001,2001,6,06,2,.039999999,6585,48.073078,5.5,174.20523,74.09999999999999,73.7,69.90000000000001,58.2,70.40000000000001,1.5246913,1,01,2001-06-01
162,200107,98343,108549,01-07-2001,01-07-2001,2001,2001,7,07,3,.039999999,5545,46.1567,5,162.73279,73.59999999999999,73,68.40000000000001,58.2,69,1.5144033,1,01,2001-07-01
163,200108,96921,106934,01-08-2001,01-08-2001,2001,2001,8,08,3,.039999999,5881,46.778915,4.9899998,167.23392,73.90000000000001,73.5,68.2,58.3,68.8,1.5205761,1,01,2001-08-01
164,200109,95804,105656,01-09-2001,01-09-2001,2001,2001,9,09,3,.039999999,6605,48.656849,4.9899998,175.63434,74.09999999999999,72.90000000000001,68.09999999999999,58.6,68.7,1.5246913,1,01,2001-09-01
165,200110,96865,106902,01-10-2001,01-10-2001,2001,2001,10,10,4,.039999999,6605,48.754406,5.02,173.49855,73.90000000000001,73,68.2,58.7,68.8,1.5205761,1,01,2001-10-01
166,200111,97541,107581,01-11-2001,01-11-2001,2001,2001,11,11,4,.039999999,6605,49.124512,5.4899998,174.54805,73.8,72.09999999999999,68.2,58.5,68.7,1.5185186,1,01,2001-11-01
167,200112,96829,106644,01-12-2001,01-12-2001,2001,2001,12,12,4,.039999999,6605,49.449257,5.1900001,181.1443,74,72.5,68.59999999999999,58.1,69.09999999999999,1.5226338,1,01,2001-12-01
168,200201,94724,104308,01-01-2002,01-01-2002,2002,2002,1,01,1,.039999999,5605,46.526539,4.9899998,166.50371,73.7,72.7,69.2,58.6,69.7,1.5164609,1,01,2002-01-01
169,200202,92143,102172,01-02-2002,01-02-2002,2002,2002,2,02,1,.039999999,5605,52.388863,5.9499998,180.28459,73.8,73.3,69.09999999999999,58.7,69.59999999999999,1.5185186,1,01,2002-02-01
170,200203,94244,104671,01-03-2002,01-03-2002,2002,2002,3,03,1,.039999999,6797,52.089958,5.98,180.93666,74.09999999999999,73.2,69.3,58.7,69.8,1.5246913,1,01,2002-03-01
171,200204,93898,104217,01-04-2002,01-04-2002,2002,2002,4,04,2,.039999999,5605,50.79026,5.6999998,175.01476,74.40000000000001,73.09999999999999,69.09999999999999,58.8,69.59999999999999,1.5308642,1,01,2002-04-01
172,200205,96040,106651,01-05-2002,01-05-2002,2002,2002,5,05,2,.039999999,6797,51.348896,5.9899998,178.6239,74.59999999999999,73,68.90000000000001,59.3,69.40000000000001,1.5349795,1,01,2002-05-01
173,200206,96371,106955,01-06-2002,01-06-2002,2002,2002,6,06,2,.039999999,6220,50.763721,5.9899998,177.44557,74.59999999999999,72.90000000000001,68.3,59.2,68.90000000000001,1.5349795,1,01,2002-06-01
174,200207,96134,106605,01-07-2002,01-07-2002,2002,2002,7,07,3,.039999999,5605,49.940159,5.9899998,170.77316,74.40000000000001,72.40000000000001,68.3,59.6,68.8,1.5308642,1,01,2002-07-01
175,200208,94916,104997,01-08-2002,01-08-2002,2002,2002,8,08,3,.039999999,5605,49.869648,5.6700001,173.17314,74.59999999999999,72.59999999999999,68.2,59.4,68.7,1.5349795,1,01,2002-08-01
176,200209,93867,103963,01-09-2002,01-09-2002,2002,2002,9,09,3,.039999999,6797,50.903454,5.8499999,178.81477,74.8,72.59999999999999,68.3,59.7,68.8,1.5390947,1,01,2002-09-01
177,200210,95162,105493,01-10-2002,01-10-2002,2002,2002,10,10,4,.039999999,6297,51.319374,5.9899998,176.79248,74.90000000000001,72.5,68.40000000000001,59.6,69,1.5411522,1,01,2002-10-01
178,200211,95656,106130,01-11-2002,01-11-2002,2002,2002,11,11,4,.039999999,6797,51.818741,5.9899998,179.90569,74.90000000000001,72.40000000000001,68.40000000000001,59.4,68.90000000000001,1.5411522,1,01,2002-11-01
179,200212,95571,106032,01-12-2002,01-12-2002,2002,2002,12,12,4,.039999999,6297,51.869419,5.9699998,183.44572,75.2,72.3,68.40000000000001,59.1,68.90000000000001,1.5473251,1,01,2002-12-01
180,200301,93771,103660,01-01-2003,01-01-2003,2003,2003,1,01,1,.02,5605,49.401287,5.4899998,173.43883,74.7,72.2,68.40000000000001,59.6,68.90000000000001,1.537037,1,01,2003-01-01
181,200302,96121,106569,01-02-2003,01-02-2003,2003,2003,2,02,1,.029999999,9310,52.561821,5,182.26521,75,72.40000000000001,68.90000000000001,59.6,69.3,1.5432099,1,01,2003-02-01
182,200303,96763,107246,01-03-2003,01-03-2003,2003,2003,3,03,1,.029999999,9312,52.81382,5,189.65309,75.3,73.09999999999999,69.09999999999999,59.6,69.59999999999999,1.5493827,1,01,2003-03-01
183,200304,87146,96279,01-04-2003,01-04-2003,2003,2003,4,04,2,.029999999,11471,50.84,4.9899998,187.24873,75.5,73,69.40000000000001,60.3,69.8,1.5534979,1,01,2003-04-01
184,200305,89663,99396,01-05-2003,01-05-2003,2003,2003,5,05,2,.029999999,11471,51.114605,5,189.6329,75.5,73.09999999999999,69.8,60.4,70.2,1.5534979,1,01,2003-05-01
185,200306,90933,100902,01-06-2003,01-06-2003,2003,2003,6,06,2,.029999999,11471,51.184242,5.1500001,190.2617,75.40000000000001,72.90000000000001,69.40000000000001,60.5,69.8,1.5514404,1,01,2003-06-01
186,200307,91238,101269,01-07-2003,01-07-2003,2003,2003,7,07,3,.029999999,11471,50.800964,5.0799999,184.85252,75.3,73,69.40000000000001,60.6,69.8,1.5493827,1,01,2003-07-01
187,200308,90674,100534,01-08-2003,01-08-2003,2003,2003,8,08,3,.029999999,11471,51.652843,5.1900001,187.97054,75.59999999999999,72.59999999999999,69.40000000000001,60.9,69.8,1.5555556,1,01,2003-08-01
188,200309,91398,101448,01-09-2003,01-09-2003,2003,2003,9,09,3,.029999999,11471,53.279346,5.29,196.56749,75.90000000000001,71.8,70.09999999999999,60.8,70.40000000000001,1.5617284,1,01,2003-09-01
189,200310,94171,104513,01-10-2003,01-10-2003,2003,2003,10,10,4,.029999999,11471,53.307899,5.6999998,191.47777,76,72.09999999999999,70.2,60.9,70.5,1.563786,1,01,2003-10-01
190,200311,98437,109068,01-11-2003,01-11-2003,2003,2003,11,11,4,.029999999,9605,52.771854,5.4299998,195.83014,75.90000000000001,72.2,70.5,60.4,70.7,1.5617284,1,01,2003-11-01
191,200312,99322,110012,01-12-2003,01-12-2003,2003,2003,12,12,4,.029999999,9605,52.390427,5.29,190.39787,76.2,72.3,70.7,60.2,70.90000000000001,1.5679013,1,01,2003-12-01
192,200401,97777,107904,01-01-2004,01-01-2004,2004,2004,1,01,1,.029999999,8164.25,50.860241,5,180.38365,75.8,72.09999999999999,70.5,60.6,70.7,1.5596708,1,01,2004-01-01
193,200402,93316,103439,01-02-2004,01-02-2004,2004,2004,2,02,1,.029999999,4847,52.270588,5,179.6756,76,72.5,70.59999999999999,60.6,70.90000000000001,1.563786,1,01,2004-02-01
194,200403,94370,105011,01-03-2004,01-03-2004,2004,2004,3,03,1,.029999999,6187,52.393768,5,182.4481,76.09999999999999,72.3,70.59999999999999,60.7,70.90000000000001,1.5658436,1,01,2004-03-01
195,200404,94905,105509,01-04-2004,01-04-2004,2004,2004,4,04,2,.029999999,6106,52.316437,5,180.60054,76.40000000000001,72.2,70.5,61.5,70.7,1.5720165,1,01,2004-04-01
196,200405,96493,107319,01-05-2004,01-05-2004,2004,2004,5,05,2,.029999999,6187,52.492577,5.3099999,183.79752,76.59999999999999,72.09999999999999,70.7,61.6,70.90000000000001,1.5761317,1,01,2004-05-01
197,200406,96842,107774,01-06-2004,01-06-2004,2004,2004,6,06,2,.029999999,6106,52.83392,5.29,184.6161,76.59999999999999,71.59999999999999,70.2,61.6,70.40000000000001,1.5761317,1,01,2004-06-01
198,200407,96045,106865,01-07-2004,01-07-2004,2004,2004,7,07,3,.029999999,6106,51.615356,5,177.71191,76.40000000000001,71.5,69.59999999999999,61.9,69.90000000000001,1.5720165,1,01,2004-07-01
199,200408,94589,105050,01-08-2004,01-08-2004,2004,2004,8,08,3,.0099999998,11802,52.181374,5,183.35892,76.59999999999999,71.5,69.40000000000001,62,69.7,1.5761317,1,01,2004-08-01
200,200409,93762,104170,01-09-2004,01-09-2004,2004,2004,9,09,3,.029999999,11802,53.006012,5,189.19028,76.7,71.2,69.7,62.2,69.90000000000001,1.5781893,1,01,2004-09-01
201,200410,94784,105471,01-10-2004,01-10-2004,2004,2004,10,10,4,.029999999,11802,53.039833,5,185.70193,76.90000000000001,71.40000000000001,69.8,62.1,70,1.5823045,1,01,2004-10-01
202,200411,95832,106502,01-11-2004,01-11-2004,2004,2004,11,11,4,.029999999,11802,53.277328,5.1900001,187.45901,77,70.90000000000001,70.3,61.8,70.40000000000001,1.5843621,1,01,2004-11-01
203,200412,96017,106782,01-12-2004,01-12-2004,2004,2004,12,12,4,.029999999,6106,54.15461,5,192.71619,77.40000000000001,71,70.7,61.5,70.8,1.5925926,1,01,2004-12-01
204,200501,93582,103613,01-01-2005,01-01-2005,2005,2005,1,01,1,.029999999,6106,50.77124,4.9899998,175.09604,77,71.2,70.90000000000001,62.1,71,1.5843621,1,01,2005-01-01
205,200502,97808,108851,01-02-2005,01-02-2005,2005,2005,2,02,1,.029999999,8500,52.2743,5.4000001,181.7852,77.2,71.59999999999999,71.40000000000001,62.4,71.5,1.5884774,1,01,2005-02-01
206,200503,98118,109174,01-03-2005,01-03-2005,2005,2005,3,03,1,.02,8500,53.307178,5.4899998,189.39549,77.5,71.5,72.09999999999999,62,72.09999999999999,1.5946501,1,01,2005-03-01
207,200504,100590,112133,01-04-2005,01-04-2005,2005,2005,4,04,2,.02,8500,51.945477,5.2600002,190.72438,77.8,71.3,71.40000000000001,62.8,71.40000000000001,1.600823,1,01,2005-04-01
208,200505,93864,111815,01-05-2005,01-05-2005,2005,2005,5,05,2,.02,2817,43.944851,4.9899998,147.01624,78.09999999999999,71.59999999999999,71.90000000000001,63,71.90000000000001,1.6069959,1,01,2005-05-01
209,200506,102054,114133,01-06-2005,01-06-2005,2005,2005,6,06,2,.02,8500,53.473415,5.3099999,200.0665,78.09999999999999,71.2,72,63.1,71.90000000000001,1.6069959,1,01,2005-06-01
210,200507,100927,112702,01-07-2005,01-07-2005,2005,2005,7,07,3,.02,8500,52.498123,5.04,195.48666,78.2,72.2,70.90000000000001,63.2,71.09999999999999,1.6090535,1,01,2005-07-01
211,200508,100298,111794,01-08-2005,01-08-2005,2005,2005,8,08,3,.02,8500,51.728233,5,195.18924,78.40000000000001,72.3,71.09999999999999,63.2,71.2,1.6131687,1,01,2005-08-01
212,200509,99942,111426,01-09-2005,01-09-2005,2005,2005,9,09,3,.02,8500,52.879871,5,204.09871,78.59999999999999,71.7,71.2,63.1,71.3,1.6172839,1,01,2005-09-01
213,200510,97187,108500,01-10-2005,01-10-2005,2005,2005,10,10,4,.02,8500,54.108696,5,207.84534,78.7,71.59999999999999,71,63.3,71.09999999999999,1.6193416,1,01,2005-10-01
214,200511,93719,104534,01-11-2005,01-11-2005,2005,2005,11,11,4,.02,8500,56.334938,5,216.89865,78.7,71.7,71.5,63.3,71.59999999999999,1.6193416,1,01,2005-11-01
215,200512,97823,109077,01-12-2005,01-12-2005,2005,2005,12,12,4,.02,8500,55.892677,5.0300002,219.71426,78.90000000000001,72.40000000000001,71.90000000000001,63,72,1.6234568,1,01,2005-12-01
216,200601,94092,104610,01-01-2006,01-01-2006,2006,2006,1,01,1,.02,6538,51.19416,4.9899998,200.40038,78.5,72.5,71.59999999999999,63.5,71.8,1.6152264,1,01,2006-01-01
217,200602,87272,100465,01-02-2006,01-02-2006,2006,2006,2,02,1,.029999999,9340,57.753159,4.9899998,230.11571,78.8,73.09999999999999,72.09999999999999,63.4,72.2,1.6213992,1,01,2006-02-01
218,200603,90067,103882,01-03-2006,01-03-2006,2006,2006,3,03,1,.029999999,9340,60.457249,5.0500002,239.31497,78.90000000000001,72.59999999999999,71.59999999999999,63.6,71.8,1.6234568,1,01,2006-03-01
219,200604,92497,107567,01-04-2006,01-04-2006,2006,2006,4,04,2,.029999999,9340,60.259239,5.5,233.57321,79.40000000000001,73.2,71.40000000000001,64.3,71.7,1.6337448,1,01,2006-04-01
220,200605,93905,109228,01-05-2006,01-05-2006,2006,2006,5,05,2,.029999999,9340,61.718727,5.5999999,236.49046,79.90000000000001,74.2,72.40000000000001,64.40000000000001,72.7,1.644033,1,01,2006-05-01
221,200606,94692,110194,01-06-2006,01-06-2006,2006,2006,6,06,2,.029999999,9340,62.469814,5.71,241.44238,80.09999999999999,74.5,73,65.09999999999999,73.2,1.6481482,1,01,2006-06-01
222,200607,92280,107021,01-07-2006,01-07-2006,2006,2006,7,07,3,.029999999,6545,60.504192,5.5,233.07146,80,74.40000000000001,73.2,65,73.3,1.6460905,1,01,2006-07-01
223,200608,92556,105147,01-08-2006,01-08-2006,2006,2006,8,08,3,.029999999,6565,59.043312,5,229.38965,80.40000000000001,74.8,73.5,65.3,73.7,1.654321,1,01,2006-08-01
224,200609,92905,105598,01-09-2006,01-09-2006,2006,2006,9,09,3,.029999999,6785,60.289684,5.0900002,234.83827,80.5,75.90000000000001,73.8,65.2,74.09999999999999,1.6563786,1,01,2006-09-01
225,200610,93549,106345,01-10-2006,01-10-2006,2006,2006,10,10,4,.029999999,6785,60.05843,5.25,232.14519,80.59999999999999,76.2,74.2,65.3,74.5,1.6584362,1,01,2006-10-01
226,200611,94144,107067,01-11-2006,01-11-2006,2006,2006,11,11,4,.029999999,6825,60.824852,5.4000001,235.77849,80.8,75.8,75,65,75.2,1.6625514,1,01,2006-11-01
227,200612,94828,107974,01-12-2006,01-12-2006,2006,2006,12,12,4,.029999999,8091,61.754951,5.3600001,242.69312,81.3,76.2,75.2,64.8,75.3,1.6728395,1,01,2006-12-01
228,200701,83709,94734,01-01-2007,01-01-2007,2007,2007,1,01,1,.029999999,6106,49.868057,4.6799998,192.16917,80.59999999999999,75.2,74.5,65.7,74.59999999999999,1.6584362,1,01,2007-01-01
229,200702,84002,94993,01-02-2007,01-02-2007,2007,2007,2,02,1,.059999999,6910,51.523556,4.5,194.01767,81,76.7,75.09999999999999,66.09999999999999,75.40000000000001,1.6666666,1,01,2007-02-01
230,200703,88406,99770,01-03-2007,01-03-2007,2007,2007,3,03,1,.07,7450,55.531998,4.8299999,215.83664,81.40000000000001,77,75.59999999999999,66.40000000000001,75.8,1.6748971,1,01,2007-03-01
231,200704,89661,101168,01-04-2007,01-04-2007,2007,2007,4,04,2,.029999999,7450,55.126839,4.98,210.73395,81.59999999999999,77.40000000000001,75.7,67.3,76,1.6790123,1,01,2007-04-01
232,200705,91046,102992,01-05-2007,01-05-2007,2007,2007,5,05,2,.029999999,7450,56.962868,4.9899998,218.77072,81.8,78.3,76,67.09999999999999,76.3,1.6831275,1,01,2007-05-01
233,200706,92252,104456,01-06-2007,01-06-2007,2007,2007,6,06,2,.029999999,9950,58.837074,5,229.93404,82,78.09999999999999,76.5,67.3,76.7,1.6872427,1,01,2007-06-01
234,200707,91660,103584,01-07-2007,01-07-2007,2007,2007,7,07,3,.029999999,9950,57.079357,4.9899998,218.56995,81.5,78.2,75,67.2,75.40000000000001,1.6769547,1,01,2007-07-01
235,200708,91314,103198,01-08-2007,01-08-2007,2007,2007,8,08,3,.029999999,9950,57.560268,4.9899998,217.54593,81.8,78.2,75.5,67.3,75.90000000000001,1.6831275,1,01,2007-08-01
236,200709,91723,103769,01-09-2007,01-09-2007,2007,2007,9,09,3,.029999999,9950,58.990997,5,225.85422,81.90000000000001,78.09999999999999,76.59999999999999,67.40000000000001,76.8,1.6851852,1,01,2007-09-01
237,200710,93086,105114,01-10-2007,01-10-2007,2007,2007,10,10,4,.02,9950,58.939091,5,223.97655,82.3,77.90000000000001,78,67.09999999999999,78,1.6934156,1,01,2007-10-01
238,200711,95019,107436,01-11-2007,01-11-2007,2007,2007,11,11,4,.02,9950,59.608009,5.1900001,228.14169,82.5,77.59999999999999,78.90000000000001,66.90000000000001,78.7,1.6975309,1,01,2007-11-01
239,200712,95065,107286,01-12-2007,01-12-2007,2007,2007,12,12,4,.02,9950,61.302155,5.27,232.15694,83,77.59999999999999,79.59999999999999,66.5,79.40000000000001,1.707819,1,01,2007-12-01
240,200801,91277,102691,01-01-2008,01-01-2008,2008,2008,1,01,1,.029999999,9950,57.510262,4.9899998,218.02036,82.40000000000001,77.3,79.40000000000001,67.2,79.2,1.6954732,1,01,2008-01-01
241,200802,89799,100511,01-02-2008,01-02-2008,2008,2008,2,02,1,.029999999,9950,61.203434,5,225.57942,83,78.7,79.7,68,79.59999999999999,1.707819,1,01,2008-02-01
242,200803,93569,105118,01-03-2008,01-03-2008,2008,2008,3,03,1,.029999999,9950,62.25856,5,232.16443,83.40000000000001,79,80,68,79.90000000000001,1.7160494,1,01,2008-03-01
243,200804,89128,99887,01-04-2008,01-04-2008,2008,2008,4,04,2,.029999999,9950,60.124866,5,224.04306,84,79.09999999999999,81.2,70.09999999999999,80.90000000000001,1.7283951,1,01,2008-04-01
244,200805,89685,100583,01-05-2008,01-05-2008,2008,2008,5,05,2,.029999999,9950,61.675156,5,229.87639,84.59999999999999,79.59999999999999,82.59999999999999,70.40000000000001,82.3,1.7407408,1,01,2008-05-01
245,200806,90481,101446,01-06-2008,01-06-2008,2008,2008,6,06,2,.029999999,9950,63.697212,5,242.01047,85.2,79.59999999999999,84.59999999999999,70.40000000000001,84,1.7530864,1,01,2008-06-01
246,200807,91029,102214,01-07-2008,01-07-2008,2008,2008,7,07,3,.029999999,9950,60.986855,5,227.86609,85.09999999999999,80.3,85.3,70.09999999999999,84.7,1.7510288,1,01,2008-07-01
247,200808,91318,102314,01-08-2008,01-08-2008,2008,2008,8,08,3,.029999999,9950,61.465427,5,228.72289,85.7,80.8,86.5,70.3,85.8,1.7633744,1,01,2008-08-01
248,200809,91790,102828,01-09-2008,01-09-2008,2008,2008,9,09,3,.029999999,9950,62.003986,5,232.16281,86.09999999999999,79.40000000000001,86.3,70.2,85.5,1.7716049,1,01,2008-09-01
249,200810,92842,103994,01-10-2008,01-10-2008,2008,2008,10,10,4,.029999999,9950,61.974426,5.0999999,232.01984,85.90000000000001,79.90000000000001,86.7,70.09999999999999,85.90000000000001,1.7674897,1,01,2008-10-01
250,200811,93430,104756,01-11-2008,01-11-2008,2008,2008,11,11,4,.029999999,9950,62.836426,5.4200001,237.82643,85.8,80.2,88.09999999999999,69.5,87.09999999999999,1.7654321,1,01,2008-11-01
251,200812,91232,101854,01-12-2008,01-12-2008,2008,2008,12,12,4,.029999999,9738.2998,63.548832,5.2600002,243.7877,85.5,79.90000000000001,88.8,69.40000000000001,87.7,1.7592592,1,01,2008-12-01
252,200901,88284,98184,01-01-2009,01-01-2009,2009,2009,1,01,1,.029999999,9738.2998,58.864304,4.9899998,222.89767,84.90000000000001,80.09999999999999,88.3,70.8,87.3,1.7469136,1,01,2009-01-01
253,200902,82612,91764,01-02-2009,01-02-2009,2009,2009,2,02,1,.029999999,9950,61.393509,4.8499999,237.34436,85.59999999999999,82.09999999999999,89.59999999999999,71.8,88.7,1.7613169,1,01,2009-02-01
254,200903,87244,97144,01-03-2009,01-03-2009,2009,2009,3,03,1,.029999999,7800,62.610962,4.98,242.19933,85.8,83.2,89,72,88.3,1.7654321,1,01,2009-03-01
255,200904,89131,99211,01-04-2009,01-04-2009,2009,2009,4,04,2,.029999999,8720,62.126259,5,235.7213,86,82.5,88.59999999999999,72.09999999999999,87.90000000000001,1.7695473,1,01,2009-04-01
256,200905,89977,100141,01-05-2009,01-05-2009,2009,2009,5,05,2,.029999999,8534.4697,63.710007,5,243.23509,86.40000000000001,82.59999999999999,89.59999999999999,73.2,88.7,1.7777778,1,01,2009-05-01
257,200906,89924,99984,01-06-2009,01-06-2009,2009,2009,6,06,2,.029999999,8534.4697,64.262901,5,247.08362,86.7,83.3,89.3,72.7,88.5,1.7839506,1,01,2009-06-01
258,200907,90302,100430,01-07-2009,01-07-2009,2009,2009,7,07,3,.029999999,8720,62.190941,5,234.31598,86.7,83.8,88.8,72.90000000000001,88.2,1.7839506,1,01,2009-07-01
259,200908,90908,101010,01-08-2009,01-08-2009,2009,2009,8,08,3,.029999999,8720,62.81274,5,236.30699,87,84,88.09999999999999,73.2,87.59999999999999,1.7901235,1,01,2009-08-01
260,200909,91787,102020,01-09-2009,01-09-2009,2009,2009,9,09,3,.029999999,8000,64.281311,5,242.69769,87.09999999999999,83.3,87.3,73.2,86.8,1.792181,1,01,2009-09-01
261,200910,92689,102962,01-10-2009,01-10-2009,2009,2009,10,10,4,.029999999,8000,64.014481,5.0900002,237.67519,87.2,84.2,88.2,73.09999999999999,87.7,1.7942387,1,01,2009-10-01
262,200911,93969,104223,01-11-2009,01-11-2009,2009,2009,11,11,4,.029999999,8000,65.708435,5.5,247.64761,87.5,82.5,89,72.59999999999999,88.2,1.8004116,1,01,2009-11-01
263,200912,94906,105319,01-12-2009,01-12-2009,2009,2009,12,12,4,.029999999,6950,66.967537,5.5,255.85683,88,84.09999999999999,89.8,72.5,89.09999999999999,1.8106996,1,01,2009-12-01
264,201001,93490,101545,01-01-2010,01-01-2010,2010,2010,1,01,1,.029999999,6950,55.870094,5.0999999,222.73523,87.8,84.5,89.5,75.2,88.90000000000001,1.8065844,1,01,2010-01-01
265,201002,89594,97889,01-02-2010,01-02-2010,2010,2010,2,02,1,.029999999,9499,63.800529,5.3400002,239.84802,88.2,86,90.40000000000001,74.90000000000001,89.90000000000001,1.8148148,1,01,2010-02-01
266,201003,93278,102189,01-03-2010,01-03-2010,2010,2010,3,03,1,.029999999,9499,65.227867,5.4499998,246.99211,88.7,86.8,90.59999999999999,75.5,90.09999999999999,1.8251029,1,01,2010-03-01
267,201004,95313,104566,01-04-2010,01-04-2010,2010,2010,4,04,2,.029999999,9499,63.732819,5.5,239.78085,89.2,86.90000000000001,90.90000000000001,77.09999999999999,90.40000000000001,1.8353909,1,01,2010-04-01
268,201005,96310,105655,01-05-2010,01-05-2010,2010,2010,5,05,2,.029999999,9499,64.34185,5.75,240.10684,89.40000000000001,87.8,90.59999999999999,77,90.3,1.8395061,1,01,2010-05-01
269,201006,97014,106532,01-06-2010,01-06-2010,2010,2010,6,06,2,.02,9499,65.995773,5.75,251.29182,89.5,86,90.8,76.7,90.2,1.8415638,1,01,2010-06-01
270,201007,97588,107229,01-07-2010,01-07-2010,2010,2010,7,07,3,.02,9499,63.922768,5.75,238.48349,89.3,88.7,91.5,76.7,91.09999999999999,1.8374486,1,01,2010-07-01
271,201008,98523,108091,01-08-2010,01-08-2010,2010,2010,8,08,3,.02,9499,64.97953,5.75,242.46358,89.8,88.90000000000001,91.59999999999999,76.59999999999999,91.2,1.8477366,1,01,2010-08-01
272,201009,98800,108500,01-09-2010,01-09-2010,2010,2010,9,09,3,.02,7399,66.222809,5.9000001,246.25374,89.8,89.2,91.59999999999999,77,91.3,1.8477366,1,01,2010-09-01
273,201010,99579,109466,01-10-2010,01-10-2010,2010,2010,10,10,4,.02,6400,65.84993,5.9899998,241.23798,90,89.90000000000001,91.90000000000001,77.7,91.7,1.8518518,1,01,2010-10-01
274,201011,99991,109784,01-11-2010,01-11-2010,2010,2010,11,11,4,.02,7499,67.840004,6,252.92343,90.3,90.90000000000001,93.40000000000001,77.40000000000001,93.09999999999999,1.8580247,1,01,2010-11-01
275,201012,100434,110303,01-12-2010,01-12-2010,2010,2010,12,12,4,.02,7499,67.926346,6,254.71217,91.2,91.8,94.90000000000001,76.7,94.59999999999999,1.8765432,1,01,2010-12-01
276,201101,98404,107592,01-01-2011,01-01-2011,2011,2011,1,01,1,.02,7499,58.168495,5.9200001,228.10628,91.3,93.90000000000001,94.59999999999999,80.2,94.5,1.8786008,1,01,2011-01-01
277,201102,97806,107243,01-02-2011,01-02-2011,2011,2011,2,02,1,.02,7499,65.885254,6.0999999,244.30597,92,94.90000000000001,95.59999999999999,79.40000000000001,95.5,1.8930041,1,01,2011-02-01
278,201103,101519,111703,01-03-2011,01-03-2011,2011,2011,3,03,1,.02,8520,67.154068,6,251.21771,92.2,94.40000000000001,94.2,79.8,94.2,1.8971193,1,01,2011-03-01
279,201104,100047,110135,01-04-2011,01-04-2011,2011,2011,4,04,2,.02,8520,65.650925,6.1100001,245.87975,93.2,95,94.2,84,94.3,1.9176955,1,01,2011-04-01
280,201105,100749,110905,01-05-2011,01-05-2011,2011,2011,5,05,2,.02,8520,66.364624,6.3200002,250.73137,93.40000000000001,96,95.5,84.5,95.5,1.9218107,1,01,2011-05-01
281,201106,100798,110923,01-06-2011,01-06-2011,2011,2011,6,06,2,.02,8520,67.656349,6.3600001,256.05173,93.3,94.90000000000001,96.7,84,96.5,1.9197531,1,01,2011-06-01
282,201107,100855,110938,01-07-2011,01-07-2011,2011,2011,7,07,3,.02,8520,65.11528,6.25,243.27296,93.3,96.09999999999999,96.8,84.59999999999999,96.7,1.9197531,1,01,2011-07-01
283,201108,101501,111624,01-08-2011,01-08-2011,2011,2011,8,08,3,.0099999998,8520,65.965141,6.29,249.36319,93.8,97.7,96.7,84.09999999999999,96.90000000000001,1.9300412,1,01,2011-08-01
284,201109,102268,112468,01-09-2011,01-09-2011,2011,2011,9,09,3,.0099999998,8520,67.654129,6.4499998,253.58218,94.40000000000001,97.2,97,84.7,97.09999999999999,1.9423869,1,01,2011-09-01
285,201110,102578,112689,01-10-2011,01-10-2011,2011,2011,10,10,4,.02,8520,67.227493,6.4899998,248.94667,94.5,96.3,96.2,84.7,96.2,1.9444444,1,01,2011-10-01
286,201111,102560,112558,01-11-2011,01-11-2011,2011,2011,11,11,4,.02,8520,68.290886,6.6999998,253.86864,94.59999999999999,96.40000000000001,96.90000000000001,84.90000000000001,96.8,1.9465021,1,01,2011-11-01
287,201112,103538,113770,01-12-2011,01-12-2011,2011,2011,12,12,4,.02,7499,68.677582,6.5300002,254.99353,95.09999999999999,97.2,98.3,83.7,98.09999999999999,1.9567901,1,01,2011-12-01
288,201201,103205,112915,01-01-2012,01-01-2012,2012,2012,1,01,1,.02,7499,59.132908,6.25,230.52829,94.59999999999999,98,97.8,85.2,97.8,1.9465021,1,01,2012-01-01
289,201202,99483,109908,01-02-2012,01-02-2012,2012,2012,2,02,1,.02,7499,67.625412,6.1399999,254.40114,95.09999999999999,100.7,98.7,85.90000000000001,99,1.9567901,1,01,2012-02-01
290,201203,101751,112591,01-03-2012,01-03-2012,2012,2012,3,03,1,.02,8120,68.052567,6,263.42914,95.40000000000001,98.59999999999999,98.5,86.09999999999999,98.5,1.962963,1,01,2012-03-01
291,201204,100970,111722,01-04-2012,01-04-2012,2012,2012,4,04,2,.02,7499,65.136452,6,251.79144,96,99.7,98.2,88.59999999999999,98.40000000000001,1.9753087,1,01,2012-04-01
292,201205,102152,112977,01-05-2012,01-05-2012,2012,2012,5,05,2,.02,8900,66.244339,6.1199999,256.70224,95.90000000000001,98.90000000000001,98.7,88.59999999999999,98.7,1.973251,1,01,2012-05-01
293,201206,102384,113464,01-06-2012,01-06-2012,2012,2012,6,06,2,.02,8800,66.863647,6.1500001,258.81387,95.5,98.8,98.59999999999999,88.09999999999999,98.59999999999999,1.9650205,1,01,2012-06-01
294,201207,102013,112979,01-07-2012,01-07-2012,2012,2012,7,07,3,.02,7499,65.746376,6,252.81046,95.59999999999999,100.9,98.5,88.7,98.8,1.9670782,1,01,2012-07-01
295,201208,102775,113779,01-08-2012,01-08-2012,2012,2012,8,08,3,.02,7686,67.098846,6.23,256.81918,96.09999999999999,100.8,98.7,88.90000000000001,99,1.9773662,1,01,2012-08-01
296,201209,102461,113529,01-09-2012,01-09-2012,2012,2012,9,09,3,.02,7499,68.637291,6.4899998,258.26874,96.5,99.90000000000001,98.90000000000001,89.90000000000001,99,1.9855967,1,01,2012-09-01
297,201210,102379,113193,01-10-2012,01-10-2012,2012,2012,10,10,4,.02,7821,69.340683,6.5,260.01913,97,100,99.40000000000001,90.2,99.5,1.9958848,1,01,2012-10-01
298,201211,101390,112322,01-11-2012,01-11-2012,2012,2012,11,11,4,.02,7909,69.141869,6.5,262.27475,97.2,100.2,100.6,89.7,100.6,2,1,01,2012-11-01
299,201212,101746,112522,01-12-2012,01-12-2012,2012,2012,12,12,4,.02,7909,69.159523,6.5,260.87729,97.59999999999999,99.2,102.2,88.7,101.8,2.0082304,1,01,2012-12-01
300,201301,102148,112470,01-01-2013,01-01-2013,2013,2013,1,01,1,.02,7821,59.581875,6,237.92085,97.09999999999999,100.3,102.1,92.5,101.9,1.9979423,1,01,2013-01-01
301,201302,98408,108915,01-02-2013,01-02-2013,2013,2013,2,02,1,.02,7821,59.950027,6,240.67926,97.8,101.4,102.8,92,102.6,2.0123458,1,01,2013-02-01
302,201303,101085,112073,01-03-2013,01-03-2013,2013,2013,3,03,1,.02,8128,60.556293,6,247.52362,98.09999999999999,101.6,102.2,91.59999999999999,102.2,2.0185184,1,01,2013-03-01
303,201304,101146,111932,01-04-2013,01-04-2013,2013,2013,4,04,2,.02,8128,58.11441,6,238.0464,98.3,100.9,103.1,93.7,102.9,2.0226338,1,01,2013-04-01
304,201305,101513,112460,01-05-2013,01-05-2013,2013,2013,5,05,2,.02,8174,58.93866,6,242.21239,98.5,102.5,103,94.09999999999999,102.9,2.0267489,1,01,2013-05-01
305,201306,102215,113182,01-06-2013,01-06-2013,2013,2013,6,06,2,.02,8174,58.994057,6.2349997,237.78406,98.3,101.8,102.4,93.8,102.4,2.0226338,1,01,2013-06-01
306,201307,99882,110722,01-07-2013,01-07-2013,2013,2013,7,07,3,.02,8174,57.661659,6,235.77734,98.3,101,102.8,94.40000000000001,102.6,2.0226338,1,01,2013-07-01
307,201308,100834,111818,01-08-2013,01-08-2013,2013,2013,8,08,3,.02,8174,58.495785,6,241.31763,98.7,101.1,103.4,94.3,103.1,2.0308642,1,01,2013-08-01
308,201309,100961,111942,01-09-2013,01-09-2013,2013,2013,9,09,3,.029999999,9900,59.435066,6,243.18945,99.09999999999999,100.8,103.6,94.7,103.2,2.0390947,1,01,2013-09-01
309,201310,101536,112357,01-10-2013,01-10-2013,2013,2013,10,10,4,.029999999,9900,58.977577,6,239.75201,99.09999999999999,101.4,103.7,95,103.4,2.0390947,1,01,2013-10-01
310,201311,101103,111887,01-11-2013,01-11-2013,2013,2013,11,11,4,.029999999,9900,60.490768,6.5,245.468,99.2,101.6,103.6,95,103.4,2.0411522,1,01,2013-11-01
311,201312,101986,112786,01-12-2013,01-12-2013,2013,2013,12,12,4,.029999999,9900,61.688175,6.4899998,251.94173,99.59999999999999,99.5,104.3,93.8,103.8,2.0493827,1,01,2013-12-01
312,201401,102604,113219,01-01-2014,01-01-2014,2014,2014,1,01,1,.029999999,9900,59.313713,6.4000001,243.09009,99,101.3,104.3,96.7,103.9,2.0370371,1,01,2014-01-01
313,201402,99007,108434,01-02-2014,01-02-2014,2014,2014,2,02,1,.02,8250,60.408157,6.5,243.47734,99.5,103.1,104.7,95.8,104.5,2.0473251,1,01,2014-02-01
314,201403,101322,111378,01-03-2014,01-03-2014,2014,2014,3,03,1,.02,8250,60.326717,6.5900002,243.19685,99.7,102.1,104.2,96.09999999999999,103.9,2.0514402,1,01,2014-03-01
315,201404,100827,110845,01-04-2014,01-04-2014,2014,2014,4,04,2,.02,8250,57.943092,6.4899998,235.66658,100.1,102.2,103.6,96.90000000000001,103.4,2.0596707,1,01,2014-04-01
316,201405,101639,111915,01-05-2014,01-05-2014,2014,2014,5,05,2,.02,8250,58.80014,6.6999998,238.96455,100,101.5,102.4,98.40000000000001,102.3,2.0576131,1,01,2014-05-01
317,201406,102426,112673,01-06-2014,01-06-2014,2014,2014,6,06,2,.02,8250,59.923931,6.9899998,241.98303,100.2,102.2,102.4,98.40000000000001,102.4,2.0617285,1,01,2014-06-01
318,201407,100391,110263,01-07-2014,01-07-2014,2014,2014,7,07,3,.039999999,7999,57.520794,6.5,232.94475,99.90000000000001,102.1,102.2,97.7,102.2,2.0555556,1,01,2014-07-01
319,201408,101435,111493,01-08-2014,01-08-2014,2014,2014,8,08,3,.039999999,7999,59.062,6.6999998,238.16771,100.2,100.9,102.1,98.7,102,2.0617285,1,01,2014-08-01
320,201409,101720,111704,01-09-2014,01-09-2014,2014,2014,9,09,3,.0099999998,7999,60.129002,6.6599998,242.31529,100.3,100.7,102,99.3,101.8,2.063786,1,01,2014-09-01
321,201410,101021,111105,01-10-2014,01-10-2014,2014,2014,10,10,4,.0099999998,7499,59.446175,6.9499998,237.73871,100.4,100.9,102,100,101.9,2.0658436,1,01,2014-10-01
322,201411,101826,111793,01-11-2014,01-11-2014,2014,2014,11,11,4,.0099999998,7499,59.707596,6.9899998,238.50452,100.1,100.2,101.9,98.8,101.7,2.0596707,1,01,2014-11-01
323,201412,101839,111959,01-12-2014,01-12-2014,2014,2014,12,12,4,.0099999998,7499,60.854969,6.9899998,245.27844,100.1,98.90000000000001,102.4,98.5,102,2.0596707,1,01,2014-12-01
324,201501,102574,112492,01-01-2015,01-01-2015,2015,2015,1,01,1,.0099999998,7499,58.292068,6.9499998,233.97252,99.3,100.4,101.4,99.90000000000001,101.3,2.0432098,1,01,2015-01-01
325,201502,100772,110362,01-02-2015,01-02-2015,2015,2015,2,02,1,.0099999998,7499,59.846516,6.9499998,240.35921,99.5,100.8,101.1,99.5,101,2.0473251,1,01,2015-02-01
326,201503,103445,113759,01-03-2015,01-03-2015,2015,2015,3,03,1,.0099999998,11393.42,60.336025,6.8499999,249.51642,99.7,100.5,100.9,99.3,100.9,2.0514402,1,01,2015-03-01
327,201504,105446,115935,01-04-2015,01-04-2015,2015,2015,4,04,2,.0099999998,11393.02,58.480988,6.79,241.86374,99.90000000000001,100.3,100.5,99.8,100.5,2.0555556,1,01,2015-04-01
328,201505,105571,116093,01-05-2015,01-05-2015,2015,2015,5,05,2,.0099999998,9444.3398,58.105137,6.8000002,241.34636,100.1,99.2,100.6,100.5,100.4,2.0596707,1,01,2015-05-01
329,201506,106113,116584,01-06-2015,01-06-2015,2015,2015,6,06,2,.0099999998,9444.3398,58.959419,6.9499998,245.11641,100.2,100.1,100.2,100.7,100.2,2.0617285,1,01,2015-06-01
330,201507,104641,114886,01-07-2015,01-07-2015,2015,2015,7,07,3,.0099999998,9444.3398,56.717018,6.5,238.18388,100,99.5,99.5,99.59999999999999,99.5,2.0576131,1,01,2015-07-01
331,201508,105498,115736,01-08-2015,01-08-2015,2015,2015,8,08,3,.0099999998,9442,57.887501,6.5,244.92508,100.3,101.1,99.3,100.7,99.5,2.063786,1,01,2015-08-01
332,201509,105114,115298,01-09-2015,01-09-2015,2015,2015,9,09,3,.0099999998,9442,59.612125,6.5,250.06386,100.2,100.2,99.40000000000001,100.7,99.5,2.0617285,1,01,2015-09-01
333,201510,104301,114195,01-10-2015,01-10-2015,2015,2015,10,10,4,.0099999998,9442,58.687634,6.5,242.96996,100.3,100.2,99,100.3,99.09999999999999,2.063786,1,01,2015-10-01
334,201511,104370,114300,01-11-2015,01-11-2015,2015,2015,11,11,4,.0099999998,9442,59.523697,6.8000002,246.21269,100.3,99.7,99.09999999999999,100.1,99.2,2.063786,1,01,2015-11-01
335,201512,104652,114817,01-12-2015,01-12-2015,2015,2015,12,12,4,.0099999998,9442,59.403351,6.9400001,246.97656,100.3,97.90000000000001,99.09999999999999,98.8,99,2.063786,1,01,2015-12-01
336,201601,105332,115217,01-01-2016,01-01-2016,2016,2016,1,01,1,.0099999998,9442,57.416985,6.5700002,240.88115,99.5,99.3,98.5,101.2,98.59999999999999,2.0473251,1,01,2016-01-01
337,201602,102071,111438,01-02-2016,01-02-2016,2016,2016,2,02,1,.0099999998,9442,58.259228,6,243.20622,99.8,99.7,98.59999999999999,100.6,98.8,2.053498,1,01,2016-02-01
338,201603,104840,114522,01-03-2016,01-03-2016,2016,2016,3,03,1,.0099999998,9442,58.218536,6,245.06679,100.2,99.7,97.90000000000001,100.3,98.09999999999999,2.0617285,1,01,2016-03-01
339,201604,106386,116360,01-04-2016,01-04-2016,2016,2016,4,04,2,.0099999998,9442,57.322075,6.25,240.51285,100.2,98.7,97.90000000000001,101.1,98,2.0617285,1,01,2016-04-01
340,201605,106776,116741,01-05-2016,01-05-2016,2016,2016,5,05,2,.0099999998,9442,58.052746,6.25,243.14618,100.4,99.40000000000001,97.40000000000001,101.5,97.59999999999999,2.0658436,1,01,2016-05-01
341,201606,104966,114788,01-06-2016,01-06-2016,2016,2016,6,06,2,.0099999998,9442,57.775517,6.3499999,243.21236,100.6,99.3,96.90000000000001,101.1,97.2,2.0699589,1,01,2016-06-01
342,201607,105231,115033,01-07-2016,01-07-2016,2016,2016,7,07,3,.0099999998,9442,56.791252,6.2800002,238.75516,100.6,97.90000000000001,96.8,101.4,96.90000000000001,2.0699589,1,01,2016-07-01
343,201608,104396,113719,01-08-2016,01-08-2016,2016,2016,8,08,3,.0099999998,7350,58.628681,6,244.89757,100.9,97,97.40000000000001,102.1,97.3,2.0761316,1,01,2016-08-01
344,201609,104976,114318,01-09-2016,01-09-2016,2016,2016,9,09,3,.0099999998,7910,59.017296,6,246.47633,101.1,98.8,97.09999999999999,102.5,97.3,2.0802469,1,01,2016-09-01
345,201610,104817,114629,01-10-2016,01-10-2016,2016,2016,10,10,4,.0099999998,7910,59.400043,6.23,246.2886,101.2,95.59999999999999,96.90000000000001,102.4,96.8,2.0823045,1,01,2016-10-01
346,201611,104836,114503,01-11-2016,01-11-2016,2016,2016,11,11,4,.0099999998,7350,59.662579,6.5300002,246.1969,101.4,95.7,97.40000000000001,101.8,97.2,2.0864198,1,01,2016-11-01
347,201612,105970,115774,01-12-2016,01-12-2016,2016,2016,12,12,4,.0099999998,7910,60.155918,6.5650001,251.28049,101.9,96.3,98.09999999999999,101.3,97.90000000000001,2.0967078,1,01,2016-12-01
348,201701,106099,115625,01-01-2017,01-01-2017,2017,2017,1,01,1,.0099999998,6695,58.657528,6.5,241.11629,101.4,98,98.2,103.6,98.09999999999999,2.0864198,1,01,2017-01-01
349,201702,104334,114063,01-02-2017,01-02-2017,2017,2017,2,02,1,.0099999998,7650,59.608669,6.3000002,244.49142,102.1,98.7,98.90000000000001,103.5,98.90000000000001,2.1008232,1,01,2017-02-01
350,201703,105552,115516,01-03-2017,01-03-2017,2017,2017,3,03,1,.0099999998,7650,58.597137,6.5999999,247.93773,102.5,97.40000000000001,99.5,105.2,99.3,2.1090536,1,01,2017-03-01
351,201704,106599,116889,01-04-2017,01-04-2017,2017,2017,4,04,2,.0099999998,7650,58.355087,6.9000001,247.27176,102.9,98,99.7,105.6,99.5,2.1172841,1,01,2017-04-01
352,201705,106881,117233,01-05-2017,01-05-2017,2017,2017,5,05,2,.0099999998,7762.7998,58.578468,6.5999999,251.17455,103.3,98.40000000000001,99.8,106.5,99.59999999999999,2.1255145,1,01,2017-05-01
353,201706,107050,117390,01-06-2017,01-06-2017,2017,2017,6,06,2,.0099999998,7250,59.261543,6.6700001,253.41859,103.3,99,99.5,106.3,99.40000000000001,2.1255145,1,01,2017-06-01
354,201707,107347,117692,01-07-2017,01-07-2017,2017,2017,7,07,3,.0099999998,7762.7998,58.219109,6.6700001,247.64746,103.2,98.2,99.5,106.6,99.40000000000001,2.1234567,1,01,2017-07-01
355,201708,106813,117018,01-08-2017,01-08-2017,2017,2017,8,08,3,.0099999998,8548.7998,59.164146,6.79,252.93596,103.8,97.90000000000001,99.59999999999999,106.7,99.40000000000001,2.1358025,1,01,2017-08-01
356,201709,106873,117013,01-09-2017,01-09-2017,2017,2017,9,09,3,.0099999998,8548.7998,59.419037,6.9899998,253.9343,104.1,98.59999999999999,100.4,106.9,100.2,2.1419754,1,01,2017-09-01
357,201710,106528,116488,01-10-2017,01-10-2017,2017,2017,10,10,4,.0099999998,8548.7998,59.134274,6.9899998,248.82509,104.2,97.7,101,106.8,100.6,2.144033,1,01,2017-10-01
358,201711,106235,116285,01-11-2017,01-11-2017,2017,2017,11,11,4,.0099999998,6949,59.541351,7,250.41626,104.6,97.40000000000001,101.6,106.4,101.1,2.1522634,1,01,2017-11-01
359,201712,106999,117146,01-12-2017,01-12-2017,2017,2017,12,12,4,.0099999998,8548.7998,59.348846,6.9400001,253.3688,104.9,99.2,102.1,107,101.8,2.1584363,1,01,2017-12-01
360,201801,106492,116458,01-01-2018,01-01-2018,2018,2018,1,01,1,.0099999998,6385,57.496124,6.9899998,238.16277,104.4,99.3,102,109.4,101.7,2.1481481,1,01,2018-01-01
361,201802,110630,122581,01-02-2018,01-02-2018,2018,2018,2,02,1,.0099999998,9895,55.621681,5.5900002,241.06248,104.9,99.3,102.2,109.4,101.9,2.1584363,1,01,2018-02-01
362,201803,112668,125211,01-03-2018,01-03-2018,2018,2018,3,03,1,.0099999998,10250,56.09145,5.5,250.54039,105,101.1,102.4,108.9,102.3,2.1604939,1,01,2018-03-01
363,201804,113503,126219,01-04-2018,01-04-2018,2018,2018,4,04,2,.0099999998,9995,55.187119,5.5,244.10699,105.4,103.3,102,109.8,102.1,2.1687243,1,01,2018-04-01
364,201805,114058,126941,01-05-2018,01-05-2018,2018,2018,5,05,2,.0099999998,9995,54.709789,5.5500002,239.76485,105.8,102.7,101.8,110.8,101.9,2.1769547,1,01,2018-05-01
365,201806,113900,126695,01-06-2018,01-06-2018,2018,2018,6,06,2,.0099999998,9995,55.152313,5.5,245.81134,105.8,103.1,101.2,110.6,101.4,2.1769547,1,01,2018-06-01
366,201807,111859,124520,01-07-2018,01-07-2018,2018,2018,7,07,3,.0099999998,9940,53.956867,5.25,237.99525,105.8,103.5,101.4,110.3,101.7,2.1769547,1,01,2018-07-01
367,201808,111364,124079,01-08-2018,01-08-2018,2018,2018,8,08,3,.0099999998,9995,54.806622,5.1999998,240.85715,106.5,103.1,101.7,111.1,101.9,2.1913581,1,01,2018-08-01
368,201809,111562,124265,01-09-2018,01-09-2018,2018,2018,9,09,3,.0099999998,9995,55.848759,5.3499999,242.84171,106.6,103.3,101.5,111.2,101.7,2.1934156,1,01,2018-09-01
369,201810,111414,124191,01-10-2018,01-10-2018,2018,2018,10,10,4,.0099999998,9995,55.276524,5.4400001,237.24176,106.7,101.8,101.4,111.1,101.5,2.1954732,1,01,2018-10-01
370,201811,110779,123289,01-11-2018,01-11-2018,2018,2018,11,11,4,.0099999998,9995,54.852749,5.5,235.89397,107,101.1,101.7,112.5,101.6,2.2016461,1,01,2018-11-01
371,201812,112629,125381,01-12-2018,01-12-2018,2018,2018,12,12,4,.0099999998,9995,55.853958,5.0700002,237.93695,107.1,102.6,102.5,111.3,102.5,2.2037036,1,01,2018-12-01
372,201901,112940,125531,01-01-2019,01-01-2019,2019,2019,1,01,1,.0099999998,9995,54.36729,5,231.92499,106.3,103.6,102.5,114,102.6,2.1872427,1,01,2019-01-01
373,201902,111802,124018,01-02-2019,01-02-2019,2019,2019,2,02,1,.0099999998,9995,55.089504,5,229.06944,106.8,103.8,102.9,115,103,2.1975307,1,01,2019-02-01
374,201903,115036,127885,01-03-2019,01-03-2019,2019,2019,3,03,1,.0099999998,9995,54.429451,5,227.57758,107,105.4,102.8,114.6,103.1,2.2016461,1,01,2019-03-01
375,201904,115760,128853,01-04-2019,01-04-2019,2019,2019,4,04,2,.0099999998,20000,53.166508,5,230.23682,107.6,105.5,102.5,114.1,102.8,2.2139919,1,01,2019-04-01
376,201905,115659,128682,01-05-2019,01-05-2019,2019,2019,5,05,2,.0099999998,20000,54.11227,5.0999999,234.4845,107.9,105.3,102.6,114.4,102.9,2.2201645,1,01,2019-05-01
377,201906,116166,129075,01-06-2019,01-06-2019,2019,2019,6,06,2,.0099999998,20000,54.147236,5.25,232.96967,107.9,106,102.7,114.7,103.1,2.2201645,1,01,2019-06-01
378,201907,115859,128486,01-07-2019,01-07-2019,2019,2019,7,07,3,.0099999998,20000,53.096691,5,228.86711,107.9,105.8,102.8,114.5,103.1,2.2201645,1,01,2019-07-01
379,201908,114965,127479,01-08-2019,01-08-2019,2019,2019,8,08,3,.0099999998,20895,54.126183,5.0700002,239.98735,108.4,106,103.4,114.7,103.7,2.2304528,1,01,2019-08-01
380,201909,115228,127702,01-09-2019,01-09-2019,2019,2019,9,09,3,.0099999998,20895,54.627354,5.1999998,241.51286,108.5,106.4,103.1,114.5,103.5,2.2325103,1,01,2019-09-01
381,201910,114919,127514,01-10-2019,01-10-2019,2019,2019,10,10,4,.0099999998,20895,54.351311,5.25,238.87999,108.3,106.1,102.4,114.9,102.8,2.228395,1,01,2019-10-01
382,201911,115351,127910,01-11-2019,01-11-2019,2019,2019,11,11,4,.0099999998,20895,54.966938,5.4000001,241.32027,108.5,105.7,103.5,114.7,103.7,2.2325103,1,01,2019-11-01
383,201912,115080,127767,01-12-2019,01-12-2019,2019,2019,12,12,4,.0099999998,20895,54.955811,5.3000002,242.84743,108.5,106.9,103.9,113.1,104.3,2.2325103,1,01,2019-12-01
384,202001,115277,127661,01-01-2020,01-01-2020,2020,2020,1,01,1,.0099999998,20895,53.399502,5.1999998,237.36432,108.2,107.3,103.7,115.7,104.1,2.2263374,1,01,2020-01-01
385,202002,113978,126570,01-02-2020,01-02-2020,2020,2020,2,02,1,.0099999998,20895,55.087742,5,251.03246,108.6,107.8,103.8,115.8,104.3,2.2345679,1,01,2020-02-01
386,202003,107287,118933,01-03-2020,01-03-2020,2020,2020,3,03,1,.0099999998,20895,57.355175,5.9499998,249.7551,108.6,108.4,103.9,116.2,104.5,2.2345679,1,01,2020-03-01
387,202004,71314,74251,01-04-2020,01-04-2020,2020,2020,4,04,2,.050000001,8000,55.442631,7.5,241.54082,108.5,107.1,103.8,117,104.2,2.2325103,1,01,2020-04-01
388,202005,81412,85259,01-05-2020,01-05-2020,2020,2020,5,05,2,.050000001,7120,49.960323,6.9899998,218.37697,108.5,108.5,104.3,117.4,104.8,2.2325103,1,01,2020-05-01
389,202006,88781,94010,01-06-2020,01-06-2020,2020,2020,6,06,2,.050000001,8000,56.41061,7,228.18298,108.6,107.9,103.7,117.1,104.2,2.2345679,1,01,2020-06-01
390,202007,95567,102371,01-07-2020,01-07-2020,2020,2020,7,07,3,.0099999998,8000,51.786655,6.4899998,214.96138,109.1,107.8,103.4,117.5,103.9,2.2448559,1,01,2020-07-01
391,202008,103111,112987,01-08-2020,01-08-2020,2020,2020,8,08,3,.0099999998,20895,48.972511,5,218.72723,108.6,107.1,103.7,116.9,104.1,2.2345679,1,01,2020-08-01
392,202009,105563,116062,01-09-2020,01-09-2020,2020,2020,9,09,3,.0099999998,20895,49.471275,5,222.68423,109.1,107.5,102.8,117,103.4,2.2448559,1,01,2020-09-01
393,202010,106203,116826,01-10-2020,01-10-2020,2020,2020,10,10,4,.0099999998,20895,51.150032,5.0999999,225.63997,109.1,107.3,102.9,117.2,103.4,2.2448559,1,01,2020-10-01
394,202011,78419,82553,01-11-2020,01-11-2020,2020,2020,11,11,4,.0099999998,20895,60.499332,7.9899998,249.13101,108.9,105,102.9,117,103.1,2.2407408,1,01,2020-11-01
395,202012,88779,94790,01-12-2020,01-12-2020,2020,2020,12,12,4,.0099999998,20895,61.236958,7.9899998,250.66441,109.2,106.8,102.3,117.1,102.8,2.2469137,1,01,2020-12-01
396,202101,89010,94079,,,2021,,1,,1,.050000001,8500,57.022972,6.9899998,233.4975,,,,,,,,,
397,202102,90389,98049,,,2021,,2,,1,.050000001,8500,55.229721,6.9899998,230.8278,,,,,,,,,
398,202103,92610,100972,,,2021,,3,,1,.050000001,8500,54.238834,6.5500002,229.17612,,,,,,,,,
7,198808,0,0,01-08-1988,01-08-1988,1988,1988,8,08,3,,,,,,49.9,48.5,48.7,28,48.7,1.026749,1,01,1988-08-01
13,198902,0,0,01-02-1989,01-02-1989,1989,1989,2,02,1,,,,,,51,49.7,50.2,28.5,50.2,1.0493827,1,01,1989-02-01
