quote_date,item_id,p10,p20,p30,p40,p50,p60,p70,p80,p90,keep,description,name5,date
199002,220107,1.7333333,1.9791666,2.1083333,2.2874999,2.4854167,2.7125001,2.8708334,3.1458333,3.5083332,1,PUB -HOT MEAL,A. Pub Meal,25
199003,220107,1.5666667,1.8416667,1.9916667,2.1416667,2.3583333,2.5916667,2.7750001,3.1166668,3.5875001,1,PUB -HOT MEAL,A. Pub Meal,26
199004,220107,1.4958334,1.85,1.9833333,2.2375,2.425,2.6208334,2.875,3.1583333,3.5975001,1,PUB -HOT MEAL,A. Pub Meal,27
199005,220107,1.5479167,1.8666667,2.0062499,2.3354168,2.4916666,2.6854167,2.9416666,3.2079167,3.6395833,1,PUB -HOT MEAL,A. Pub Meal,28
199006,220107,1.5458333,1.8354167,2.03125,2.2979167,2.4749999,2.6395833,2.9583333,3.2354167,3.6470833,1,PUB -HOT MEAL,A. Pub Meal,29
199007,220107,1.5041666,1.8479166,2.0729167,2.2437501,2.4833333,2.6604166,2.875,3.2095833,3.4541667,1,PUB -HOT MEAL,A. Pub Meal,30
199008,220107,1.5270833,1.8645834,2.1187501,2.2458334,2.5250001,2.66875,2.8812499,3.1979167,3.4749999,1,PUB -HOT MEAL,A. Pub Meal,31
199009,220107,1.5833333,1.8854167,2.1220834,2.3062501,2.4916668,2.65625,2.8583333,3.1604166,3.4770832,1,PUB -HOT MEAL,A. Pub Meal,32
199010,220107,1.5916667,1.9541667,2.1666667,2.3104167,2.5270834,2.7120833,2.9520833,3.2416668,3.55,1,PUB -HOT MEAL,A. Pub Meal,33
199011,220107,1.5791667,1.9125,2.1812501,2.3875,2.5875001,2.7208333,2.9749999,3.2666667,3.5841668,1,PUB -HOT MEAL,A. Pub Meal,34
199012,220107,1.4625,1.9270834,2.1541667,2.3520834,2.5374999,2.7395833,2.9958334,3.2437501,3.5841668,1,PUB -HOT MEAL,A. Pub Meal,35
199101,220107,1.6458333,2.0541666,2.2458334,2.4729166,2.6291666,2.8062501,3.0395834,3.29,3.6229167,1,PUB -HOT MEAL,A. Pub Meal,36
199102,220107,1.7270833,2.0562501,2.2541666,2.4708333,2.6395833,2.7916667,3.0416667,3.2637501,3.5770833,1,PUB -HOT MEAL,A. Pub Meal,37
199103,220107,1.7229166,2.0520833,2.2874999,2.45625,2.6208334,2.8499999,3.1500001,3.3291667,3.7020833,1,PUB -HOT MEAL,A. Pub Meal,38
199104,220107,1.8041667,2.1637499,2.3479166,2.5395832,2.8062501,2.9291666,3.1845834,3.4604166,3.79375,1,PUB -HOT MEAL,A. Pub Meal,39
199105,220107,1.85,2.1937499,2.3941667,2.5729167,2.7874999,2.9645834,3.1791668,3.4708333,3.8491666,1,PUB -HOT MEAL,A. Pub Meal,40
199106,220107,1.8166666,2.1733334,2.415,2.5583334,2.8499999,3,3.2125001,3.4645834,3.8166666,1,PUB -HOT MEAL,A. Pub Meal,41
199107,220107,1.8666667,2.1708333,2.4291668,2.7125001,2.9000001,3.0370834,3.2479167,3.4979167,3.8916667,1,PUB -HOT MEAL,A. Pub Meal,42
199108,220107,1.8458333,2.1916666,2.4604168,2.7083333,2.925,3.1020834,3.2854166,3.5104167,3.99125,1,PUB -HOT MEAL,A. Pub Meal,43
199109,220107,1.8833333,2.2041667,2.4375,2.6520834,2.8625,3.0666666,3.3075001,3.5104167,3.8616667,1,PUB -HOT MEAL,A. Pub Meal,44
199110,220107,1.8916667,2.2020833,2.48125,2.7166667,2.90625,3.0875001,3.2979167,3.5208333,3.865,1,PUB -HOT MEAL,A. Pub Meal,45
199111,220107,1.9020833,2.2125001,2.5041666,2.7016666,2.8895833,3.1041667,3.3125,3.5666666,3.9075,1,PUB -HOT MEAL,A. Pub Meal,46
199112,220107,1.9729166,2.2333333,2.5166667,2.6929166,2.9333334,3.1395833,3.3187499,3.5999999,3.9458332,1,PUB -HOT MEAL,A. Pub Meal,47
199201,220107,1.95,2.2520833,2.4958334,2.7229166,2.9166667,3.1500001,3.3291667,3.64375,3.9000001,1,PUB -HOT MEAL,A. Pub Meal,48
199202,220107,1.9558333,2.3041666,2.5687499,2.7808332,2.96875,3.1458333,3.3833334,3.6500001,3.9179168,1,PUB -HOT MEAL,A. Pub Meal,49
199203,220107,1.93125,2.3187499,2.5729167,2.79375,2.9791667,3.1916666,3.3645833,3.6520834,3.8895833,1,PUB -HOT MEAL,A. Pub Meal,50
199204,220107,2.0083334,2.3395834,2.6125,2.8395834,3.0229168,3.2020833,3.4375,3.7083333,4.0145831,1,PUB -HOT MEAL,A. Pub Meal,51
199205,220107,1.99375,2.3791666,2.6416667,2.8704166,3.03125,3.2229166,3.4937501,3.7308333,4.0916667,1,PUB -HOT MEAL,A. Pub Meal,52
199206,220107,2.0354166,2.3554168,2.6520834,2.8520834,3.0145833,3.20625,3.4104166,3.7479167,4.0999999,1,PUB -HOT MEAL,A. Pub Meal,53
199207,220107,2.0166667,2.4208333,2.6541667,2.8666668,3.0875001,3.2083333,3.4375,3.7375,4.0749998,1,PUB -HOT MEAL,A. Pub Meal,54
199208,220107,2.0250001,2.41875,2.6583333,2.8954167,3.0999999,3.2375,3.4541667,3.7366667,4.1104164,1,PUB -HOT MEAL,A. Pub Meal,55
199209,220107,2.0166667,2.4241667,2.6624999,2.8983333,3.1095834,3.25,3.4708333,3.7583334,4.1416669,1,PUB -HOT MEAL,A. Pub Meal,56
199210,220107,2.0416667,2.425,2.6333334,2.9370832,3.0979166,3.2645833,3.4833333,3.7437501,4.1208334,1,PUB -HOT MEAL,A. Pub Meal,57
199211,220107,2.0416667,2.4333334,2.6383333,2.9345834,3.1187501,3.2750001,3.4833333,3.7625,4.1270833,1,PUB -HOT MEAL,A. Pub Meal,58
199212,220107,2.0083334,2.4375,2.6416667,2.9575,3.1179166,3.2645833,3.4916668,3.7520833,4.1166668,1,PUB -HOT MEAL,A. Pub Meal,59
199301,220107,2.0458333,2.48125,2.7083333,2.9279165,3.0791667,3.2666667,3.4625001,3.7483335,4.0708332,1,PUB -HOT MEAL,A. Pub Meal,60
199302,220107,2.0708334,2.4791667,2.7,2.9200001,3.075,3.2895834,3.5166667,3.7708333,4.0583334,1,PUB -HOT MEAL,A. Pub Meal,61
199303,220107,2.1041667,2.5033333,2.7729166,2.9491668,3.1041667,3.3125,3.5158334,3.7479167,4.0791664,1,PUB -HOT MEAL,A. Pub Meal,62
199304,220107,2.0833333,2.4908333,2.7041667,2.9583333,3.1458333,3.3041666,3.5541668,3.7645833,4.0749998,1,PUB -HOT MEAL,A. Pub Meal,63
199305,220107,2.04125,2.4720833,2.70625,2.9458332,3.1833334,3.3333333,3.5354166,3.7437501,4.1062498,1,PUB -HOT MEAL,A. Pub Meal,64
199306,220107,2.0725,2.5,2.7249999,2.9895833,3.2041667,3.3541667,3.53125,3.7833333,4.1812501,1,PUB -HOT MEAL,A. Pub Meal,65
199307,220107,2.1033332,2.5245833,2.7291667,2.9929166,3.20625,3.3579166,3.5416667,3.7874999,4.1541667,1,PUB -HOT MEAL,A. Pub Meal,66
199308,220107,2.1458333,2.5166667,2.7533333,3.0208333,3.23125,3.3995833,3.625,3.8083334,4.2708335,1,PUB -HOT MEAL,A. Pub Meal,67
199309,220107,2.0583334,2.5250001,2.7333333,3.0083332,3.2,3.3824999,3.5999999,3.7916667,4.2874999,1,PUB -HOT MEAL,A. Pub Meal,68
199310,220107,2.0791667,2.5270834,2.8375001,3.0145833,3.1875,3.4158335,3.6125,3.7895834,4.3083334,1,PUB -HOT MEAL,A. Pub Meal,69
199311,220107,2.1125,2.5583334,2.8416667,3.0708334,3.21875,3.4449999,3.6270833,3.8020833,4.3104167,1,PUB -HOT MEAL,A. Pub Meal,70
199312,220107,2.1166666,2.5404167,2.8125,3.0645833,3.2270832,3.4729166,3.6541667,3.8,4.2916665,1,PUB -HOT MEAL,A. Pub Meal,71
199401,220107,2.1791666,2.59375,2.8708334,3.0666666,3.2333333,3.4766667,3.6458333,3.8145833,4.2833333,1,PUB -HOT MEAL,A. Pub Meal,72
199402,220107,2.1658332,2.575,2.8604167,3.0374999,3.2183332,3.4708333,3.6187501,3.8416667,4.3083334,1,PUB -HOT MEAL,A. Pub Meal,73
199403,220107,2.20625,2.5958333,2.875,3.0374999,3.2125001,3.4708333,3.6708333,3.8916667,4.25,1,PUB -HOT MEAL,A. Pub Meal,74
199404,220107,2.1700001,2.5258334,2.8375001,3.0458333,3.2116666,3.4408333,3.6333334,3.875,4.3249998,1,PUB -HOT MEAL,A. Pub Meal,75
199405,220107,2.1429167,2.4979167,2.8625,3.0395834,3.2333333,3.4854167,3.7,3.9270833,4.3187499,1,PUB -HOT MEAL,A. Pub Meal,76
199406,220107,2.1033335,2.4870834,2.8583333,3.0395834,3.23125,3.4583333,3.6604166,3.9229167,4.375,1,PUB -HOT MEAL,A. Pub Meal,77
199407,220107,2.1020832,2.5229166,2.8958333,3.0562501,3.2541666,3.4875,3.7083333,3.9645834,4.3816667,1,PUB -HOT MEAL,A. Pub Meal,78
199408,220107,2.075,2.5341666,2.875,3.0916667,3.2395833,3.5,3.7416668,3.9375,4.3883333,1,PUB -HOT MEAL,A. Pub Meal,79
199409,220107,2.1079166,2.5079167,2.8416667,3.1083333,3.2666667,3.5104167,3.7041667,3.9645834,4.3695831,1,PUB -HOT MEAL,A. Pub Meal,80
199410,220107,2.1949999,2.5416667,2.9041667,3.1291666,3.2708333,3.5333333,3.7083333,3.9541667,4.3175001,1,PUB -HOT MEAL,A. Pub Meal,81
199411,220107,2.1395833,2.53125,2.8812499,3.1304166,3.2729168,3.5229168,3.7020833,3.9750001,4.3520832,1,PUB -HOT MEAL,A. Pub Meal,82
199412,220107,2.1854167,2.5408332,2.9312501,3.1187501,3.2858334,3.5416667,3.7541666,3.9625001,4.4041667,1,PUB -HOT MEAL,A. Pub Meal,83
199501,220107,2.1666667,2.5366666,2.9020834,3.1554167,3.3016667,3.5291667,3.7416668,3.9458334,4.4041667,1,PUB -HOT MEAL,A. Pub Meal,84
199502,220107,2.0625,2.5958333,2.8416667,3.145,3.2995834,3.55,3.7854166,3.9749999,4.4479165,1,PUB -HOT MEAL,A. Pub Meal,85
199503,220107,2.0416667,2.6125,2.9000001,3.1854167,3.3199999,3.5479167,3.7958333,3.9958334,4.3916664,1,PUB -HOT MEAL,A. Pub Meal,86
199504,220107,1.9625,2.5895834,2.9000001,3.1975,3.325,3.5687499,3.825,3.9833333,4.3708334,1,PUB -HOT MEAL,A. Pub Meal,87
199505,220107,2.0083334,2.6541667,2.9083333,3.1724999,3.3499999,3.5562501,3.8458333,4.0041666,4.4083333,1,PUB -HOT MEAL,A. Pub Meal,88
199506,220107,2.0229168,2.6187501,2.9166667,3.1833334,3.3666668,3.5791667,3.8041666,3.98125,4.3833332,1,PUB -HOT MEAL,A. Pub Meal,89
199507,220107,2.1025,2.6304166,2.9449999,3.1875,3.35625,3.6145833,3.8541667,4.03125,4.4395833,1,PUB -HOT MEAL,A. Pub Meal,90
199508,220107,2.0958333,2.6679168,2.9124999,3.1808333,3.3583333,3.6458333,3.8291667,4.0166669,4.4854164,1,PUB -HOT MEAL,A. Pub Meal,91
199509,220107,2.2125001,2.68875,3.0250001,3.2520833,3.4208333,3.6541667,3.84375,4.0229168,4.4916668,1,PUB -HOT MEAL,A. Pub Meal,92
199510,220107,2.2333333,2.6908333,3.0325,3.2383332,3.4166667,3.6875,3.8458333,4.0229168,4.4583335,1,PUB -HOT MEAL,A. Pub Meal,93
199511,220107,2.2083333,2.6770833,3.04,3.25125,3.4375,3.6666667,3.8541667,4.0250001,4.4791665,1,PUB -HOT MEAL,A. Pub Meal,94
199512,220107,2.175,2.6958332,3.0358334,3.23875,3.4395833,3.7041667,3.8583333,4.0875001,4.4708333,1,PUB -HOT MEAL,A. Pub Meal,95
199601,220107,2.1995833,2.6949999,3.0358334,3.2237501,3.4541667,3.71875,3.8979168,4.0958333,4.4979167,1,PUB -HOT MEAL,A. Pub Meal,96
199602,220107,2.1783333,2.7554166,3.0825,3.2895832,3.51875,3.7625,3.8854167,4.0812502,4.5020833,1,PUB -HOT MEAL,A. Pub Meal,97
199603,220107,2.1554167,2.7349999,3.1116667,3.3062501,3.5520833,3.7562499,3.895,4.0833335,4.5250001,1,PUB -HOT MEAL,A. Pub Meal,98
199604,220107,2.1533334,2.7987499,3.1191666,3.3520834,3.5666666,3.75,3.9033334,4.1458335,4.5541668,1,PUB -HOT MEAL,A. Pub Meal,99
199605,220107,2.2333333,2.8158333,3.1483333,3.3916667,3.6083333,3.8083334,3.9275,4.2033334,4.5416665,1,PUB -HOT MEAL,A. Pub Meal,100
199606,220107,2.2637501,2.7774999,3.2083333,3.4145834,3.6375,3.8270833,3.9916668,4.2375002,4.5687499,1,PUB -HOT MEAL,A. Pub Meal,101
199607,220107,2.26875,2.8658333,3.2195833,3.4583333,3.6500001,3.8166666,4.0241666,4.21875,4.6020832,1,PUB -HOT MEAL,A. Pub Meal,102
199608,220107,2.2541666,2.8366666,3.2249999,3.4770834,3.6520834,3.8375001,3.9858334,4.2583332,4.6958332,1,PUB -HOT MEAL,A. Pub Meal,103
199609,220107,2.3687501,2.8608334,3.2125001,3.4645834,3.6583333,3.8499999,4.0799999,4.2833333,4.6687498,1,PUB -HOT MEAL,A. Pub Meal,104
199610,220107,2.3983333,2.8675001,3.2249999,3.4854167,3.6770833,3.8895833,4.0949998,4.3229165,4.7083335,1,PUB -HOT MEAL,A. Pub Meal,105
199611,220107,2.5379167,2.8995833,3.23125,3.4937501,3.6666667,3.8645835,4.0333333,4.28125,4.7104168,1,PUB -HOT MEAL,A. Pub Meal,106
199612,220107,2.5283334,2.9449999,3.2479167,3.4958334,3.6729167,3.8708334,4.0916667,4.2895832,4.71875,1,PUB -HOT MEAL,A. Pub Meal,107
199701,220107,2.49,2.9625001,3.2666667,3.4575,3.6812501,3.8708334,4.0666666,4.2624998,4.6624999,1,PUB -HOT MEAL,A. Pub Meal,108
199702,220107,2.4991667,2.9762499,3.2291667,3.5387499,3.6995833,3.9270833,4.1666665,4.3833332,4.7208333,1,PUB -HOT MEAL,A. Pub Meal,109
199703,220107,2.5408332,3.0625,3.2833333,3.5374999,3.7145834,3.9283333,4.1700001,4.4166665,4.9166665,1,PUB -HOT MEAL,A. Pub Meal,110
199704,220107,2.5554166,2.9845834,3.3387499,3.6020834,3.79375,3.9533334,4.2204165,4.46875,4.9541664,1,PUB -HOT MEAL,A. Pub Meal,111
199705,220107,2.6283333,2.9820833,3.3541667,3.62625,3.8,3.9658334,4.1916666,4.5374999,4.8249998,1,PUB -HOT MEAL,A. Pub Meal,112
199706,220107,2.5754166,2.9741666,3.3375001,3.5995834,3.7833333,4.0291667,4.2375002,4.5395832,4.8666668,1,PUB -HOT MEAL,A. Pub Meal,113
199707,220107,2.4775,3.0020833,3.3166666,3.6125,3.8166666,4.0574999,4.2874999,4.5500002,4.9958334,1,PUB -HOT MEAL,A. Pub Meal,114
199708,220107,2.5074999,2.9625001,3.2458334,3.5991666,3.8083334,4.0316668,4.2854166,4.5708332,5.020833,1,PUB -HOT MEAL,A. Pub Meal,115
199709,220107,2.5616667,2.8900001,3.2541666,3.6312501,3.8125,4.0158334,4.2708335,4.5916667,5.0166664,1,PUB -HOT MEAL,A. Pub Meal,116
199710,220107,2.5233333,2.9366667,3.2874999,3.6245832,3.8645833,4.0770836,4.2666669,4.5454168,4.9791665,1,PUB -HOT MEAL,A. Pub Meal,117
199711,220107,2.5,2.9770834,3.3262501,3.6224999,3.8479166,4.0625,4.2916665,4.5729165,5.0333333,1,PUB -HOT MEAL,A. Pub Meal,118
199712,220107,2.4433334,3.0216668,3.2833333,3.6312499,3.8395834,4.0808334,4.3625002,4.5666666,5.0416665,1,PUB -HOT MEAL,A. Pub Meal,119
199801,220107,2.4241667,2.9758334,3.3083334,3.6791668,3.8791666,4.0974998,4.3499999,4.6083331,5.0458331,1,PUB -HOT MEAL,A. Pub Meal,120
199802,220107,2.4483333,2.9958334,3.3545833,3.6829166,3.9458334,4.1345835,4.4787502,4.7333331,5.208333,1,PUB -HOT MEAL,A. Pub Meal,121
199803,220107,2.4575,2.9433334,3.37625,3.7041667,3.9666667,4.1679168,4.5291667,4.7854166,5.2166667,1,PUB -HOT MEAL,A. Pub Meal,122
199804,220107,2.4816666,3.0183334,3.4041667,3.7437501,3.98125,4.1958332,4.5708332,4.8658333,5.2791667,1,PUB -HOT MEAL,A. Pub Meal,123
199805,220107,2.5575001,3.1358333,3.4283333,3.7729168,4.0287499,4.2416668,4.6083331,4.9395833,5.2958331,1,PUB -HOT MEAL,A. Pub Meal,124
199806,220107,2.4970834,3.0966668,3.4004166,3.70625,3.9916668,4.2583332,4.5729165,4.8891668,5.3333335,1,PUB -HOT MEAL,A. Pub Meal,125
199807,220107,2.5379167,3.0833333,3.4379168,3.7762499,4,4.2054167,4.5895834,4.8854165,5.3291664,1,PUB -HOT MEAL,A. Pub Meal,126
199808,220107,2.5991666,3.115,3.4649999,3.7337499,4.0437498,4.2270832,4.5062499,4.8666668,5.3499999,1,PUB -HOT MEAL,A. Pub Meal,127
199809,220107,2.6304166,3.12625,3.4779167,3.7445834,4.0604167,4.2479167,4.5250001,4.8895831,5.3791666,1,PUB -HOT MEAL,A. Pub Meal,128
199810,220107,2.6366668,3.1179166,3.45,3.7233334,4.0416665,4.2604165,4.6541667,4.9145832,5.4729166,1,PUB -HOT MEAL,A. Pub Meal,129
199811,220107,2.4879167,3.0491667,3.4854167,3.7483335,4.0391665,4.2604165,4.5999999,4.9145832,5.4770832,1,PUB -HOT MEAL,A. Pub Meal,130
199812,220107,2.5366666,3.1025,3.5045834,3.8054166,4.0916667,4.2604165,4.6395831,4.9333334,5.4333334,1,PUB -HOT MEAL,A. Pub Meal,131
199901,220107,2.7733333,3.2404168,3.5991666,3.8658333,4.2104168,4.3616667,4.6354165,5.0166664,5.5958333,1,PUB -HOT MEAL,A. Pub Meal,132
199902,220107,2.4962499,3.0808334,3.4741666,3.7979167,4.0787501,4.3645835,4.6687498,5.083333,5.7958331,1,PUB -HOT MEAL,A. Pub Meal,133
199903,220107,2.6204166,3.1004167,3.5374999,3.7866666,4.1291666,4.4083333,4.6583333,5.0999999,5.6999998,1,PUB -HOT MEAL,A. Pub Meal,134
199904,220107,2.6191666,3.1012499,3.5074999,3.8375001,4.1520834,4.40625,4.7041664,5.1145835,5.7541666,1,PUB -HOT MEAL,A. Pub Meal,135
199905,220107,2.645,3.1366668,3.4650002,3.8,4.1541667,4.4270835,4.7541666,5.0991664,5.7083335,1,PUB -HOT MEAL,A. Pub Meal,136
199906,220107,2.6283333,3.1849999,3.4608333,3.8325,4.1791668,4.4162498,4.7291665,5.1041665,5.6991668,1,PUB -HOT MEAL,A. Pub Meal,137
199907,220107,2.7408333,3.1979167,3.5375001,3.8575001,4.1541667,4.4375,4.7333331,5.1145835,5.7533331,1,PUB -HOT MEAL,A. Pub Meal,138
199908,220107,2.7658334,3.2558334,3.6208334,3.9116666,4.2333331,4.4333334,4.75,5.1541667,5.7833333,1,PUB -HOT MEAL,A. Pub Meal,139
199909,220107,2.7229166,3.2541666,3.5325,3.9033334,4.2354169,4.4491668,4.7874999,5.1374998,5.7874999,1,PUB -HOT MEAL,A. Pub Meal,140
199910,220107,2.77,3.2158334,3.5325,3.9666667,4.25,4.4875002,4.770833,5.145,5.6833334,1,PUB -HOT MEAL,A. Pub Meal,141
199911,220107,2.8416667,3.2329166,3.6408334,3.9833333,4.2416668,4.5062499,4.77,5.1262498,5.6791668,1,PUB -HOT MEAL,A. Pub Meal,142
199912,220107,2.7866666,3.1837499,3.5483334,3.96875,4.25,4.4554167,4.7908335,5.1804166,5.8375001,1,PUB -HOT MEAL,A. Pub Meal,143
200001,220107,2.7574999,3.31375,3.4879167,3.8529167,4.2125001,4.4291668,4.8158331,5.1387501,5.8979168,1,PUB -HOT MEAL,A. Pub Meal,144
200002,220107,2.6816666,3.1583333,3.5616667,3.8199999,4.2470832,4.5062499,4.8408332,5.1262498,5.9833331,1,PUB -HOT MEAL,A. Pub Meal,145
200003,220107,2.71,3.2029166,3.5616667,3.9033334,4.2345834,4.46875,4.8616667,5.1866665,5.9666667,1,PUB -HOT MEAL,A. Pub Meal,146
200004,220107,2.7108333,3.1925001,3.5158334,3.8645833,4.2079167,4.4625001,4.8074999,5.1387501,5.9791665,1,PUB -HOT MEAL,A. Pub Meal,147
200005,220107,2.6983333,3.1612501,3.5650001,3.8304167,4.2316666,4.4458332,4.8624997,5.2533331,6.0500002,1,PUB -HOT MEAL,A. Pub Meal,148
200006,220107,2.6979167,3.1541667,3.5654168,3.9416666,4.2674999,4.4749999,4.8679166,5.3062501,6.1875,1,PUB -HOT MEAL,A. Pub Meal,149
200007,220107,2.7158334,3.1375,3.5350001,3.8729167,4.23,4.4729166,4.8604164,5.2854166,6.0791664,1,PUB -HOT MEAL,A. Pub Meal,150
200008,220107,2.7983334,3.1458333,3.4933333,3.8654168,4.1925001,4.5062499,4.8687501,5.30125,6.0583334,1,PUB -HOT MEAL,A. Pub Meal,151
200009,220107,2.8158333,3.1833334,3.4945834,3.8320832,4.1345835,4.5020833,4.8833332,5.27,5.9625001,1,PUB -HOT MEAL,A. Pub Meal,152
200010,220107,2.7991667,3.1458333,3.5233333,3.8325,4.0629168,4.4520831,4.8416667,5.2874999,5.9041667,1,PUB -HOT MEAL,A. Pub Meal,153
200011,220107,2.7858334,3.1354167,3.4504166,3.8633332,4.0791669,4.4266667,4.9000001,5.2629166,5.9375,1,PUB -HOT MEAL,A. Pub Meal,154
200012,220107,2.8441668,3.1458333,3.4608333,3.8608334,4.1179166,4.4958334,4.9166665,5.2804165,5.8625002,1,PUB -HOT MEAL,A. Pub Meal,155
200101,220107,2.8275001,3.1458333,3.5108333,3.865,4.1583333,4.4916668,4.8408332,5.3116665,5.9200001,1,PUB -HOT MEAL,A. Pub Meal,156
200102,220107,2.8924999,3.1925001,3.5333333,3.8508334,4.0904169,4.3787498,4.8016667,5.3375001,5.9058332,1,PUB -HOT MEAL,A. Pub Meal,157
200103,220107,2.88375,3.2262499,3.5533333,3.8887501,4.0970831,4.4175,4.8383331,5.3520832,5.9112501,1,PUB -HOT MEAL,A. Pub Meal,158
200104,220107,2.9304166,3.27,3.5733333,3.9091666,4.1795835,4.4758334,4.8879166,5.4354167,5.9108334,1,PUB -HOT MEAL,A. Pub Meal,159
200105,220107,2.9658334,3.2454166,3.6041667,3.9241667,4.1525002,4.4833331,4.9141665,5.3416667,6.0908332,1,PUB -HOT MEAL,A. Pub Meal,160
200106,220107,2.9616666,3.2870834,3.6541667,3.9075,4.2125001,4.5366664,4.9449997,5.4666667,6.0979166,1,PUB -HOT MEAL,A. Pub Meal,161
200107,220107,3.0533333,3.3462501,3.675,3.9400001,4.2408333,4.6420832,4.9945831,5.4916668,6.1324997,1,PUB -HOT MEAL,A. Pub Meal,162
200108,220107,2.9766667,3.3900001,3.7208333,4.0149999,4.2558331,4.6216664,4.9941664,5.5225,6.2829165,1,PUB -HOT MEAL,A. Pub Meal,163
200109,220107,3.0433333,3.3516667,3.6624999,4.0025001,4.2662501,4.6691666,5.0845833,5.5474997,6.2370834,1,PUB -HOT MEAL,A. Pub Meal,164
200110,220107,2.9929166,3.4083333,3.6812501,4.0420833,4.2954168,4.6941667,5.1012497,5.5262499,6.1974998,1,PUB -HOT MEAL,A. Pub Meal,165
200111,220107,3.1233335,3.40625,3.7729168,4.1025,4.3833332,4.6950002,5.1016665,5.5616665,6.2166667,1,PUB -HOT MEAL,A. Pub Meal,166
200112,220107,3.1183333,3.4108334,3.7708333,4.0641665,4.4179168,4.7270832,5.1858335,5.5675001,6.3208332,1,PUB -HOT MEAL,A. Pub Meal,167
200201,220107,3.1566668,3.41875,3.8270833,4.1133332,4.3945832,4.697083,5.1845832,5.5462499,6.3208332,1,PUB -HOT MEAL,A. Pub Meal,168
200202,220107,3.1179166,3.51875,3.8575001,4.1229167,4.4387498,4.7337499,5.1708331,5.6062498,6.2749996,1,PUB -HOT MEAL,A. Pub Meal,169
200203,220107,3.1233335,3.5333333,3.8554168,4.1395831,4.4545832,4.7599998,5.1766667,5.6116667,6.3162498,1,PUB -HOT MEAL,A. Pub Meal,170
200204,220107,3.1470833,3.6033335,3.895,4.1908331,4.4549999,4.7970834,5.1374998,5.6504164,6.282083,1,PUB -HOT MEAL,A. Pub Meal,171
200205,220107,3.1366668,3.6066666,3.8824999,4.2224998,4.5133333,4.8729167,5.2462497,5.654583,6.4575,1,PUB -HOT MEAL,A. Pub Meal,172
200206,220107,3.2220833,3.6491666,3.9808333,4.2912502,4.5745835,4.9804168,5.2879167,5.8775001,6.605,1,PUB -HOT MEAL,A. Pub Meal,173
200207,220107,3.2141666,3.6366668,3.9741666,4.2824998,4.5945835,4.9316664,5.2974997,5.8370833,6.5354166,1,PUB -HOT MEAL,A. Pub Meal,174
200208,220107,3.2858334,3.7012501,4.0149999,4.3141665,4.6508331,4.9537501,5.3941665,5.7750001,6.5499997,1,PUB -HOT MEAL,A. Pub Meal,175
200209,220107,3.2837501,3.6516666,4.0566669,4.3554168,4.6404166,5.0258331,5.3520832,5.7491665,6.5395832,1,PUB -HOT MEAL,A. Pub Meal,176
200210,220107,3.3058333,3.6666667,3.9741666,4.3158331,4.6708331,5.0058331,5.3833332,5.8608332,6.5874996,1,PUB -HOT MEAL,A. Pub Meal,177
200211,220107,3.345,3.7145834,4.0158334,4.3433332,4.7141666,5.0216665,5.375,5.9587498,6.5874996,1,PUB -HOT MEAL,A. Pub Meal,178
200212,220107,3.3125,3.6916666,4.0283332,4.3791666,4.6470833,4.9274998,5.3866668,5.8604164,6.478333,1,PUB -HOT MEAL,A. Pub Meal,179
200301,220107,3.2416668,3.7037501,3.9783335,4.3791666,4.6500001,4.94875,5.3624997,5.8729167,6.4991665,1,PUB -HOT MEAL,A. Pub Meal,180
200302,220107,3.2325001,3.7345834,4.0883331,4.3654165,4.7433333,4.9566665,5.3291664,5.9266667,6.5916667,1,PUB -HOT MEAL,A. Pub Meal,181
200303,220107,3.2908335,3.7616668,4.1199999,4.3970833,4.7416668,4.9908333,5.4208331,5.9591665,6.6041665,1,PUB -HOT MEAL,A. Pub Meal,182
200304,220107,3.3575001,3.7958333,4.1266665,4.4699998,4.8137498,5.0408335,5.5291667,6.0037498,6.5791664,1,PUB -HOT MEAL,A. Pub Meal,183
200305,220107,3.4179168,3.8291667,4.1737499,4.4854164,4.8345833,5.1208334,5.4979167,6.0037498,6.5916667,1,PUB -HOT MEAL,A. Pub Meal,184
200306,220107,3.4316666,3.8512499,4.1983333,4.5500002,4.8229165,5.07375,5.5541668,6.0291667,6.7354164,1,PUB -HOT MEAL,A. Pub Meal,185
200307,220107,3.4449999,3.8291667,4.2233334,4.5625,4.8262501,5.103333,5.5749998,6.0483332,6.6875,1,PUB -HOT MEAL,A. Pub Meal,186
200308,220107,3.4158332,3.8366666,4.1974998,4.5458331,4.8083334,5.1624999,5.5854163,6.1374998,6.7283335,1,PUB -HOT MEAL,A. Pub Meal,187
200309,220107,3.4366667,3.9037499,4.1933331,4.5491667,4.8433332,5.1599998,5.6166663,6.1241665,6.6116667,1,PUB -HOT MEAL,A. Pub Meal,188
200310,220107,3.4679167,3.8875,4.25875,4.5541668,4.8595834,5.1749997,5.6366663,6.1854167,6.6349998,1,PUB -HOT MEAL,A. Pub Meal,189
200311,220107,3.4908333,3.9391668,4.2604165,4.5791664,4.9145832,5.1958332,5.645,6.1849999,6.6783333,1,PUB -HOT MEAL,A. Pub Meal,190
200312,220107,3.4691668,3.9449999,4.3112497,4.6033335,4.9333334,5.2041664,5.6537499,6.1904168,6.6637502,1,PUB -HOT MEAL,A. Pub Meal,191
200401,220107,3.4345834,3.9145834,4.2925,4.61375,4.9250002,5.1958332,5.6683331,6.1995831,6.6783333,1,PUB -HOT MEAL,A. Pub Meal,192
200402,220107,3.50125,3.9054167,4.3245835,4.6020832,4.8883333,5.2674999,5.7383332,6.2379165,6.7916665,1,PUB -HOT MEAL,A. Pub Meal,193
200403,220107,3.5362501,4.0170832,4.3441668,4.6741667,4.9637499,5.3245831,5.71,6.2362499,6.84375,1,PUB -HOT MEAL,A. Pub Meal,194
200404,220107,3.6116667,4.0529165,4.3108335,4.6458335,5.0033331,5.3024998,5.6766667,6.2179165,6.8433332,1,PUB -HOT MEAL,A. Pub Meal,195
200405,220107,3.5408332,4.0358334,4.3337498,4.6583333,4.9412498,5.2349997,5.6608334,6.1208334,6.7325001,1,PUB -HOT MEAL,A. Pub Meal,196
200406,220107,3.5625,4.0562501,4.3758335,4.6520834,4.9354167,5.2316666,5.6666665,6.1770835,6.7262497,1,PUB -HOT MEAL,A. Pub Meal,197
200407,220107,3.595,4.0875001,4.3449998,4.6687498,4.9229164,5.2783332,5.7108331,6.1958332,6.7950001,1,PUB -HOT MEAL,A. Pub Meal,198
200408,220107,3.5583334,3.9991667,4.3375001,4.6374998,4.9312496,5.2816668,5.6774998,6.2125001,6.8516665,1,PUB -HOT MEAL,A. Pub Meal,199
200409,220107,3.5916667,4.0554166,4.4000001,4.6466665,4.9624996,5.2995834,5.6866665,6.2437501,6.9241667,1,PUB -HOT MEAL,A. Pub Meal,200
200410,220107,3.6158333,4.1220832,4.4491668,4.7166667,4.9995832,5.4083333,5.6974998,6.3283334,6.9825001,1,PUB -HOT MEAL,A. Pub Meal,201
200411,220107,3.6458333,4.0658336,4.4450002,4.7624998,5.0708332,5.355,5.7316666,6.3416667,7.0874996,1,PUB -HOT MEAL,A. Pub Meal,202
200412,220107,3.66875,4.1483335,4.4541664,4.7541666,5.0299997,5.3849998,5.7095833,6.4054165,7.0441666,1,PUB -HOT MEAL,A. Pub Meal,203
200501,220107,3.6854167,4.1645832,4.4608335,4.7541666,5.1129165,5.4858332,5.71,6.44625,7.0766664,1,PUB -HOT MEAL,A. Pub Meal,204
200502,220107,3.6916666,4.2445831,4.5374999,4.7958331,5.2804165,5.552083,5.9458332,6.4412498,7.3479166,1,PUB -HOT MEAL,A. Pub Meal,205
200503,220107,3.59375,4.1683331,4.5666666,4.9045835,5.2174997,5.5787497,5.9000001,6.4874997,7.3499999,1,PUB -HOT MEAL,A. Pub Meal,206
200504,220107,3.5779166,4.2504168,4.5958333,4.802083,5.3183331,5.6358333,5.9825001,6.4241667,7.3841667,1,PUB -HOT MEAL,A. Pub Meal,207
200505,220107,3.7625,4.1887498,4.5208335,4.8083334,5.2120833,5.4958334,5.7641664,6.2520833,7.0045834,1,PUB -HOT MEAL,A. Pub Meal,208
200506,220107,3.7233334,4.2624998,4.6083331,4.873333,5.2370834,5.6566668,6,6.5283332,7.4333334,1,PUB -HOT MEAL,A. Pub Meal,209
200507,220107,3.6616666,4.2224998,4.5999999,4.8449998,5.1824999,5.6149998,5.9816666,6.5349998,7.4041667,1,PUB -HOT MEAL,A. Pub Meal,210
200508,220107,3.6408334,4.2575002,4.5999999,4.8824997,5.2345834,5.6491666,6.01125,6.6741667,7.5249996,1,PUB -HOT MEAL,A. Pub Meal,211
200509,220107,3.6949999,4.2845831,4.6083331,4.8891668,5.1933331,5.6283331,6.0433331,6.6187501,7.4825001,1,PUB -HOT MEAL,A. Pub Meal,212
200510,220107,3.6845834,4.3045831,4.6804166,4.9124999,5.2416668,5.7062497,6.0933332,6.6887498,7.4541664,1,PUB -HOT MEAL,A. Pub Meal,213
200511,220107,3.7329166,4.30125,4.7141666,4.9279165,5.2674999,5.7266665,6.1266665,6.6029167,7.4816666,1,PUB -HOT MEAL,A. Pub Meal,214
200512,220107,3.7741666,4.3008332,4.7158332,4.9758334,5.3004165,5.7558331,6.1308331,6.6129165,7.4616666,1,PUB -HOT MEAL,A. Pub Meal,215
200601,220107,3.7441666,4.2775002,4.6974998,4.9366665,5.2704167,5.7199998,6.1224999,6.6979165,7.5099998,1,PUB -HOT MEAL,A. Pub Meal,216
200602,220107,3.7316666,4.2858334,4.7483335,5.0724998,5.3933334,5.7216663,6.2033334,6.9508333,8.0441666,1,PUB -HOT MEAL,A. Pub Meal,217
200603,220107,3.7483335,4.2954168,4.7691665,5.1058331,5.4041667,5.7395835,6.250833,6.9091663,7.9979167,1,PUB -HOT MEAL,A. Pub Meal,218
200604,220107,3.7558334,4.3229165,4.7024999,5.0745831,5.4241667,5.7750001,6.1641665,6.8537498,7.9604168,1,PUB -HOT MEAL,A. Pub Meal,219
200605,220107,3.7416666,4.2837501,4.7720833,5.0495834,5.4658332,5.8150001,6.2108331,6.9229164,8.0583334,1,PUB -HOT MEAL,A. Pub Meal,220
200606,220107,3.6737499,4.3116665,4.7470832,5.0349998,5.42875,5.8679166,6.2075,6.9333334,7.9729166,1,PUB -HOT MEAL,A. Pub Meal,221
200607,220107,3.8491666,4.4274998,4.7908335,5.0699997,5.4516668,5.8908334,6.1916666,6.9749999,7.9191666,1,PUB -HOT MEAL,A. Pub Meal,222
200608,220107,3.9266667,4.4966664,4.8183331,5.0687499,5.5037498,5.8366666,6.3099999,6.9466667,7.9949999,1,PUB -HOT MEAL,A. Pub Meal,223
200609,220107,3.9504166,4.4679165,4.8191667,5.0783334,5.4362497,5.9104166,6.2466664,6.875833,7.9929166,1,PUB -HOT MEAL,A. Pub Meal,224
200610,220107,3.9929166,4.5462499,4.8874998,5.1295834,5.4770832,5.9775,6.3608332,6.9449997,8.0670834,1,PUB -HOT MEAL,A. Pub Meal,225
200611,220107,4.0283332,4.5741668,4.8966665,5.0962501,5.5079165,5.9341664,6.3191667,7.1091666,8.1141663,1,PUB -HOT MEAL,A. Pub Meal,226
200612,220107,4.0791669,4.6183333,4.9116669,5.2233334,5.5229168,5.9154167,6.3566666,7.07375,8.0783329,1,PUB -HOT MEAL,A. Pub Meal,227
200701,220107,4.0754166,4.6300001,4.9345832,5.2424998,5.645,5.94875,6.3833332,7.1283331,8.0604162,1,PUB -HOT MEAL,A. Pub Meal,228
200702,220107,4.1358333,4.63625,4.9608331,5.2333331,5.6075001,5.9104166,6.3708334,7.0783334,8.0183334,1,PUB -HOT MEAL,A. Pub Meal,229
200703,220107,4.13375,4.6875,5.0516667,5.3325,5.6666665,6.0374999,6.4620833,7.0808334,8.0495834,1,PUB -HOT MEAL,A. Pub Meal,230
200704,220107,4.1033335,4.6275001,4.9895835,5.3179164,5.645,6.0016665,6.4412498,7.0816665,8.0770836,1,PUB -HOT MEAL,A. Pub Meal,231
200705,220107,4.0574999,4.6291666,5.0079165,5.3104167,5.71875,5.9962502,6.4420834,7.0250001,8.1137495,1,PUB -HOT MEAL,A. Pub Meal,232
200706,220107,4.0783334,4.6616669,5.0308332,5.3499999,5.6895833,6.0229168,6.4458332,7.0966663,8.03125,1,PUB -HOT MEAL,A. Pub Meal,233
200707,220107,4.1633334,4.7645831,5.0774999,5.3929167,5.7087498,6.1191664,6.5262499,7.1099997,8.1995831,1,PUB -HOT MEAL,A. Pub Meal,234
200708,220107,4.1858335,4.7474999,5.0774999,5.3824997,5.7449999,6.1083331,6.5341668,7.1608334,8.1949997,1,PUB -HOT MEAL,A. Pub Meal,235
200709,220107,4.1462498,4.7337499,5.0562501,5.4316664,5.7441664,6.1041665,6.6012497,7.248333,8.2441664,1,PUB -HOT MEAL,A. Pub Meal,236
200710,220107,4.2224998,4.7458334,5.0433331,5.4624996,5.7945833,6.1541667,6.6983333,7.2804165,8.2650003,1,PUB -HOT MEAL,A. Pub Meal,237
200711,220107,4.1579165,4.6954165,5.0787497,5.44625,5.7591667,6.2054167,6.7229166,7.2729168,8.4537497,1,PUB -HOT MEAL,A. Pub Meal,238
200712,220107,4.1708331,4.7116666,5.0866666,5.4175,5.7466664,6.2529168,6.657083,7.3158331,8.3429165,1,PUB -HOT MEAL,A. Pub Meal,239
200801,220107,4.1950002,4.6533332,5.0883331,5.4249997,5.7770834,6.1941667,6.6308331,7.2866664,8.4025002,1,PUB -HOT MEAL,A. Pub Meal,240
200802,220107,4.2758331,4.7674999,5.1941667,5.4495831,5.8575001,6.2104168,6.8208332,7.3329167,8.2554169,1,PUB -HOT MEAL,A. Pub Meal,241
200803,220107,4.3058333,4.7974997,5.1858335,5.4741664,5.88625,6.2987499,6.8274999,7.4162498,8.2449999,1,PUB -HOT MEAL,A. Pub Meal,242
200804,220107,4.36625,4.7491665,5.1683331,5.5604167,5.9200001,6.3279166,6.9866667,7.5287499,8.427083,1,PUB -HOT MEAL,A. Pub Meal,243
200805,220107,4.3820834,4.8137498,5.1633334,5.5829167,5.9412498,6.3241668,6.9658332,7.552083,8.520833,1,PUB -HOT MEAL,A. Pub Meal,244
200806,220107,4.5308332,4.8325,5.25,5.6599998,5.9645834,6.3058333,6.9783335,7.6533332,8.6208334,1,PUB -HOT MEAL,A. Pub Meal,245
200807,220107,4.5245833,4.8874998,5.2883334,5.6379166,6.0091667,6.3270831,6.8366666,7.6149998,8.541667,1,PUB -HOT MEAL,A. Pub Meal,246
200808,220107,4.5599999,4.9533334,5.3029165,5.6691666,5.9933333,6.3129168,6.8462501,7.6095834,8.5187502,1,PUB -HOT MEAL,A. Pub Meal,247
200809,220107,4.5854168,5.0170832,5.3516665,5.7295833,5.9949999,6.3433332,6.8608332,7.6433334,8.5979166,1,PUB -HOT MEAL,A. Pub Meal,248
200810,220107,4.5945835,4.9933333,5.3975,5.7245831,6.0458331,6.3899999,6.8274999,7.6616664,8.541667,1,PUB -HOT MEAL,A. Pub Meal,249
200811,220107,4.5545831,5.0454168,5.3816667,5.7154164,6.0820832,6.4254165,6.9720831,7.6641665,8.6291666,1,PUB -HOT MEAL,A. Pub Meal,250
200812,220107,4.5100002,5.0708332,5.3591666,5.7125001,6.0720835,6.4733334,7.1166668,7.7041664,8.7566662,1,PUB -HOT MEAL,A. Pub Meal,251
200901,220107,4.5070834,5.0391665,5.2995834,5.6629167,6.0279164,6.4641666,7.0524998,7.6933331,8.5083332,1,PUB -HOT MEAL,A. Pub Meal,252
200902,220107,4.5679164,5.0279169,5.3854165,5.7183332,6.0412498,6.4474998,6.9333334,7.7249999,8.6679163,1,PUB -HOT MEAL,A. Pub Meal,253
200903,220107,4.5208335,5.0091667,5.3575001,5.7575002,6.0287499,6.5041666,6.9566665,7.8583331,8.9708328,1,PUB -HOT MEAL,A. Pub Meal,254
200904,220107,4.4941669,5.0154166,5.3658333,5.7391667,6.0574999,6.4924998,6.9724998,7.7758331,8.9750004,1,PUB -HOT MEAL,A. Pub Meal,255
200905,220107,4.3383331,4.8800001,5.3358331,5.82125,6.1020832,6.4674997,7.04,7.7399998,8.9083328,1,PUB -HOT MEAL,A. Pub Meal,256
200906,220107,4.2879167,4.8358331,5.2474999,5.7429166,6.0895834,6.415,6.9004164,7.6620831,8.84375,1,PUB -HOT MEAL,A. Pub Meal,257
200907,220107,4.2399998,4.7599998,5.2008333,5.6949997,6.0704165,6.4575,6.8983331,7.6699996,8.9333334,1,PUB -HOT MEAL,A. Pub Meal,258
200908,220107,4.2399998,4.7658334,5.2599998,5.7799997,6.1004167,6.4679165,6.9845834,7.6804166,8.9387503,1,PUB -HOT MEAL,A. Pub Meal,259
200909,220107,4.2649999,4.8133335,5.2358332,5.7816668,6.0966663,6.4845834,6.9074998,7.6620831,8.9395828,1,PUB -HOT MEAL,A. Pub Meal,260
200910,220107,4.2462502,4.7970834,5.2208333,5.7174997,6.0479164,6.4862499,6.8599997,7.6083331,8.720417,1,PUB -HOT MEAL,A. Pub Meal,261
200911,220107,4.2795835,4.8316665,5.2549996,5.7308331,6.0687499,6.529583,6.9112501,7.6604166,8.7262497,1,PUB -HOT MEAL,A. Pub Meal,262
200912,220107,4.2800002,4.7674999,5.2416663,5.7191668,6.0929165,6.5450001,6.9320831,7.614583,8.8170834,1,PUB -HOT MEAL,A. Pub Meal,263
201001,220107,4.27,4.8566666,5.2341666,5.7999997,6.0987501,6.5345831,6.9024997,7.6700001,8.9250002,1,PUB -HOT MEAL,A. Pub Meal,264
201002,220107,4.3849998,4.8683333,5.3199997,5.8516665,6.2770834,6.73,7.1524997,7.7224998,9.041667,1,PUB -HOT MEAL,A. Pub Meal,265
201003,220107,4.3616667,4.8354168,5.3049998,5.7945833,6.2150002,6.7141666,7.1666665,7.7966666,9.0283337,1,PUB -HOT MEAL,A. Pub Meal,266
201004,220107,4.4095831,4.8870831,5.3754168,5.7762499,6.2545834,6.7316666,7.2058334,7.7987499,8.935833,1,PUB -HOT MEAL,A. Pub Meal,267
201005,220107,4.4066668,4.9183331,5.373333,5.8279166,6.2925,6.7658334,7.2950001,7.8620834,8.967083,1,PUB -HOT MEAL,A. Pub Meal,268
201006,220107,4.4529166,4.9299998,5.3883333,5.833333,6.2566667,6.7929163,7.2716665,7.9124999,9.03125,1,PUB -HOT MEAL,A. Pub Meal,269
201007,220107,4.5291667,4.9054165,5.3866668,5.8499999,6.2970834,6.7674999,7.4233332,8.0333328,9.1166668,1,PUB -HOT MEAL,A. Pub Meal,270
201008,220107,4.5225,4.9108334,5.3229165,5.7991667,6.2637501,6.7295833,7.3054166,7.9749999,9.1724997,1,PUB -HOT MEAL,A. Pub Meal,271
201009,220107,4.5008335,4.9962497,5.4816666,5.8499999,6.3108335,6.6841664,7.395833,8.0387497,9.125,1,PUB -HOT MEAL,A. Pub Meal,272
201010,220107,4.5066667,4.9970832,5.5191665,5.8270831,6.3795834,6.7458334,7.3091664,8.09375,9.2224998,1,PUB -HOT MEAL,A. Pub Meal,273
201011,220107,4.5654163,5.032083,5.5241666,5.8770833,6.2979164,6.7216663,7.4037499,8.0516663,9.1199999,1,PUB -HOT MEAL,A. Pub Meal,274
201012,220107,4.5483332,5.0291667,5.5358334,5.8441668,6.4016666,6.8800001,7.3599997,8.0895834,8.9808331,1,PUB -HOT MEAL,A. Pub Meal,275
201101,220107,4.5225,5.0549998,5.5058331,5.8816667,6.4533334,6.8487501,7.4766665,8.0633335,9.052083,1,PUB -HOT MEAL,A. Pub Meal,276
201102,220107,4.6237502,5.1445832,5.6141667,6.0766664,6.560833,7.1262498,7.6704168,8.1912498,9.1658335,1,PUB -HOT MEAL,A. Pub Meal,277
201103,220107,4.6295834,5.123333,5.5804167,6.0370831,6.6058331,7.1254168,7.7079167,8.2716665,9.5424995,1,PUB -HOT MEAL,A. Pub Meal,278
201104,220107,4.6033335,5.1745834,5.6404166,6.0808334,6.6608334,7.1791668,7.7033334,8.2683334,9.3050003,1,PUB -HOT MEAL,A. Pub Meal,279
201105,220107,4.6358333,5.2349997,5.6183333,6.1075001,6.5899997,7.0958333,7.7199998,8.3424997,9.3158331,1,PUB -HOT MEAL,A. Pub Meal,280
201106,220107,4.6533332,5.2441664,5.7049999,6.1183333,6.6275001,7.0799999,7.75,8.2275,9.4949999,1,PUB -HOT MEAL,A. Pub Meal,281
201107,220107,4.7058334,5.2441664,5.7233334,6.1025,6.6012497,7.1591663,7.7241664,8.3358335,9.6199999,1,PUB -HOT MEAL,A. Pub Meal,282
201108,220107,4.6975002,5.2591667,5.7383332,6.1387501,6.6466665,7.2224998,7.77,8.3408337,9.7033329,1,PUB -HOT MEAL,A. Pub Meal,283
201109,220107,4.7495832,5.290833,5.7674999,6.1500001,6.63375,7.2279167,7.8716664,8.3937502,9.8424997,1,PUB -HOT MEAL,A. Pub Meal,284
201110,220107,4.7599998,5.3674998,5.7841663,6.1849999,6.6799998,7.2950001,7.8283334,8.3891668,9.9116669,1,PUB -HOT MEAL,A. Pub Meal,285
201111,220107,4.8525,5.4200001,5.8058333,6.2474999,6.7183332,7.3024998,7.8741665,8.4274998,9.7808332,1,PUB -HOT MEAL,A. Pub Meal,286
201112,220107,4.8895831,5.4549999,5.7574997,6.2474999,6.728333,7.4533334,7.9154167,8.5004168,9.7437496,1,PUB -HOT MEAL,A. Pub Meal,287
201201,220107,4.9083333,5.4858332,5.7866664,6.2741666,6.7674999,7.3883333,7.9441667,8.4691668,9.7358332,1,PUB -HOT MEAL,A. Pub Meal,288
201202,220107,4.8854165,5.395833,5.8458333,6.2929168,6.7212501,7.4008331,7.8920832,8.5316668,9.7091665,1,PUB -HOT MEAL,A. Pub Meal,289
201203,220107,4.9416666,5.38375,5.8366666,6.1904163,6.8137498,7.4324999,8.0137501,8.5891666,9.7741671,1,PUB -HOT MEAL,A. Pub Meal,290
201204,220107,4.9366665,5.4549999,5.9724998,6.4516664,6.8045831,7.500833,8.0262499,8.5783329,9.8149996,1,PUB -HOT MEAL,A. Pub Meal,291
201205,220107,4.8975,5.5083332,5.9099998,6.4266663,6.8408332,7.4845834,7.9958334,8.5599995,9.7141666,1,PUB -HOT MEAL,A. Pub Meal,292
201206,220107,4.9937501,5.4891667,5.9566665,6.4566665,6.8891664,7.4612498,7.9491668,8.5783329,9.770833,1,PUB -HOT MEAL,A. Pub Meal,293
201207,220107,4.9808331,5.5887499,6.0191665,6.4862499,6.9641666,7.5274997,7.9899998,8.5862503,9.9274998,1,PUB -HOT MEAL,A. Pub Meal,294
201208,220107,5.0025001,5.5783334,6.0241666,6.5166664,7.0025001,7.5470834,8.0679169,8.6899996,9.9683332,1,PUB -HOT MEAL,A. Pub Meal,295
201209,220107,5.0174999,5.5608335,5.9712501,6.4558334,6.8204165,7.5095835,8.0637503,8.6412497,9.9533329,1,PUB -HOT MEAL,A. Pub Meal,296
201210,220107,4.9791665,5.5758333,6.0374999,6.5779166,6.8899999,7.5495834,8.1116667,8.6633329,9.8666668,1,PUB -HOT MEAL,A. Pub Meal,297
201211,220107,5,5.5129166,6.0683331,6.5524998,6.92625,7.6295834,8.0929165,8.6274996,9.8308334,1,PUB -HOT MEAL,A. Pub Meal,298
201212,220107,5.0504165,5.5149999,6.0245833,6.5287499,6.8945832,7.585,8.0862503,8.7920837,9.7362499,1,PUB -HOT MEAL,A. Pub Meal,299
201301,220107,5.0170832,5.5050001,6.0404167,6.5450001,6.9591665,7.6462498,8.2637501,8.8400002,9.8245831,1,PUB -HOT MEAL,A. Pub Meal,300
201302,220107,5.0041666,5.4933333,6.0037498,6.5645833,6.9929166,7.5966663,8.3125,8.8262501,10.1025,1,PUB -HOT MEAL,A. Pub Meal,301
201303,220107,5.0124998,5.5166664,6.0183334,6.5595832,7.03125,7.7366667,8.1925001,8.9491663,10.161667,1,PUB -HOT MEAL,A. Pub Meal,302
201304,220107,5.0499997,5.6091666,6.2483335,6.6745834,7.2058334,7.7516665,8.3316669,9.0083332,9.9949999,1,PUB -HOT MEAL,A. Pub Meal,303
201305,220107,5.0366664,5.6254168,6.2325001,6.6608334,7.1725001,7.7725,8.3116665,9.1062498,10.27,1,PUB -HOT MEAL,A. Pub Meal,304
201306,220107,5.0458331,5.6420832,6.2558331,6.665,7.1754165,7.7962499,8.373333,9.1904163,10.399166,1,PUB -HOT MEAL,A. Pub Meal,305
201307,220107,5.0879164,5.6616669,6.2679167,6.6983333,7.2241669,7.7379165,8.3599997,9.1883335,10.134583,1,PUB -HOT MEAL,A. Pub Meal,306
201308,220107,5.1116667,5.6591668,6.2725,6.7441664,7.2054167,7.8024998,8.3400002,9.2495832,10.286667,1,PUB -HOT MEAL,A. Pub Meal,307
201309,220107,5.1391668,5.7424998,6.3158331,6.7550001,7.2520833,7.8125,8.3900003,9.2908335,10.2775,1,PUB -HOT MEAL,A. Pub Meal,308
201310,220107,5.1533332,5.8366666,6.3499999,6.7424998,7.2362499,7.8191667,8.3608332,9.2562494,10.235833,1,PUB -HOT MEAL,A. Pub Meal,309
201311,220107,5.1500001,5.8295832,6.3108335,6.7925,7.3150001,7.9258332,8.4566669,9.3237495,10.2075,1,PUB -HOT MEAL,A. Pub Meal,310
201312,220107,5.1708331,5.8175001,6.3775001,6.8716664,7.3400002,7.9266667,8.4949999,9.4408331,10.445833,1,PUB -HOT MEAL,A. Pub Meal,311
201401,220107,5.1358333,5.8741665,6.4416666,6.8933334,7.4041667,8.0333328,8.5358334,9.3741665,10.490833,1,PUB -HOT MEAL,A. Pub Meal,312
201402,220107,5.19875,5.8679166,6.3566666,6.8345833,7.3533335,7.9324999,8.7849998,9.3704166,10.409166,1,PUB -HOT MEAL,A. Pub Meal,313
201403,220107,5.3229165,5.9770832,6.3954167,6.8562498,7.3841667,7.8695831,8.810833,9.3579168,10.476666,1,PUB -HOT MEAL,A. Pub Meal,314
201404,220107,5.28125,5.9187498,6.3795834,6.8379164,7.3770833,7.8829165,8.8433332,9.4879169,10.571667,1,PUB -HOT MEAL,A. Pub Meal,315
201405,220107,5.2820835,5.8983331,6.4225001,6.8791666,7.4412498,7.9337502,8.7858334,9.5562496,10.652917,1,PUB -HOT MEAL,A. Pub Meal,316
201406,220107,5.2691665,5.90625,6.4737501,6.904583,7.4533334,7.9716663,8.79,9.6758337,10.554584,1,PUB -HOT MEAL,A. Pub Meal,317
201407,220107,5.3241668,5.998333,6.4699998,6.8741665,7.5241666,8.0670834,8.8408337,9.6908331,10.710834,1,PUB -HOT MEAL,A. Pub Meal,318
201408,220107,5.3054166,5.8983331,6.4379168,6.8979168,7.5174999,8.1454163,8.8320827,9.7124996,10.646667,1,PUB -HOT MEAL,A. Pub Meal,319
201409,220107,5.3274999,5.9175,6.4324999,6.9104166,7.4904165,8.0524998,8.8458328,9.6941662,10.719167,1,PUB -HOT MEAL,A. Pub Meal,320
201410,220107,5.4229164,6.0108333,6.5699997,6.9499998,7.5499997,8.060833,8.8166666,9.6729164,10.675833,1,PUB -HOT MEAL,A. Pub Meal,321
201411,220107,5.4291668,6.0499997,6.5583334,6.9699998,7.5974998,8.0958328,8.8533335,9.7470837,10.66,1,PUB -HOT MEAL,A. Pub Meal,322
201412,220107,5.4400001,6.0516667,6.5916667,6.9504166,7.6220832,8.1579161,8.8783331,9.7524996,10.743333,1,PUB -HOT MEAL,A. Pub Meal,323
201501,220107,5.4175,6.0654163,6.6216664,6.9454165,7.6124997,8.208333,8.8249998,9.7245827,10.664166,1,PUB -HOT MEAL,A. Pub Meal,324
201502,220107,5.4641666,6.0808334,6.5891666,7.0158334,7.71,8.1116667,8.7325001,9.7058334,10.919167,1,PUB -HOT MEAL,A. Pub Meal,325
201503,220107,5.44625,6.1025,6.603333,7.0241666,7.6183333,8.17875,8.7941666,9.7141666,10.862917,1,PUB -HOT MEAL,A. Pub Meal,326
201504,220107,5.4304166,6.1566668,6.6341667,7.0674996,7.7354164,8.21875,8.8366661,9.708333,10.880417,1,PUB -HOT MEAL,A. Pub Meal,327
201505,220107,5.4970832,6.1895833,6.6508331,7.125,7.7029166,8.2687502,8.958333,9.7058334,10.87625,1,PUB -HOT MEAL,A. Pub Meal,328
201506,220107,5.6008334,6.2774997,6.73,7.1908331,7.770833,8.3883333,9.1516666,9.8716669,10.9325,1,PUB -HOT MEAL,A. Pub Meal,329
201507,220107,5.6008334,6.1983333,6.6824999,7.1416664,7.7729168,8.3791666,9.0616665,9.8591661,10.890833,1,PUB -HOT MEAL,A. Pub Meal,330
201508,220107,5.6166668,6.310833,6.6949997,7.1191664,7.7066665,8.2558336,8.9724998,9.8050003,10.786667,1,PUB -HOT MEAL,A. Pub Meal,331
201509,220107,5.6124997,6.3058333,6.6949997,7.1599998,7.6691666,8.2091665,9.0683336,9.8779163,10.87,1,PUB -HOT MEAL,A. Pub Meal,332
201510,220107,5.6395831,6.3474998,6.7608333,7.2616668,7.8208332,8.2991667,9.0775003,9.9324999,11.159166,1,PUB -HOT MEAL,A. Pub Meal,333
201511,220107,5.6541667,6.3474998,6.7491665,7.2258334,7.750833,8.3149996,9.123333,9.9025002,11.044167,1,PUB -HOT MEAL,A. Pub Meal,334
201512,220107,5.6741667,6.438333,6.7958331,7.2725,7.8145833,8.3725004,9.1166668,10.003333,11.035833,1,PUB -HOT MEAL,A. Pub Meal,335
201601,220107,5.6612501,6.4029164,6.7458334,7.2558331,7.8079166,8.2775002,9.2391663,10.037084,11.079166,1,PUB -HOT MEAL,A. Pub Meal,336
201602,220107,5.6333332,6.3787498,6.8391666,7.3199997,7.73875,8.4058332,8.9849997,9.7716665,11.430833,1,PUB -HOT MEAL,A. Pub Meal,337
201603,220107,5.5958333,6.4458332,6.8704166,7.2474999,7.7137499,8.3487501,8.9008331,9.8070831,11.256666,1,PUB -HOT MEAL,A. Pub Meal,338
201604,220107,5.6116667,6.4820833,6.8820834,7.3104167,7.8833332,8.3787498,9.0424995,9.8254166,11.363333,1,PUB -HOT MEAL,A. Pub Meal,339
201605,220107,5.8158331,6.5337501,6.915,7.3129168,7.8841667,8.3924999,9.1800003,9.8258333,11.384167,1,PUB -HOT MEAL,A. Pub Meal,340
201606,220107,5.7399998,6.5041666,6.9070835,7.3424997,7.9662499,8.4624996,9.1766663,9.8362503,11.384583,1,PUB -HOT MEAL,A. Pub Meal,341
201607,220107,5.6591663,6.4683332,6.8724999,7.3087502,7.8158331,8.3924999,9.1308327,10.051666,11.612083,1,PUB -HOT MEAL,A. Pub Meal,342
201608,220107,5.5941668,6.4445834,6.8983331,7.3295832,7.7687502,8.3291664,9.2091665,9.8808327,11.23,1,PUB -HOT MEAL,A. Pub Meal,343
201609,220107,5.6700001,6.5108333,6.9858332,7.3533335,7.7487497,8.5062504,9.0633335,9.8891668,11.005,1,PUB -HOT MEAL,A. Pub Meal,344
201610,220107,5.6700001,6.49125,6.9191666,7.4433331,7.7687502,8.4716663,9.2716665,9.9504166,11.184167,1,PUB -HOT MEAL,A. Pub Meal,345
201611,220107,5.7824998,6.5237498,7.0450001,7.42875,7.8266668,8.5345831,9.3008327,10.093333,11.226666,1,PUB -HOT MEAL,A. Pub Meal,346
201612,220107,5.7866664,6.5362501,6.9650002,7.5083332,7.9629164,8.4949999,9.3299999,10.065416,11.420834,1,PUB -HOT MEAL,A. Pub Meal,347
201701,220107,5.7883334,6.5204167,6.9612498,7.4641666,7.9458332,8.5245829,9.2912502,10.134167,11.518333,1,PUB -HOT MEAL,A. Pub Meal,348
201702,220107,5.7908335,6.4375,6.9666667,7.4650002,7.9191666,8.439167,9.3979168,10.178333,11.259583,1,PUB -HOT MEAL,A. Pub Meal,349
201703,220107,5.8320832,6.4850001,6.938333,7.6029167,7.9991665,8.4724998,9.5325003,10.14125,11.465,1,PUB -HOT MEAL,A. Pub Meal,350
201704,220107,5.8266668,6.5079165,6.9449997,7.6054163,7.9816666,8.552083,9.4683332,10.144167,11.493333,1,PUB -HOT MEAL,A. Pub Meal,351
201705,220107,5.8883333,6.6300001,7.1195831,7.6900001,7.9945831,8.8199997,9.6395836,10.42,11.53875,1,PUB -HOT MEAL,A. Pub Meal,352
201706,220107,5.8699999,6.6174998,7.2424998,7.6574998,8.0212498,8.9716663,9.7474995,10.583333,11.7175,1,PUB -HOT MEAL,A. Pub Meal,353
201707,220107,5.9208331,6.7079167,7.2666664,7.6912498,8.0579166,8.9087496,9.7674999,10.505417,11.738333,1,PUB -HOT MEAL,A. Pub Meal,354
201708,220107,5.8299999,6.6487498,7.2241669,7.6941667,8.1149998,8.8249998,9.7883329,10.513333,11.693334,1,PUB -HOT MEAL,A. Pub Meal,355
201709,220107,5.8995833,6.6616664,7.2533331,7.8616667,8.1529169,8.7491665,9.7166672,10.549167,11.61,1,PUB -HOT MEAL,A. Pub Meal,356
201710,220107,5.9175,6.6408334,7.2458334,7.86375,8.2266665,8.8508329,9.8508329,10.57,11.669167,1,PUB -HOT MEAL,A. Pub Meal,357
201711,220107,5.9254165,6.7066665,7.2716665,7.8879166,8.2183332,8.9291668,9.9108334,10.67,11.735,1,PUB -HOT MEAL,A. Pub Meal,358
201712,220107,5.9333334,6.8104167,7.2833333,7.8216667,8.2229166,8.8408337,9.9475002,10.696667,11.735,1,PUB -HOT MEAL,A. Pub Meal,359
201801,220107,5.9283333,6.7799997,7.3325,7.9299998,8.3016663,8.9899998,9.8991661,10.6825,11.69375,1,PUB -HOT MEAL,A. Pub Meal,360
201802,220107,5.9183331,6.6954165,7.2999997,7.8537498,8.282917,8.92875,9.4866667,10.635834,11.591249,1,PUB -HOT MEAL,A. Pub Meal,361
201803,220107,5.9683332,6.7691665,7.4158335,7.8491664,8.2837496,8.8774996,9.5912504,10.595,11.4625,1,PUB -HOT MEAL,A. Pub Meal,362
201804,220107,6.0333333,6.8158331,7.4541664,7.8641667,8.3237495,8.9716663,9.7600002,10.87,11.550833,1,PUB -HOT MEAL,A. Pub Meal,363
201805,220107,6.0233331,6.7808332,7.4616666,7.9124999,8.3179169,9.0524998,9.895833,10.85625,11.6975,1,PUB -HOT MEAL,A. Pub Meal,364
201806,220107,5.9866667,6.8420835,7.4933333,7.9329166,8.4133329,8.9237499,9.7566662,10.83875,11.785,1,PUB -HOT MEAL,A. Pub Meal,365
201807,220107,6.0266666,6.8383331,7.4450002,7.9549999,8.4349995,9.0308332,9.6908331,10.886666,11.648334,1,PUB -HOT MEAL,A. Pub Meal,366
201808,220107,6.0691667,6.8470831,7.4358335,7.8933334,8.5150003,8.9633331,9.8366661,10.825417,11.815833,1,PUB -HOT MEAL,A. Pub Meal,367
201809,220107,6.0862498,6.8633332,7.4650002,7.8591666,8.4712496,9.1995831,9.9616661,10.85,11.879167,1,PUB -HOT MEAL,A. Pub Meal,368
201810,220107,6.1604166,7.1716666,7.5816665,8.0058336,8.6508331,9.2537498,9.8908329,10.802083,11.965834,1,PUB -HOT MEAL,A. Pub Meal,369
201811,220107,6.1683331,7.1349998,7.6533332,8.0658331,8.5262499,9.1920834,9.9966669,11.03125,12.081667,1,PUB -HOT MEAL,A. Pub Meal,370
201812,220107,6.0474997,7.1208334,7.6366668,8.0420837,8.6833334,9.2512503,9.958333,11.02125,12.3,1,PUB -HOT MEAL,A. Pub Meal,371
201901,220107,5.9533334,6.9625001,7.6158333,7.9391665,8.6408329,9.1341667,10.071667,11.100833,12.279166,1,PUB -HOT MEAL,A. Pub Meal,372
201902,220107,5.9808331,6.7704167,7.4883332,8.0058336,8.4804163,9.1820831,10.014584,10.916667,12.224584,1,PUB -HOT MEAL,A. Pub Meal,373
201903,220107,6.0758333,6.9054165,7.5,8.0708332,8.5924997,9.3045835,10,11.03,12.056666,1,PUB -HOT MEAL,A. Pub Meal,374
201904,220107,6.1183333,6.8670835,7.4970832,8.1374998,8.6274996,9.3508329,10.149166,11.064167,12.2425,1,PUB -HOT MEAL,A. Pub Meal,375
201905,220107,6.1500001,6.9229164,7.4787498,8.2124996,8.7733335,9.4158335,10.172916,11.084583,12.207084,1,PUB -HOT MEAL,A. Pub Meal,376
201906,220107,6.1616664,6.8508334,7.4691668,8.1324997,8.8562498,9.4470835,10.184999,11.134583,12.309584,1,PUB -HOT MEAL,A. Pub Meal,377
201907,220107,6.1300001,6.8845835,7.5524998,8.2524996,8.7745829,9.4320831,10.201667,11.165,12.309584,1,PUB -HOT MEAL,A. Pub Meal,378
201908,220107,6.2041664,6.9154167,7.6808333,8.2808332,8.8395834,9.4579163,10.313334,11.149166,12.3525,1,PUB -HOT MEAL,A. Pub Meal,379
201909,220107,6.1925001,6.9591665,7.6816664,8.3466663,8.8254166,9.4779167,10.296666,11.189583,12.373333,1,PUB -HOT MEAL,A. Pub Meal,380
201910,220107,6.2058334,6.9791665,7.7762499,8.3070831,8.8149996,9.5950003,10.30375,11.160833,12.385,1,PUB -HOT MEAL,A. Pub Meal,381
201911,220107,6.3683333,7,7.7791667,8.3545837,8.8845835,9.5491667,10.388333,11.069166,12.416667,1,PUB -HOT MEAL,A. Pub Meal,382
201912,220107,6.375,6.9570832,7.7854166,8.4274998,8.8866663,9.614583,10.409166,11.142083,12.45875,1,PUB -HOT MEAL,A. Pub Meal,383
202001,220107,6.3683333,7.310833,7.8708334,8.458333,8.876667,9.6079168,10.3125,11.0925,12.445833,1,PUB -HOT MEAL,A. Pub Meal,384
202002,220107,6.3083334,7.1949997,7.8887501,8.4674997,8.9004164,9.6837502,10.273334,11.28875,12.574583,1,PUB -HOT MEAL,A. Pub Meal,385
202003,220107,6.4283333,6.9716663,7.7783332,8.496666,8.9549999,9.5991669,10.358334,11.15,12.62375,1,PUB -HOT MEAL,A. Pub Meal,386
202007,220107,6.7449999,7.4279165,7.8858333,8.2058334,8.6754169,9.3591661,9.9783335,10.873333,12.092916,1,PUB -HOT MEAL,A. Pub Meal,390
202008,220107,5.4790001,6.2582498,6.5965834,7.1334581,7.4565415,7.9893332,8.7197914,9.5393753,10.719666,1,PUB -HOT MEAL,A. Pub Meal,391
202009,220107,6.6955414,7.3441668,8.1359997,8.5873337,8.9652081,9.5170002,10.025084,11.072083,12.422083,1,PUB -HOT MEAL,A. Pub Meal,392
202010,220107,6.8151665,7.4767499,8.2147503,8.6764164,9.0436249,9.6367502,10.36125,11.259916,12.537084,1,PUB -HOT MEAL,A. Pub Meal,393
202012,220107,7.4357915,8.0474997,8.4975004,9.2029171,9.4933329,10.018333,10.620333,11.504416,12.662,1,PUB -HOT MEAL,A. Pub Meal,395
