date,date3,quote_date,month,quarter,year,p,up,down,level,up12,down12,level12,change,up_sh,down_sh,level_sh,change_sh,up12_sh,down12_sh,level12_sh,obs_panel,obs,CPI,inflation,net12_sh
1,01-02-1988,198802,2,1,1988,35459,0,0,0,0,0,0,0,,,,,,,,35459,51065,48.6,,
2,01-03-1988,198803,3,1,1988,35240,3728,1884,26070,0,0,0,5612,.10578888,.053461976,.73978436,.15925086,,,,35240,49987,48.7,,
3,01-04-1988,198804,4,2,1988,36066,6599,1762,23652,0,0,0,8361,.18297011,.048854876,.65579772,.23182499,,,,36066,51716,49.3,,
4,01-05-1988,198805,5,2,1988,35869,3512,2262,27109,0,0,0,5774,.097911842,.063062809,.75577796,.16097465,,,,35869,51209,49.5,,
5,01-06-1988,198806,6,2,1988,35811,3107,1934,27415,0,0,0,5041,.08676105,.054005753,.76554692,.1407668,,,,35811,51126,49.7,,
6,01-07-1988,198807,7,3,1988,36038,3227,3121,25180,0,0,0,6348,.089544371,.086603031,.69870692,.1761474,,,,36038,50053,49.7,,
7,01-08-1988,198808,8,3,1988,,,,,,,,,,,,,,,,0,0,49.9,,
8,01-09-1988,198809,9,3,1988,34038,0,0,0,0,0,0,0,,,,,,,,34038,47264,50.1,,
9,01-10-1988,198810,10,4,1988,35834,3534,1630,25105,0,0,0,5164,.098621421,.045487527,.70059162,.14410895,,,,35834,50282,50.3,,
10,01-11-1988,198811,11,4,1988,35351,3990,2016,26072,0,0,0,6006,.11286809,.057028089,.73751801,.16989619,,,,35351,49281,50.5,,
11,01-12-1988,198812,12,4,1988,36701,2743,1559,28115,0,0,0,4302,.074739106,.042478405,.76605541,.11721751,,,,36701,51813,50.6,,
12,01-01-1989,198901,1,1,1989,35145,5191,3141,23183,0,0,0,8332,.14770238,.089372598,.65963864,.23707497,,,,35145,48551,50.8,,
13,01-02-1989,198902,2,1,1989,,,,,,,,,,,,,,,,0,0,51,.049382687,
14,01-03-1989,198903,3,1,1989,41887,0,0,0,15694,4109,6158,0,,,,,.37467471,.098097265,.14701459,41887,57413,51.2,.051334739,.27657744
15,01-04-1989,198904,4,2,1989,12740,2209,784,8530,4672,1329,1870,2993,.1733909,.061538462,.66954476,.23492935,.36671901,.10431711,.14678179,12740,20572,51.9,.052738309,.26240188
16,01-05-1989,198905,5,2,1989,42317,1944,839,8987,15984,4184,6215,2783,,,,,.37772053,.098872796,.14686769,42317,57869,52.2,.054545403,.27884775
17,01-06-1989,198906,6,2,1989,42455,3683,2107,32881,16132,4092,6275,5790,.086750679,.049629018,.77449065,.13637969,.37997881,.096384406,.14780356,42455,58028,52.3,.052313924,.2835944
18,01-07-1989,198907,7,3,1989,41792,4992,3932,28376,16198,4007,5969,8924,.1194487,.094084993,.6789816,.21353368,.38758615,.095879592,.14282638,41792,56793,52.3,.052313924,.29170656
19,01-08-1989,198908,8,3,1989,41236,4565,2815,30111,0,0,0,7380,.11070424,.068265595,.73021144,.17896983,,,,41236,55705,52.4,.050100207,
20,01-09-1989,198909,9,3,1989,41727,4717,2190,29662,15444,3636,5349,6907,.11304431,.052484002,.7108587,.16552831,.37012008,.087137826,.12819038,41727,56655,52.7,.051896214,.28298226
21,01-10-1989,198910,10,4,1989,40912,5777,1981,28368,16250,3630,5555,7758,.14120552,.048421003,.69339067,.18962651,.39719397,.088727027,.13577923,40912,55533,53.1,.05566597,.30846694
22,01-11-1989,198911,11,4,1989,42544,4538,2230,30199,16903,3561,5684,6768,.10666604,.052416321,.70982981,.15908237,.39730632,.083701581,.13360286,42544,57758,53.3,.055445552,.31360474
23,01-12-1989,198912,12,4,1989,40845,3809,2399,31614,16784,3631,5476,6208,.093254991,.058734238,.77399927,.15198922,.41091934,.088897049,.13406782,40845,54852,53.4,.055335999,.32202229
24,01-01-1990,199001,1,1,1990,40857,5695,3152,25400,16521,3491,5455,8847,.13938861,.077147126,.6216805,.21653572,.40436155,.085444354,.13351445,40857,54121,53.6,.055118084,.31891719
25,01-02-1990,199002,2,1,1990,45692,5345,2151,29385,0,0,0,7496,.1169789,.047076076,.64311039,.16405497,,,,45692,60253,54,.058823586,
26,01-03-1990,199003,3,1,1990,46154,5410,2312,33751,20604,4500,6639,7722,.11721627,.050093167,.73126924,.16730945,.44641852,.097499676,.14384452,46154,60923,54.2,.05859375,.34891886
27,01-04-1990,199004,4,2,1990,46210,9817,2171,29248,6985,1269,1757,11988,.21244319,.046981174,.6329366,.25942436,,,,46210,60819,55.2,.063583851,
28,01-05-1990,199005,5,2,1990,46421,7504,3053,31198,21873,4253,6169,10557,.16165097,.065767646,.67206651,.22741863,.47118762,.091618016,.13289244,46421,61136,55.7,.067049861,.37956959
29,01-06-1990,199006,6,2,1990,46944,4668,3056,34507,21875,4653,5953,7724,.099437624,.065098844,.73506731,.16453648,.46598074,.099118099,.12681067,46944,62259,55.9,.068833709,.36686265
30,01-07-1990,199007,7,3,1990,44950,5599,4859,29418,20642,4484,5392,10458,.12456062,.10809789,.65446049,.23265851,.45922136,.099755287,.1199555,44950,59060,55.8,.066921592,.35946608
31,01-08-1990,199008,8,3,1990,45293,6962,3015,30099,21097,4333,5199,9977,.15371029,.066566579,.66453975,.22027686,.46578941,.095665999,.11478595,45293,60067,56.4,.076335907,.37012342
32,01-09-1990,199009,9,3,1990,46122,6190,2610,30943,21524,4111,4908,8800,.13420928,.056589045,.67089456,.19079831,.46667534,.089133166,.10641342,46122,61285,57,.081593871,.37754217
33,01-10-1990,199010,10,4,1990,46861,7320,2966,30812,21129,4070,4953,10286,.15620665,.063293569,.65751904,.21950023,.45088667,.08685261,.10569557,46861,62163,57.4,.080979228,.36403406
34,01-11-1990,199011,11,4,1990,48942,5356,3797,33729,22324,4366,5369,9153,.10943566,.077581629,.68916267,.18701729,.45613176,.089207634,.10970128,48942,65091,57.5,.078799248,.36692411
35,01-12-1990,199012,12,4,1990,48573,5004,3819,35375,20950,4207,4678,8823,.1030202,.078623928,.72828525,.18164413,.43130958,.086611904,.096308649,48573,63911,57.5,.076779008,.34469768
36,01-01-1991,199101,1,1,1991,44560,7721,6013,25321,19838,4071,4145,13734,.173272,.13494165,.56824505,.30821365,.44519749,.091359966,.093020648,44560,57581,57.4,.070895553,.35383752
37,01-02-1991,199102,2,1,1991,53277,6019,3183,28587,20853,4755,4334,9202,.11297558,.059744354,.53657299,.17271994,.39140716,.08925052,.081348427,53277,68575,57.7,.068518519,.30215663
38,01-03-1991,199103,3,1,1991,54923,6645,3703,38165,21976,4982,4755,10348,.12098756,.06742166,.69488192,.18840922,.4001238,.090708807,.086575754,54923,71151,57.9,.068265676,.30941498
39,01-04-1991,199104,4,2,1991,56273,21632,3187,23235,22512,4801,3761,24819,.38441169,.05663462,.41289783,.44104633,.40004975,.085316226,.066834897,56273,72853,59.9,.085144877,.31473351
40,01-05-1991,199105,5,2,1991,59061,8567,4028,35429,21760,4809,3553,12595,.14505342,.06820067,.59987134,.21325409,.36843264,.081424288,.060158141,59061,74482,60.3,.082585335,.28700835
41,01-06-1991,199106,6,2,1991,61249,7036,4670,42185,22380,4573,3622,11706,.11487535,.076246142,.68874592,.19112149,.36539373,.074662447,.059135661,61249,77477,60.6,.08407867,.29073128
42,01-07-1991,199107,7,3,1991,63435,7818,7731,38443,21314,4676,3552,15549,.12324426,.12187278,.60602194,.24511705,.33599749,.07371325,.055994324,63435,78589,60.5,.08422935,.26228425
43,01-08-1991,199108,8,3,1991,62510,7191,5546,44764,21364,4699,3600,12737,.11503759,.088721804,.7161094,.2037594,.34176931,.07517197,.057590786,62510,77622,60.9,.079787254,.26659733
44,01-09-1991,199109,9,3,1991,68122,6511,4965,43477,20988,5443,3721,11476,.095578521,.072883941,.63822258,.16846247,.30809429,.079900764,.054622591,68122,84335,61.1,.071929812,.22819352
45,01-10-1991,199110,10,4,1991,70068,8222,5626,47475,21016,5679,3911,13848,.11734315,.080293432,.6775561,.19763657,.29993722,.081049837,.055817205,70068,87414,61.3,.067944288,.21888739
46,01-11-1991,199111,11,4,1991,73918,8624,5345,51429,23272,5636,4354,13969,.11666983,.072309859,.69575745,.18897969,.31483537,.076246649,.058903109,73918,92291,61.5,.069565177,.23858872
47,01-12-1991,199112,12,4,1991,75882,7547,6053,55793,22982,5480,4406,13600,.099457055,.079768591,.73526001,.17922564,.30286497,.07221739,.058063835,75882,94958,61.6,.071304321,.23064758
48,01-01-1992,199201,1,1,1992,73230,9843,10012,47316,21075,4977,4431,19855,.13441212,.13671993,.64612865,.27113205,.28779188,.06796395,.060507987,73230,90912,61.4,.069686413,.21982792
49,01-02-1992,199202,2,1,1992,75957,8312,3930,44032,22501,5484,4706,12242,.10943034,.051739801,.57969642,.16117014,.29623339,.072198741,.061956108,75957,90929,61.7,.069324136,.22403464
50,01-03-1992,199203,3,1,1992,75612,9165,4736,55850,23462,5576,5041,13901,.12121092,.062635563,.73863935,.18384647,.31029466,.073744908,.066669315,75612,90207,62,.070811749,.23654975
51,01-04-1992,199204,4,2,1992,79424,14367,5920,49158,21204,7055,6850,20287,.1808899,.074536666,.61893129,.25542659,.26697221,.088827051,.086245969,79424,94520,62.7,.046744585,.17814517
52,01-05-1992,199205,5,2,1992,81214,9874,5822,58901,23378,8160,7949,15696,.12158002,.071687147,.72525674,.19326717,.28785679,.10047529,.097877212,81214,96568,62.9,.043117762,.18738151
53,01-06-1992,199206,6,2,1992,82875,8332,7051,60746,23959,8719,8510,15383,.10053695,.085079938,.73298341,.1856169,.28909802,.10520664,.10268477,82875,98437,62.9,.037953854,.18389139
54,01-07-1992,199207,7,3,1992,82758,9331,11168,55647,24129,9015,8747,20499,.11275043,.13494767,.67240632,.24769811,.29156095,.10893207,.10569371,82758,98202,62.6,.034710765,.18262887
55,01-08-1992,199208,8,3,1992,83050,8070,7794,61224,23502,9169,8999,15864,.097170383,.093847081,.73719448,.19101746,.28298616,.11040337,.10835641,83050,98595,62.7,.029556632,.17258279
56,01-09-1992,199209,9,3,1992,84452,8766,6523,61725,25837,9864,10311,15289,.10379861,.077239141,.73088855,.18103775,.30593711,.11680008,.12209302,84452,100395,62.9,.029459953,.18913704
57,01-10-1992,199210,10,4,1992,84757,10671,6679,61431,26693,9598,10868,17350,.1259011,.078801751,.72478968,.20470285,.31493565,.11324138,.1282254,84757,100846,63.1,.029363751,.20169428
58,01-11-1992,199211,11,4,1992,85493,10194,6935,63454,27879,10446,11685,17129,.11923783,.081117749,.74221283,.20035559,.32609686,.12218544,.13667786,85493,101767,63.1,.026016235,.20391142
59,01-12-1992,199212,12,4,1992,84914,10033,6855,63026,28210,10557,11744,16888,.11815484,.08072874,.74223334,.19888358,.33221847,.12432579,.13830464,84914,101025,63.2,.025974035,.20789269
60,01-01-1993,199301,1,1,1993,84940,10073,10948,54922,26884,9939,11356,21021,.11858959,.12889098,.64659762,.24748057,.31650576,.11701201,.13369437,84940,101122,62.8,.02280128,.19949375
61,01-02-1993,199302,2,1,1993,89688,11658,5782,58666,31045,12888,14112,17440,.12998395,.064467937,.65411204,.19445188,.34614441,.14369816,.15734546,89688,105604,63.2,.024311185,.20244625
62,01-03-1993,199303,3,1,1993,90799,12814,6430,64637,32054,12641,14394,19244,.1411249,.070815757,.71186906,.21194066,.3530215,.1392196,.15852597,90799,107092,63.6,.025806427,.21380191
63,01-04-1993,199304,4,2,1993,91729,16942,7536,60391,34039,13673,15001,24478,.18469623,.082155041,.65836322,.26685128,.37108222,.14905864,.16353607,91729,108050,64.3,.025518298,.22202358
64,01-05-1993,199305,5,2,1993,94217,10788,7138,68922,35175,14125,15612,17926,.11450163,.075761274,.73152405,.1902629,.37334028,.14991987,.16570258,94217,111087,64.5,.025437236,.22342041
65,01-06-1993,199306,6,2,1993,94264,9307,7855,73354,35431,14870,16219,17162,.098733343,.083329797,.77817619,.18206315,.3758699,.15774845,.17205933,94264,111072,64.5,.025437236,.21812145
66,01-07-1993,199307,7,3,1993,94821,9301,10611,68494,35967,14560,16072,19912,.098090082,.11190559,.72235054,.20999567,.37931472,.15355249,.16949832,94821,111736,64.2,.025559068,.22576223
67,01-08-1993,199308,8,3,1993,94780,11441,8018,69831,35830,14067,16400,19459,.12071112,.084595904,.73676938,.20530702,.37803334,.14841738,.17303228,94780,111577,64.5,.0287081,.22961596
68,01-09-1993,199309,9,3,1993,96495,10929,7171,70760,36572,14219,17086,18100,.11325976,.074314728,.73330224,.18757449,.37900409,.14735478,.17706616,96495,113472,64.8,.03020668,.23164931
69,01-10-1993,199310,10,4,1993,96451,9323,8696,72660,36179,14762,17713,18019,.09666048,.090159774,.75333589,.18682025,.37510237,.15305181,.18364766,96451,113796,64.7,.025356531,.22205056
70,01-11-1993,199311,11,4,1993,96331,8136,8551,75506,36226,15235,18228,16687,.084458791,.088766858,.7838183,.17322566,.37605757,.15815262,.18922257,96331,113474,64.59999999999999,.023771763,.21790494
71,01-12-1993,199312,12,4,1993,97310,9828,6529,75565,35843,15329,18181,16357,.10099681,.067094855,.77653891,.16809167,.36833829,.15752749,.18683589,97310,114457,64.7,.023734212,.2108108
72,01-01-1994,199401,1,1,1994,96405,11194,10743,69561,36193,15298,18948,21937,.11611431,.11143613,.72154969,.22755043,.37542659,.15868472,.19654582,96405,113415,64.5,.027070045,.21674187
73,01-02-1994,199402,2,1,1994,93950,10619,6917,66244,35197,15663,19969,17536,.11302821,.073624268,.70509845,.18665248,.37463546,.16671634,.21254922,93950,109226,64.8,.025316477,.20791912
74,01-03-1994,199403,3,1,1994,94589,9414,6286,70322,33987,16146,21226,15700,.099525318,.06645593,.74344796,.16598125,.35931239,.17069638,.22440241,94589,109122,65,.022012591,.18861601
75,01-04-1994,199404,4,2,1994,94068,11080,7028,66778,32057,15915,21832,18108,.11778713,.074711911,.70989072,.19249904,.34078538,.16918612,.23208743,94068,108186,65.5,.018662572,.17159927
76,01-05-1994,199405,5,2,1994,102551,10605,7540,70512,34716,18504,23556,18145,.10341196,.073524393,.68757981,.17693636,.33852425,.18043706,.22970034,102551,119067,65.8,.020155072,.15808719
77,01-06-1994,199406,6,2,1994,102149,10203,7238,79862,34958,17426,23890,17441,.099883504,.070857279,.78181869,.17074078,.34222558,.17059393,.23387405,102149,118695,65.8,.020155072,.17163165
78,01-07-1994,199407,7,3,1994,103741,8495,11791,76570,34973,18206,24366,20286,.081886619,.11365806,.73808813,.19554467,.33711839,.17549475,.23487338,103741,120570,65.40000000000001,.01869154,.16162364
79,01-08-1994,199408,8,3,1994,93085,10048,6537,70865,31753,15506,22781,16585,.10794435,.07022614,.76129347,.17817049,.34111834,.16657893,.2447333,93085,106634,65.7,.018604636,.1745394
80,01-09-1994,199409,9,3,1994,100875,8309,7057,69890,34774,17269,25004,15366,.082369268,.069957867,.69283766,.15232714,.34472367,.17119206,.24787113,100875,116814,65.8,.015432119,.17353161
81,01-10-1994,199410,10,4,1994,99985,10311,10151,72184,35156,17370,24818,20462,.10312547,.10152523,.72194827,.2046507,.35161275,.17372605,.24821724,99985,115660,65.7,.015455961,.17788669
82,01-11-1994,199411,11,4,1994,101255,9464,7387,78040,36512,17044,25185,16851,.09346699,.072954424,.7707274,.16642141,.36059454,.1683275,.24872845,101255,117297,65.7,.017027855,.19226705
83,01-12-1994,199412,12,4,1994,100583,9977,6303,79241,36623,16928,25184,16280,.09919171,.062664665,.787817,.16185638,.36410725,.16829881,.25038028,100583,116315,66,.020092726,.19580844
84,01-01-1995,199501,1,1,1995,99591,15347,8978,70549,37737,16205,24376,24325,.15410027,.09014871,.70838732,.24424897,.37891978,.16271551,.24476108,99591,115148,66,.023255825,.21620427
85,01-02-1995,199502,2,1,1995,97294,17622,10808,50827,35487,14930,20016,28430,.18112114,.11108599,.52240634,.29220712,.36473987,.15345243,.20572697,97294,110133,66.3,.023148179,.21128744
86,01-03-1995,199503,3,1,1995,100458,11267,5722,73721,36983,14774,21281,16989,.11215632,.056959126,.73384899,.16911545,.36814389,.14706643,.21183978,100458,113822,66.7,.026153803,.22107746
87,01-04-1995,199504,4,2,1995,104970,11995,6964,74520,37339,15722,21064,18959,.11427075,.066342764,.70991713,.1806135,.35571116,.14977613,.20066686,104970,119189,67,.02290082,.20593503
88,01-05-1995,199505,5,2,1995,107365,13353,6598,78304,41688,16473,22709,19951,.12437014,.06145392,.72932518,.18582405,.38828295,.1534299,.21151213,107365,121754,67.40000000000001,.024316072,.23485306
89,01-06-1995,199506,6,2,1995,108547,9750,7197,84397,41480,16891,22750,16947,.089822844,.066303074,.77751571,.15612592,.38213861,.15561001,.20958664,108547,123384,67.40000000000001,.024316072,.2265286
90,01-07-1995,199507,7,3,1995,108613,9972,10264,81251,43192,16727,21759,20236,.091812216,.094500661,.74807805,.18631287,.39766878,.15400551,.20033513,108613,123162,67.09999999999999,.025993943,.24366327
91,01-08-1995,199508,8,3,1995,108330,10390,7602,83017,38698,14199,19862,17992,.095910646,.070174471,.76633435,.16608511,.3572233,.13107173,.18334718,108330,122786,67.40000000000001,.025875211,.22615157
92,01-09-1995,199509,9,3,1995,108908,10918,6830,83504,42250,14732,22336,17748,.10024975,.062713481,.76673889,.16296324,.38794211,.13527013,.20509054,108908,123415,67.7,.028875351,.25267196
93,01-10-1995,199510,10,4,1995,109153,10594,9549,81168,41936,14926,21963,20143,.097056426,.087482706,.74361676,.18453914,.38419467,.13674384,.20121297,109153,123492,67.59999999999999,.028919339,.24745083
94,01-11-1995,199511,11,4,1995,110420,8850,7566,86902,42056,15294,22078,16416,.080148526,.068520196,.78701323,.14866872,.38087302,.13850752,.19994566,110420,124808,67.59999999999999,.028919339,.24236551
95,01-12-1995,199512,12,4,1995,111222,11076,6587,87365,41996,15396,21670,17663,.099584617,.059223894,.78550106,.15880851,.37758717,.13842586,.19483556,111222,125879,68,.030303001,.23916131
96,01-01-1996,199601,1,1,1996,119985,12469,10720,80260,40452,16058,20661,23189,.10392132,.089344501,.66891694,.19326583,.33714214,.13383339,.17219652,119985,135408,67.8,.027272701,.20330875
97,01-02-1996,199602,2,1,1996,113968,12913,7725,63476,33482,12257,19425,20638,.11330374,.067782186,.55696338,.18108591,.29378423,.10754773,.17044258,113968,128879,68.09999999999999,.02714932,.1862365
98,01-03-1996,199603,3,1,1996,115038,12508,7146,86589,34467,12368,20608,19654,.10872929,.062118605,.75269914,.17084789,.29961404,.1075123,.17914081,115038,130055,68.40000000000001,.025487304,.19210175
99,01-04-1996,199604,4,2,1996,118115,13766,9166,83444,35996,13213,21704,22932,.11654744,.077602334,.70646405,.19414976,.30475384,.11186556,.18375312,118115,133400,68.7,.025373101,.19288829
100,01-05-1996,199605,5,2,1996,121452,12975,8188,89766,37271,13707,22229,21163,.10683233,.067417577,.73910683,.1742499,.30687845,.1128594,.18302704,121452,137447,68.90000000000001,.022255182,.19401905
101,01-06-1996,199606,6,2,1996,124177,11582,8023,94397,38402,13329,22461,19605,.093270093,.064609386,.76018101,.15787947,.30925211,.10733872,.18087891,124177,141075,69,.023738861,.20191339
102,01-07-1996,199607,7,3,1996,124400,10383,14168,91240,38413,14114,21874,24551,.08346463,.11389068,.73344052,.1973553,.30878618,.11345659,.17583601,124400,141114,68.59999999999999,.022354722,.19532959
103,01-08-1996,199608,8,3,1996,104973,10353,7947,78162,31485,12267,18122,18300,.098625362,.075705178,.74459147,.17433055,.29993427,.11685862,.17263487,104973,115650,68.90000000000001,.022255182,.18307564
104,01-09-1996,199609,9,3,1996,104522,10597,6938,79331,30658,11996,18569,17535,.10138535,.06637837,.75898856,.16776372,.29331625,.1147701,.17765638,104522,115367,69.3,.023633718,.17854615
105,01-10-1996,199610,10,4,1996,105150,9208,8922,79463,31096,12434,18845,18130,.087570138,.084850214,.7557109,.17242035,.29572991,.11825012,.17922015,105150,116066,69.3,.025147915,.17747979
106,01-11-1996,199611,11,4,1996,104999,9432,6643,82880,31452,12288,19139,16075,.08982943,.063267268,.78934085,.15309669,.29954571,.11702969,.18227793,104999,115843,69.3,.025147915,.18251601
107,01-12-1996,199612,12,4,1996,107403,9441,6860,83673,31843,12866,19433,16301,.087902576,.063871585,.77905643,.15177415,.29648149,.11979181,.18093535,107403,118682,69.5,.022058845,.17668968
108,01-01-1997,199701,1,1,1997,104526,10296,12037,76171,31270,12893,18922,22333,.098501809,.11515795,.72872776,.21365976,.29916,.1233473,.18102673,104526,115198,69.2,.020648956,.17581269
109,01-02-1997,199702,2,1,1997,101043,7255,5418,50112,23669,11338,16187,12673,.071801111,.053620737,.49594727,.12542185,.23424681,.11220966,.16019912,101043,111216,69.40000000000001,.01908958,.12203715
110,01-03-1997,199703,3,1,1997,100281,9596,7176,78048,23766,12193,16686,16772,.095691107,.071558923,.77829301,.16725002,.23699404,.12158833,.16639243,100281,110302,69.5,.016081929,.11540571
111,01-04-1997,199704,4,2,1997,103090,10179,7892,74765,24035,12455,17425,18071,.098738968,.07655447,.72524005,.17529343,.23314579,.12081676,.16902706,103090,113726,69.8,.016011596,.11232903
112,01-05-1997,199705,5,2,1997,105208,10261,6361,80696,24657,12602,18150,16622,.097530603,.060461182,.76701391,.15799178,.2343643,.11978176,.17251539,105208,116191,70,.015965223,.11458254
113,01-06-1997,199706,6,2,1997,106997,9459,6896,83644,24878,13062,19008,16355,.08840435,.064450406,.78174156,.15285476,.23251119,.12207819,.17764984,106997,118238,70.2,.017391324,.110433
114,01-07-1997,199707,7,3,1997,106391,9539,12056,78642,24756,13316,18859,21595,.08965984,.11331785,.73917907,.2029777,.23268886,.12516096,.17726123,106391,117317,69.90000000000001,.018950462,.1075279
115,01-08-1997,199708,8,3,1997,105872,11795,8180,79064,24470,12655,19410,19975,.11140811,.077263109,.74678856,.18867123,.23112816,.11953113,.18333459,105872,116676,70.3,.020319343,.11159702
116,01-09-1997,199709,9,3,1997,106852,10408,7236,81887,24380,12116,19709,17644,.097405754,.06771984,.76635909,.16512559,.22816606,.11339048,.18445139,106852,117704,70.59999999999999,.018759012,.11477558
117,01-10-1997,199710,10,4,1997,106288,9423,9000,82111,25313,12010,19430,18423,.088655353,.084675595,.77253312,.17333095,.23815483,.11299488,.18280521,106288,117099,70.59999999999999,.018759012,.12515995
118,01-11-1997,199711,11,4,1997,106897,8524,7920,84875,24739,11912,20038,16444,.079740308,.074090011,.79398859,.15383032,.23142838,.11143437,.18745147,106897,117659,70.59999999999999,.018759012,.11999401
119,01-12-1997,199712,12,4,1997,106444,7789,7349,86167,24857,12705,20142,15138,.073174626,.069040999,.80950546,.14221562,.23352185,.11935854,.18922625,106444,117241,70.7,.017266154,.11416331
120,01-01-1998,199801,1,1,1998,104898,10062,13261,75636,23991,12927,19489,23323,.095921755,.12641804,.72104329,.22233979,.22870789,.123234,.18579,104898,115152,70.3,.015895963,.1054739
121,01-02-1998,199802,2,1,1998,93470,9062,6097,48735,23099,12537,17524,15159,.096950896,.065229483,.52139723,.16218038,.24712741,.1341286,.18748261,93470,103493,70.5,.015850186,.11299881
122,01-03-1998,199803,3,1,1998,95249,8664,6190,73050,23675,12264,17963,14854,.090961583,.064987563,.7669372,.15594915,.24855904,.12875725,.1885899,95249,105832,70.7,.017266154,.11980179
123,01-04-1998,199804,4,2,1998,96896,10150,7310,71043,24346,13204,18562,17460,.10475148,.075441711,.73318815,.1801932,.25125909,.13626981,.19156621,96896,107681,71.09999999999999,.018624663,.11498928
124,01-05-1998,199805,5,2,1998,98112,10993,5385,74940,25553,13163,19111,16378,.11204541,.054886252,.76382095,.16693167,.26044723,.13416299,.19478759,98112,109251,71.40000000000001,.019999981,.12628424
125,01-06-1998,199806,6,2,1998,99985,7613,7709,77889,25957,14320,19353,15322,.076141424,.077101566,.77900684,.15324299,.25960895,.14322148,.19355904,99985,111444,71.3,.015669465,.11638747
126,01-07-1998,199807,7,3,1998,98691,8488,11823,72755,25586,14267,18659,20311,.086005814,.11979816,.73719996,.20580398,.25925362,.14456232,.18906486,98691,109571,71,.015736818,.1146913
127,01-08-1998,199808,8,3,1998,97455,9287,7559,74096,25361,13488,19144,16846,.095295265,.077564001,.76030988,.17285927,.26023293,.13840234,.19643939,97455,108215,71.2,.012802243,.12183058
128,01-09-1998,199809,9,3,1998,98390,8292,7059,74986,25510,13626,20065,15351,.084276855,.071745098,.76213032,.15602195,.2592743,.13848968,.20393333,98390,109148,71.5,.012747884,.12078463
129,01-10-1998,199810,10,4,1998,98100,7642,8287,75868,26004,13940,19402,15929,.077900104,.084475026,.77337408,.16237512,.26507646,.1420999,.19777778,98100,108530,71.5,.012747884,.12297656
130,01-11-1998,199811,11,4,1998,99371,7875,7495,77811,26042,14508,19916,15370,.079248473,.075424418,.78303528,.15467289,.26206842,.14599833,.20042065,99371,110134,71.59999999999999,.014164329,.11607009
131,01-12-1998,199812,12,4,1998,99101,8265,6833,78913,26303,14194,19849,15098,.083399765,.068949856,.79628861,.15234962,.26541609,.14322762,.20029061,99101,109954,71.8,.01555872,.12218846
132,01-01-1999,199901,1,1,1999,69941,6946,7097,48960,16803,9115,11821,14043,.099312276,.10147124,.70001858,.20078352,.24024534,.13032413,.16901389,69941,76829,71.40000000000001,.015647173,.10992122
133,01-02-1999,199902,2,1,1999,91802,6781,4523,51113,25119,13177,18642,11304,.073865496,.04926908,.55677438,.12313458,.2736215,.14353718,.20306747,91802,103893,71.5,.014184356,.13008432
134,01-03-1999,199903,3,1,1999,93776,9395,6533,70609,25640,14053,19566,15928,.10018555,.069666013,.75295383,.16985156,.2734175,.1498571,.20864613,93776,106210,71.90000000000001,.016973138,.1235604
135,01-04-1999,199904,4,2,1999,95289,8357,7951,70851,25701,15195,19880,16308,.087701626,.0834409,.74353808,.17114252,.26971632,.15946227,.20862849,95289,107934,72.2,.01547122,.11025405
136,01-05-1999,199905,5,2,1999,96739,8705,5794,75276,25178,15486,20809,14499,.089984395,.059893113,.778135,.1498775,.26026732,.16008021,.21510457,96739,109518,72.40000000000001,.014005661,.10018711
137,01-06-1999,199906,6,2,1999,98143,6909,7093,77690,25837,15969,21219,14002,.07039728,.072272092,.79159999,.14266936,.26325873,.16271156,.21620493,98143,110967,72.3,.014025211,.10054716
138,01-07-1999,199907,7,3,1999,97541,8676,11481,71508,25054,16299,20728,20157,.088947214,.11770435,.73310709,.20665157,.25685608,.16709897,.2125055,97541,109979,71.90000000000001,.012676001,.089757115
139,01-08-1999,199908,8,3,1999,95711,8995,8098,72568,23794,15886,21301,17093,.093980841,.084608875,.75819916,.17858972,.24860257,.16597883,.2225554,95711,107986,72.09999999999999,.012640476,.082623735
140,01-09-1999,199909,9,3,1999,96163,7626,6677,74205,23527,15981,22064,14303,.079302847,.069434188,.77165854,.14873704,.2446575,.16618659,.22944376,96163,108310,72.40000000000001,.012587428,.078470916
141,01-10-1999,199910,10,4,1999,96264,7285,8756,73346,23167,16776,22065,16041,.075677305,.0909582,.76192552,.1666355,.2406611,.17427075,.22921342,96264,108626,72.3,.011188865,.06639035
142,01-11-1999,199911,11,4,1999,96504,7617,6942,75889,23720,16966,21991,14559,.078929372,.071934842,.7863819,.15086421,.24579293,.17580618,.22787656,96504,108959,72.40000000000001,.011173129,.069986746
143,01-12-1999,199912,12,4,1999,98042,8239,6229,77068,23750,17516,21944,14468,.084035411,.063533999,.7860713,.1475694,.24224313,.17865813,.22382244,98042,110478,72.59999999999999,.011142015,.063584998
144,01-01-2000,200001,1,1,2000,93589,7704,12501,67424,19905,13859,20711,20205,.082317367,.13357338,.72042656,.21589075,.21268526,.14808364,.22129737,93589,105846,71.90000000000001,.0070028305,.064601615
145,01-02-2000,200002,2,1,2000,89173,8734,5918,58836,21724,17702,21975,14652,.097944446,.066365376,.65979612,.16430983,.24361634,.198513,.2464311,89173,99732,72.2,.0097901821,.045103341
146,01-03-2000,200003,3,1,2000,92817,7827,6468,69766,22535,19299,24138,14295,.084327221,.069685511,.75165111,.15401274,.24278958,.20792527,.26006013,92817,103687,72.3,.0055632591,.034864306
147,01-04-2000,200004,4,2,2000,94970,9324,6630,70504,24066,19530,24497,15954,.098178372,.069811523,.74238181,.16798989,.25340635,.20564389,.25794461,94970,106130,72.59999999999999,.0055401325,.047762454
148,01-05-2000,200005,5,2,2000,96171,8276,6879,74586,24289,20415,24744,15155,.086055048,.071528837,.77555603,.15758389,.25256056,.21227813,.2572917,96171,107453,72.8,.0055248737,.040282428
149,01-06-2000,200006,6,2,2000,95063,7897,6727,74237,24574,20064,24139,14624,.083071224,.070763595,.7809242,.15383482,.25850224,.21106003,.25392634,95063,106540,72.90000000000001,.0082987547,.047442213
150,01-07-2000,200007,7,3,2000,96065,7874,12042,68175,25177,20870,23704,19916,.081965335,.12535262,.70967573,.20731796,.26208296,.21724874,.24674959,96065,107334,72.5,.0083448887,.044834226
151,01-08-2000,200008,8,3,2000,93536,8976,8547,70073,24521,19265,23844,17523,.095963053,.09137658,.7491554,.18733963,.26215574,.20596348,.25491789,93536,104159,72.5,.0055478811,.056192264
152,01-09-2000,200009,9,3,2000,93827,8650,5696,71313,24257,19033,24412,14346,.092190944,.060707472,.76004773,.15289842,.25852901,.20285206,.26018098,93827,104363,73.09999999999999,.0096684694,.055676952
153,01-10-2000,200010,10,4,2000,94666,7130,7210,72777,25578,18728,24738,14340,.075317435,.07616251,.76877654,.15147994,.27019206,.19783238,.26131874,94666,105335,73.09999999999999,.011065006,.072359681
154,01-11-2000,200011,11,4,2000,94961,7799,5194,76396,25684,18438,25413,12993,.08212845,.054696139,.80449867,.13682459,.27046892,.19416392,.26761514,94961,105762,73.2,.011049747,.076305002
155,01-12-2000,200012,12,4,2000,95397,6403,5687,77658,25997,18821,25993,12090,.067119509,.059614033,.81405073,.12673354,.27251381,.19729131,.27247187,95397,106142,73.2,.0082644224,.075222492
156,01-01-2001,200101,1,1,2001,92481,7117,11912,67668,24800,16431,24067,19029,.076956347,.12880483,.73169625,.20576118,.2681632,.17766893,.26023725,92481,102504,72.59999999999999,.0097357035,.090494275
157,01-02-2001,200102,2,1,2001,94217,7887,4778,50890,21500,12376,20241,12665,.083711006,.050712716,.54013604,.13442372,.22819661,.13135634,.21483384,94217,104038,72.7,.0069252253,.096840262
158,01-03-2001,200103,3,1,2001,94956,10016,5839,71616,22725,13401,21076,15855,.10548043,.061491638,.75420195,.16697207,.23932137,.14112853,.22195543,94956,104696,73,.0096819401,.098192841
159,01-04-2001,200104,4,2,2001,95727,8807,6943,72894,23211,13535,21470,15750,.092001215,.072529174,.76147795,.16453038,.24247077,.14139166,.22428364,95727,105771,73.40000000000001,.01101923,.10107911
160,01-05-2001,200105,5,2,2001,97803,9689,5329,74847,23992,13362,21666,15018,.099066488,.054487079,.76528329,.15355358,.24530944,.13662158,.22152695,97803,108055,74,.016483545,.10868786
161,01-06-2001,200106,6,2,2001,99256,7445,6218,78788,24374,12520,20879,13663,.075008057,.062646084,.79378575,.13765414,.24556702,.12613846,.21035504,99256,109596,74.09999999999999,.016460896,.11942856
162,01-07-2001,200107,7,3,2001,98343,6292,12293,73560,24303,13624,20628,18585,.063980155,.12500127,.74799424,.18898143,.24712487,.13853553,.20975564,98343,108549,73.59999999999999,.015172362,.10858934
163,01-08-2001,200108,8,3,2001,96921,8526,7283,74763,23730,12314,20872,15809,.087968551,.075143673,.77138084,.16311222,.24483858,.12705193,.21535064,96921,106934,73.90000000000001,.019310355,.11778665
164,01-09-2001,200109,9,3,2001,95804,8889,5873,73461,23685,11926,21169,14762,.092783183,.061302241,.76678425,.15408543,.2472235,.12448332,.22096154,95804,105656,74.09999999999999,.013679862,.12274018
165,01-10-2001,200110,10,4,2001,96865,6156,7206,75857,23742,12828,21327,13362,.063552365,.074392192,.78312081,.13794456,.24510401,.13243173,.22017241,96865,106902,73.90000000000001,.01094389,.11267228
166,01-11-2001,200111,11,4,2001,97541,6643,6912,77361,23794,13280,21304,13555,.068104692,.070862509,.79311264,.1389672,.24393845,.13614787,.21841072,97541,107581,73.8,.0081967115,.10779057
167,01-12-2001,200112,12,4,2001,96829,6295,5836,78655,23968,13202,21408,12131,.065011516,.0602712,.81230831,.12528272,.24752915,.13634345,.22109079,96829,106644,74,.010928988,.1111857
168,01-01-2002,200201,1,1,2002,94724,8348,9617,69795,23995,12674,20078,17965,.088129722,.10152654,.73682487,.18965626,.25331488,.13379925,.21196318,94724,104308,73.7,.015151501,.11951563
169,01-02-2002,200202,2,1,2002,92143,6470,5035,54295,24058,12689,20321,11505,.070216946,.054643326,.58924717,.12486027,.26109418,.13770987,.22053765,92143,102172,73.8,.015130639,.12338431
170,01-03-2002,200203,3,1,2002,94244,7452,4941,73479,23751,13534,21977,12393,.07907135,.052427739,.77966768,.13149908,.25201604,.14360596,.23319256,94244,104671,74.09999999999999,.015068531,.10841008
171,01-04-2002,200204,4,2,2002,93898,7100,6704,73389,22816,13594,22896,13804,.075613961,.071396619,.78158212,.14701058,.24298707,.14477412,.24383906,93898,104217,74.40000000000001,.013623953,.098212942
172,01-05-2002,200205,5,2,2002,96040,7883,5540,75063,22836,14466,23921,13423,.082080387,.057684299,.78158057,.13976468,.23777592,.15062474,.2490733,96040,106651,74.59999999999999,.008108139,.087151185
173,01-06-2002,200206,6,2,2002,96371,6141,7757,75948,22367,15657,24040,13898,.063722491,.080491021,.78807938,.14421351,.23209265,.16246589,.24945264,96371,106955,74.59999999999999,.0067476034,.069626763
174,01-07-2002,200207,7,3,2002,96134,5946,9130,74494,22587,14994,23793,15076,.061851166,.094971605,.77489752,.15682277,.2349533,.1559698,.24749829,96134,106605,74.40000000000001,.010869622,.078983501
175,01-08-2002,200208,8,3,2002,94916,7098,7032,74205,21565,14654,24047,14130,.07478191,.074086562,.78179651,.14886847,.2272009,.15438914,.25335032,94916,104997,74.59999999999999,.0094722509,.072811753
176,01-09-2002,200209,9,3,2002,93867,8747,5332,72241,21106,13860,24338,14079,.093185037,.056803774,.76961017,.14998882,.22485006,.14765573,.25928175,93867,103963,74.8,.0094467402,.077194333
177,01-10-2002,200210,10,4,2002,95162,5762,6443,75384,22141,14022,24766,12205,.060549378,.067705594,.79216492,.12825498,.2326664,.14734873,.26025093,95162,105493,74.90000000000001,.013531804,.085317671
178,01-11-2002,200211,11,4,2002,95656,6145,5837,77239,22581,13960,25123,11982,.064240612,.061020739,.80746633,.12526135,.23606464,.14593962,.26263905,95656,106130,74.90000000000001,.014905095,.090125024
179,01-12-2002,200212,12,4,2002,95571,6358,6667,76454,22364,14431,24673,13025,.066526458,.069759652,.79997069,.13628611,.23400404,.15099768,.25816408,95571,106032,75.2,.016216159,.083006352
180,01-01-2003,200301,1,1,2003,93771,8861,9663,68757,22165,14139,23496,18524,.094496168,.10304892,.73324376,.19754508,.23637372,.15078223,.25056788,93771,103660,74.7,.013568521,.085591495
181,01-02-2003,200302,2,1,2003,96121,6495,3692,54982,21026,13420,22339,10187,.067571081,.038409922,.57200819,.105981,.21874513,.1396157,.23240499,96121,106569,75,.016260147,.079129428
182,01-03-2003,200303,3,1,2003,96763,9235,5662,74348,22141,14085,23021,14897,.095439374,.058514103,.76835155,.15395348,.22881679,.14556183,.23791118,96763,107246,75.3,.016194344,.083254963
183,01-04-2003,200304,4,2,2003,87146,6912,5808,68241,20049,11646,20998,12720,.079315171,.066646777,.7830652,.14596196,.2300622,.1336378,.24095197,87146,96279,75.5,.014784932,.096424401
184,01-05-2003,200305,5,2,2003,89663,7623,5715,69785,20995,11908,21658,13338,.085018344,.063738666,.77830321,.14875701,.23415455,.1328084,.24154891,89663,99396,75.5,.012064338,.10134615
185,01-06-2003,200306,6,2,2003,90933,5839,5707,74218,21481,11674,22095,11546,.064212114,.062760495,.81618333,.1269726,.23622887,.12838024,.24298109,90933,100902,75.40000000000001,.010723829,.10784863
186,01-07-2003,200307,7,3,2003,91238,7166,7636,71212,22006,11899,21344,14802,.078541838,.083693199,.7805081,.16223504,.24119337,.13041715,.23393762,91238,101269,75.3,.012096763,.11077622
187,01-08-2003,200308,8,3,2003,90674,7893,5327,72095,21820,11153,21555,13220,.087048106,.058748923,.79510111,.14579703,.24064229,.12300108,.23771974,90674,100534,75.59999999999999,.013404846,.11764121
188,01-09-2003,200309,9,3,2003,91398,7479,5242,71436,21519,11288,21811,12721,.081828922,.057353552,.78159261,.13918248,.23544279,.1235038,.23863761,91398,101448,75.90000000000001,.014705896,.11193899
189,01-10-2003,200310,10,4,2003,94171,5849,5994,75017,22933,12190,22124,11843,.062110417,.063650168,.79660404,.12576059,.24352507,.12944537,.23493432,94171,104513,76,.014686227,.1140797
190,01-11-2003,200311,11,4,2003,98437,6741,5612,76190,24447,13472,22585,12353,.06848035,.057011083,.7739976,.12549143,.24835174,.1368591,.22943608,98437,109068,75.90000000000001,.013351083,.11149263
191,01-12-2003,200312,12,4,2003,99322,6005,5863,81219,24862,13540,22747,11868,.060459919,.059030224,.81773424,.11949015,.25031716,.13632427,.22902277,99322,110012,76.2,.013297915,.11399288
192,01-01-2004,200401,1,1,2004,97777,8434,9490,72928,23657,13179,21968,17924,.086257502,.097057588,.74586046,.1833151,.24194852,.13478629,.22467451,97777,107904,75.8,.014725566,.10716222
193,01-02-2004,200402,2,1,2004,93316,4497,3556,53678,21222,12606,19867,8053,.048191093,.038107079,.57522827,.086298168,.22742081,.13508937,.21290025,93316,103439,76,.013333321,.092331439
194,01-03-2004,200403,3,1,2004,94370,7768,5479,74270,20916,12870,20813,13247,.082314298,.058058705,.78700858,.14037301,.22163823,.13637808,.22054678,94370,105011,76.09999999999999,.01062417,.085260153
195,01-04-2004,200404,4,2,2004,94905,9139,6385,72110,18495,10776,19484,15524,.096296296,.067277804,.75981241,.1635741,.19487908,.11354513,.20530003,94905,105509,76.40000000000001,.011920571,.081333958
196,01-05-2004,200405,5,2,2004,96493,7354,5611,76653,19107,11378,20396,12965,.076212779,.058149297,.79438925,.13436207,.19801436,.11791529,.21137285,96493,107319,76.59999999999999,.014569521,.080099076
197,01-06-2004,200406,6,2,2004,96842,6165,6142,78558,19356,11979,20460,12307,.063660398,.063422896,.81119764,.12708329,.19987196,.12369633,.21127197,96842,107774,76.59999999999999,.015915155,.07617563
198,01-07-2004,200407,7,3,2004,96045,5790,8253,76340,19216,12194,20287,14043,.060284242,.08592847,.79483575,.14621271,.20007288,.12696132,.2112239,96045,106865,76.40000000000001,.014608264,.073111564
199,01-08-2004,200408,8,3,2004,94589,6878,6244,75362,18403,12131,20357,13122,.07271459,.066011906,.79673111,.13872649,.1945575,.12824959,.2152153,94589,105050,76.59999999999999,.013227463,.066307917
200,01-09-2004,200409,9,3,2004,93762,7226,5193,74322,18393,11942,20400,12419,.077067472,.055384912,.79266655,.13245238,.19616689,.12736504,.21757215,93762,104170,76.7,.010540128,.06880185
201,01-10-2004,200410,10,4,2004,94784,5757,4966,76989,19294,12382,21141,10723,.060738098,.052392811,.81225735,.1131309,.20355757,.13063386,.22304398,94784,105471,76.90000000000001,.011842132,.072923705
202,01-11-2004,200411,11,4,2004,95832,6294,5547,77101,20858,13689,21976,11841,.065677434,.057882544,.80454338,.12355998,.21765172,.14284372,.22931798,95832,106502,77,.01449275,.074808002
203,01-12-2004,200412,12,4,2004,96017,5660,5103,79403,21264,13629,22226,10763,.058947895,.053146839,.82696813,.11209473,.22146079,.14194362,.23147984,96017,106782,77.40000000000001,.015748024,.079517171
204,01-01-2005,200501,1,1,2005,93582,7480,8536,71616,20531,12994,22210,16016,.079929903,.09121412,.76527536,.17114402,.21939048,.13885149,.23733197,93582,103613,77,.015831113,.080538988
205,01-02-2005,200502,2,1,2005,97808,6272,4649,52288,21033,13398,21547,10921,.064125635,.047531899,.53459841,.11165753,.21504375,.13698266,.22029895,97808,108851,77.2,.015789509,.078061089
206,01-03-2005,200503,3,1,2005,98118,7688,4974,78284,21415,13597,22329,12662,.078354634,.050694063,.79785562,.12904869,.21825761,.13857804,.22757292,98118,109174,77.5,.018396854,.079679564
207,01-04-2005,200504,4,2,2005,100590,8829,6386,74899,21923,14568,22250,15215,.087772146,.063485436,.7445969,.15125757,.21794413,.14482553,.22119495,100590,112133,77.8,.018324614,.073118597
208,01-05-2005,200505,5,2,2005,93864,9283,15654,54676,15548,11975,27873,24937,.098898403,.1667732,.58250237,.26567161,.16564392,.1275782,.29695091,93864,111815,78.09999999999999,.019582272,.038065717
209,01-06-2005,200506,6,2,2005,102054,20424,11250,45446,22945,14353,22105,31674,.20012935,.11023576,.44531327,.31036511,.22483195,.14064123,.21660101,102054,114133,78.09999999999999,.019582272,.084190726
210,01-07-2005,200507,7,3,2005,100927,6620,8662,79177,22960,14029,21690,15282,.065591961,.085824408,.78449768,.15141638,.22749116,.13900146,.21490781,100927,112702,78.2,.023560166,.088489696
211,01-08-2005,200508,8,3,2005,100298,8475,6933,77243,22946,13226,21255,15408,.084498197,.069124013,.77013499,.15362221,.22877824,.13186704,.21191849,100298,111794,78.40000000000001,.023498654,.096911207
212,01-09-2005,200509,9,3,2005,99942,6609,5491,80056,22215,12961,21320,12100,.066128351,.054941867,.80102462,.12107022,.22227892,.12968522,.21332373,99942,111426,78.59999999999999,.02477181,.0925937
213,01-10-2005,200510,10,4,2005,97187,6604,6790,75944,22705,13500,21444,13394,.067951478,.069865309,.78142136,.13781679,.23362178,.13890746,.2206468,97187,108500,78.7,.023406982,.094714314
214,01-11-2005,200511,11,4,2005,93719,6153,5305,76251,23004,13390,21962,11458,.065653712,.056605384,.81361306,.1222591,.24545716,.14287391,.23433882,93719,104534,78.7,.022077918,.10258324
215,01-12-2005,200512,12,4,2005,97823,5863,5243,76848,23369,13325,22114,11106,.05993478,.053596802,.78558213,.11353158,.23889065,.1362154,.22606136,97823,109077,78.90000000000001,.019379854,.10267524
216,01-01-2006,200601,1,1,2006,94092,7541,7996,72081,22204,12470,21127,15537,.080144964,.084980659,.76606935,.16512562,.23598181,.13252987,.22453555,94092,104610,78.5,.019480467,.10345194
217,01-02-2006,200602,2,1,2006,87272,6210,4275,55140,22149,11943,21415,10485,.071156844,.048984785,.63181776,.12014163,.25379273,.13684802,.24538225,87272,100465,78.8,.020725369,.11694472
218,01-03-2006,200603,3,1,2006,90067,6257,5113,69726,22470,12731,21992,11370,.069470502,.056768849,.77415699,.12623936,.24948095,.14135033,.24417378,90067,103882,78.90000000000001,.018064499,.10813062
219,01-04-2006,200604,4,2,2006,92497,8252,5167,70084,23843,13113,23518,13419,.089213707,.055861272,.75768942,.14507498,.25777051,.14176676,.2542569,92497,107567,79.40000000000001,.02056551,.11600375
220,01-05-2006,200605,5,2,2006,93905,9327,4835,72163,23445,11219,16243,14162,.099323787,.051488206,.76846814,.15081199,.24966721,.1194718,.17297268,93905,109228,79.90000000000001,.023047328,.13019541
221,01-06-2006,200606,6,2,2006,94692,7599,5222,75171,25401,13024,23850,12821,.080249652,.055147216,.79384744,.13539687,.26824865,.13754065,.25186923,94692,110194,80.09999999999999,.025608182,.13070799
222,01-07-2006,200607,7,3,2006,92280,6898,7777,71434,25025,12671,22674,14675,.074750759,.084276117,.77410054,.15902688,.27118552,.13731036,.24570872,92280,107021,80,.023017883,.13387516
223,01-08-2006,200608,8,3,2006,92556,7588,5099,71616,25276,11685,23203,12687,.081982799,.055090971,.77375859,.13707377,.27308872,.1262479,.25069147,92556,105147,80.40000000000001,.025510192,.14684083
224,01-09-2006,200609,9,3,2006,92905,7028,5225,74272,25276,11531,23391,12253,.075647168,.056240246,.79944026,.13188741,.27206287,.12411603,.25177333,92905,105598,80.5,.024173021,.14794683
225,01-10-2006,200610,10,4,2006,93549,6519,6414,73906,26122,11665,23362,12933,.069685407,.068562999,.79002446,.1382484,.27923334,.12469401,.2497301,93549,106345,80.59999999999999,.024142265,.15453932
226,01-11-2006,200611,11,4,2006,94144,6197,4520,77367,26450,11509,23510,10717,.065824695,.048011556,.82179427,.11383625,.28095257,.1222489,.24972382,94144,107067,80.8,.026683569,.15870368
227,01-12-2006,200612,12,4,2006,94828,6351,4768,77681,26915,11371,23937,11119,.066973887,.050280508,.81917787,.1172544,.28382966,.11991184,.25242543,94828,107974,81.3,.030418277,.16391781
228,01-01-2007,200701,1,1,2007,83709,8101,6686,62494,23906,9842,20683,14787,.096775733,.079871938,.74656248,.17664768,.2855846,.11757398,.24708216,83709,94734,80.59999999999999,.026751637,.16801062
229,01-02-2007,200702,2,1,2007,84002,7076,3838,65576,27939,10304,24593,10914,.084236093,.045689389,.78064805,.12992547,.33259922,.12266374,.29276684,84002,94993,81,.027918816,.20993549
230,01-03-2007,200703,3,1,2007,88406,6891,3878,68791,30836,10691,26805,10769,.077947199,.0438658,.77812594,.121813,.34879985,.12093071,.3032034,88406,99770,81.40000000000001,.03168571,.22786915
231,01-04-2007,200704,4,2,2007,89661,8764,4732,69220,32011,11252,27344,13496,.097745955,.052776571,.77201903,.15052253,.35702255,.12549493,.30497095,89661,101168,81.59999999999999,.027707815,.23152763
232,01-05-2007,200705,5,2,2007,91046,7008,4916,72894,31936,12169,28311,11924,.076972082,.053994685,.80062824,.13096677,.35076773,.13365771,.31095269,91046,102992,81.8,.02377975,.21711002
233,01-06-2007,200706,6,2,2007,92252,6303,4797,75109,32524,12344,28758,11100,.068323724,.051998872,.81417203,.12032259,.35255605,.13380739,.31173307,92252,104456,82,.023720384,.21874866
234,01-07-2007,200707,7,3,2007,91660,5605,8588,71565,31035,12896,27414,14193,.061149903,.093694083,.78076589,.15484399,.33858827,.14069387,.29908356,91660,103584,81.5,.018749952,.19789439
235,01-08-2007,200708,8,3,2007,91314,6050,5579,74058,30761,12862,28522,11629,.066254899,.061096873,.81102568,.12735178,.33687058,.14085463,.31235078,91314,103198,81.8,.017412901,.19601595
236,01-09-2007,200709,9,3,2007,91723,8590,5095,70746,31388,12613,28611,13685,.093651541,.055547681,.77130055,.14919922,.34220424,.13751185,.3119283,91723,103769,81.90000000000001,.017391324,.20469239
237,01-10-2007,200710,10,4,2007,93086,6563,5496,73866,32479,13119,28561,12059,.070504695,.059042174,.79352427,.12954687,.34891391,.14093418,.30682379,93086,105114,82.3,.021091819,.20797972
238,01-11-2007,200711,11,4,2007,95019,8005,5658,74261,33395,14110,28242,13663,.084246308,.059545986,.78153843,.1437923,.35145602,.14849661,.29722476,95019,107436,82.5,.021039605,.2029594
239,01-12-2007,200712,12,4,2007,95065,7580,5784,75625,34232,14029,27995,13364,.079734921,.060842581,.79550833,.1405775,.36009046,.14757271,.29448271,95065,107286,83,.020910263,.21251775
240,01-01-2008,200801,1,1,2008,91277,9158,8675,69050,31197,12248,26359,17833,.10033195,.095040374,.7564885,.19537233,.34178379,.13418496,.2887803,91277,102691,82.40000000000001,.022332549,.20759884
241,01-02-2008,200802,2,1,2008,89799,7902,4929,62258,27790,11303,23086,12831,.087996528,.054889254,.69330394,.14288577,.30946892,.12587,.25708526,89799,100511,83,.024691343,.18359892
242,01-03-2008,200803,3,1,2008,93569,8283,6364,70044,29781,12743,24617,14647,.088522911,.068013981,.74858129,.15653689,.31827849,.13618827,.26308927,93569,105118,83.40000000000001,.024569988,.18209022
243,01-04-2008,200804,4,2,2008,89128,12336,6107,63400,30420,11652,23266,18443,.13840768,.068519436,.71133649,.20692712,.3413069,.13073333,.2610403,89128,99887,84,.029411793,.21057357
244,01-05-2008,200805,5,2,2008,89685,9244,5551,69200,31634,11686,22832,14795,.10307186,.061894409,.77158946,.16496627,.35272342,.13030049,.25457993,89685,100583,84.59999999999999,.034229875,.22242293
245,01-06-2008,200806,6,2,2008,90481,10839,6863,66876,33258,11817,22468,17702,.1197931,.075850181,.73911649,.19564329,.36756888,.130602,.24831733,90481,101446,85.2,.039024353,.23696688
246,01-07-2008,200807,7,3,2008,91029,8816,8413,68115,34562,11256,21348,17229,.096848257,.0924211,.74827802,.18926935,.3796812,.12365291,.23451868,91029,102214,85.09999999999999,.04417181,.25602829
247,01-08-2008,200808,8,3,2008,91318,9312,6559,69575,35098,10647,21283,15871,.10197333,.071825929,.76189798,.17379925,.3843492,.11659256,.23306468,91318,102314,85.7,.047677279,.26775664
248,01-09-2008,200809,9,3,2008,91790,9240,6593,69520,35336,10799,21431,15833,.10066456,.071826994,.75738096,.17249155,.38496569,.11764898,.23347859,91790,102828,86.09999999999999,.051282048,.2673167
249,01-10-2008,200810,10,4,2008,92842,7772,7338,71440,36159,11504,21444,15110,.083712116,.079037502,.76947933,.16274962,.38946813,.12390944,.23097305,92842,103994,85.90000000000001,.043742418,.26555869
250,01-11-2008,200811,11,4,2008,93430,8980,7054,71096,37490,12076,21566,16034,.09611474,.075500377,.76095474,.17161511,.40126297,.12925185,.23082522,93430,104756,85.8,.039999962,.2720111
251,01-12-2008,200812,12,4,2008,91232,9043,33895,42582,35953,21459,12266,42938,.099120922,.37152535,.46674412,.47064626,.3940832,.23521352,.13444844,91232,101854,85.5,.030120492,.15886968
252,01-01-2009,200901,1,1,2009,88284,12254,10947,59313,34747,19394,11895,23201,.13880205,.12399755,.67184317,.26279959,.39358208,.2196774,.13473563,88284,98184,84.90000000000001,.030339837,.17390467
253,01-02-2009,200902,2,1,2009,82612,17869,5824,43926,32946,13380,13731,23693,.21630029,.070498236,.5317145,.28679854,.39880404,.16196194,.16621073,82612,91764,85.59999999999999,.03132534,.2368421
254,01-03-2009,200903,3,1,2009,87244,9306,7129,61941,34945,14190,15445,16435,.10666636,.081713356,.70997435,.18837972,.4005433,.16264729,.17703223,87244,97144,85.8,.028777003,.23789601
255,01-04-2009,200904,4,2,2009,89131,8441,8225,65393,33096,14197,16440,16666,.094703302,.092279904,.73367292,.1869832,.37131861,.1592824,.18444762,89131,99211,86,.023809552,.21203621
256,01-05-2009,200905,5,2,2009,89977,11098,6882,66454,32849,14838,16598,17980,.12334263,.076486215,.73856652,.19982885,.36508217,.16490881,.18446936,89977,100141,86.40000000000001,.021276593,.20017336
257,01-06-2009,200906,6,2,2009,89924,7483,7688,69161,31906,15680,17399,15171,.083214715,.085494414,.76910502,.16870913,.35481071,.17436947,.1934856,89924,99984,86.7,.017605662,.18044125
258,01-07-2009,200907,7,3,2009,90302,6634,9015,69209,31399,16173,17922,15649,.073464595,.099831678,.76641715,.17329627,.34771103,.17909902,.19846736,90302,100430,86.7,.018801451,.168612
259,01-08-2009,200908,8,3,2009,90908,8441,7367,69153,30880,16462,18688,15808,.092852116,.081037976,.76069212,.17389008,.33968407,.18108417,.20557047,90908,101010,87,.015169144,.1585999
260,01-09-2009,200909,9,3,2009,91787,8697,8234,68539,30282,16895,19936,16931,.094751976,.089707695,.74671793,.18445967,.329916,.18406746,.21719852,91787,102020,87.09999999999999,.011614442,.14584854
261,01-10-2009,200910,10,4,2009,92689,7910,7143,71576,30724,17322,20370,15053,.085339144,.077064164,.7722168,.1624033,.33147407,.18688302,.21976718,92689,102962,87.2,.015133858,.14459105
262,01-11-2009,200911,11,4,2009,93969,8417,7739,71211,30407,18847,20737,16156,.089572094,.082356945,.75781375,.17192905,.32358545,.20056614,.22067916,93969,104223,87.5,.019813538,.12301931
263,01-12-2009,200912,12,4,2009,94906,9218,6337,73545,36857,16163,16813,15555,.097127683,.066771328,.77492464,.16389902,.38835269,.17030536,.17715424,94906,105319,88,.029239774,.21804734
264,01-01-2010,201001,1,1,2010,93490,18471,8799,57260,36443,14047,14644,27270,.19757193,.094117016,.61247194,.29168895,.38980639,.15025136,.15663707,93490,101545,87.8,.034157872,.23955503
265,01-02-2010,201002,2,1,2010,89594,10402,7591,52723,27713,12119,16872,17993,.11610153,.084726654,.58846575,.20082818,.30931759,.13526575,.18831618,89594,97889,88.2,.030373812,.17405184
266,01-03-2010,201003,3,1,2010,93278,8900,6999,69236,29601,13075,18526,15899,.095413707,.075033769,.74225432,.17044748,.31734172,.14017239,.1986106,93278,102189,88.7,.033799529,.17716932
267,01-04-2010,201004,4,2,2010,95313,12940,8360,67022,30952,13409,18764,21300,.13576323,.087711014,.70317793,.22347423,.32474059,.14068386,.19686717,95313,104566,89.2,.037209272,.18405673
268,01-05-2010,201005,5,2,2010,96310,8987,7689,74532,31032,14087,18917,16676,.093313262,.079835944,.77387601,.1731492,.32220954,.14626727,.19641782,96310,105655,89.40000000000001,.034722209,.17594227
269,01-06-2010,201006,6,2,2010,97014,8840,8164,74997,31369,13911,19209,17004,.091120869,.084152803,.77305335,.17527367,.32334509,.14339167,.19800235,97014,106532,89.5,.032295227,.17995343
270,01-07-2010,201007,7,3,2010,97588,9141,9728,73926,32142,14147,18636,18869,.093669303,.099684387,.75753164,.1933537,.32936427,.14496659,.1909661,97588,107229,89.3,.029988408,.18439768
271,01-08-2010,201008,8,3,2010,98523,9961,8080,75425,32701,14096,19018,18041,.1011033,.082011305,.76555729,.1831146,.33191234,.14307319,.19303107,98523,108091,89.8,.032183886,.18883915
272,01-09-2010,201009,9,3,2010,98800,11853,7923,73540,34007,13234,19030,19776,.11996964,.080192305,.74433196,.20016195,.3442004,.13394737,.19261134,98800,108500,89.8,.030998826,.21025303
273,01-10-2010,201010,10,4,2010,99579,10124,9179,74841,34339,14511,18750,19303,.10166802,.092178069,.7515741,.19384609,.34484178,.14572349,.18829271,99579,109466,90,.032110095,.19911829
274,01-11-2010,201011,11,4,2010,99991,12696,8545,73820,35903,14222,19092,21241,.12697142,.08545769,.73826647,.21242912,.35906231,.14223281,.19093719,99991,109784,90.3,.031999946,.21682951
275,01-12-2010,201012,12,4,2010,100434,11144,7744,77088,36817,13912,19348,18888,.11095844,.077105366,.76754886,.1880638,.36657906,.13851883,.19264393,100434,110303,91.2,.036363602,.22806023
276,01-01-2011,201101,1,1,2011,98404,29310,10885,53419,39330,14207,16557,40195,.29785374,.11061542,.54285395,.40846917,.39967889,.14437421,.16825536,98404,107592,91.3,.039863348,.25530469
277,01-02-2011,201102,2,1,2011,97806,13010,9907,53623,36071,11466,16596,22917,.13301842,.10129236,.54825878,.23431078,.3688015,.11723207,.16968285,97806,107243,92,.043083906,.25156945
278,01-03-2011,201103,3,1,2011,101519,9712,9170,74970,38422,12876,17378,18882,.095666818,.090327919,.73848248,.18599474,.37847102,.12683339,.17117979,101519,111703,92.2,.039458871,.25163764
279,01-04-2011,201104,4,2,2011,100047,13372,9431,71426,38851,13156,17376,22803,.13365719,.094265692,.71392447,.22792287,.38832748,.1314982,.17367837,100047,110135,93.2,.044843078,.25682926
280,01-05-2011,201105,5,2,2011,100749,11889,9107,74431,39888,13516,16689,20996,.11800613,.090392955,.73877656,.20839909,.39591461,.13415518,.16564928,100749,110905,93.40000000000001,.044742703,.26175943
281,01-06-2011,201106,6,2,2011,100798,10404,8598,76758,40203,13795,16631,19002,.10321634,.085299313,.76150322,.18851565,.39884719,.13685787,.16499335,100798,110923,93.3,.042458057,.26198933
282,01-07-2011,201107,7,3,2011,100855,10393,9522,75765,40905,13742,16507,19915,.10304893,.094412774,.75122702,.19746171,.40558228,.13625503,.16367061,100855,110938,93.3,.044792891,.26932725
283,01-08-2011,201108,8,3,2011,101501,12729,8770,74196,41929,13377,16338,21499,.12540764,.086403087,.73098785,.21181072,.41308951,.1317918,.16096394,101501,111624,93.8,.044543386,.28129771
284,01-09-2011,201109,9,3,2011,102268,11837,7650,76595,42442,13570,16239,19487,.1157449,.074803457,.74896353,.19054836,.41500762,.13269058,.15878867,102268,112468,94.40000000000001,.051224947,.28231704
285,01-10-2011,201110,10,4,2011,102578,9384,10233,77383,42562,14296,16400,19617,.091481604,.09975823,.75438201,.19123983,.41492328,.13936712,.15987834,102578,112689,94.5,.049999952,.27555615
286,01-11-2011,201111,11,4,2011,102560,10423,9978,76989,41897,15363,16542,20401,.10162832,.097289391,.75067276,.1989177,.40851209,.14979525,.16129096,102560,112558,94.59999999999999,.047619104,.25871682
287,01-12-2011,201112,12,4,2011,103538,9765,9200,78946,41419,16134,17198,18965,.094313197,.088856265,.76248336,.18316947,.40003669,.15582685,.16610327,103538,113770,95.09999999999999,.042763114,.24420984
288,01-01-2012,201201,1,1,2012,103205,12011,11477,74045,36630,17576,19245,23488,.11638002,.11120585,.71745557,.22758587,.35492468,.17030182,.18647352,103205,112915,94.59999999999999,.036144614,.18462285
289,01-02-2012,201202,2,1,2012,99483,12698,7701,63218,35081,16783,21212,20399,.1276399,.077410214,.63546538,.20505011,.35263312,.16870219,.21322235,99483,109908,95.09999999999999,.033695698,.18393093
290,01-03-2012,201203,3,1,2012,101751,10090,8485,76035,37134,17148,22386,18575,.099163644,.083389841,.7472654,.18255349,.36494973,.16852906,.22000767,101751,112591,95.40000000000001,.034707189,.19642067
291,01-04-2012,201204,4,2,2012,100970,13323,10164,70830,35821,16785,22097,23487,.13195008,.10066357,.70149547,.23261365,.35476875,.1662375,.21884719,100970,111722,96,.030042887,.18853125
292,01-05-2012,201205,5,2,2012,102152,8999,8159,79308,35424,17281,23154,17158,.088094212,.07987117,.77637249,.16796538,.34677735,.16916947,.22666223,102152,112977,95.90000000000001,.026766539,.17760788
293,01-06-2012,201206,6,2,2012,102384,9309,10077,77529,34283,18425,23481,19386,.090922408,.098423585,.75723743,.18934599,.33484724,.17995976,.22934248,102384,113464,95.5,.023579836,.15488748
294,01-07-2012,201207,7,3,2012,102013,8758,9824,77854,33601,18751,23884,18582,.085851803,.096301451,.76317722,.18215325,.32937959,.18380991,.23412703,102013,112979,95.59999999999999,.024651647,.14556968
295,01-08-2012,201208,8,3,2012,102775,9402,8123,79808,33393,18716,25388,17525,.091481395,.079036728,.77653128,.17051812,.32491365,.18210654,.24702506,102775,113779,96.09999999999999,.024520278,.14280711
296,01-09-2012,201209,9,3,2012,102461,9639,7294,79399,32730,19428,25695,16933,.094074816,.071188062,.77491921,.16526288,.31943861,.18961361,.25077835,102461,113529,96.5,.022245765,.129825
297,01-10-2012,201210,10,4,2012,102379,9328,8296,79024,33484,19022,25419,17624,.091112435,.081032246,.77187705,.17214468,.32705927,.18579982,.24828334,102379,113193,97,.026455045,.14125945
298,01-11-2012,201211,11,4,2012,101390,11257,8403,76439,33540,18024,25853,19660,.11102673,.082877994,.75391066,.19390473,.33080184,.17776901,.25498569,101390,112322,97.2,.027484179,.15303284
299,01-12-2012,201212,12,4,2012,101746,9390,7233,79771,34143,17890,26540,16623,.092288643,.071088791,.78402102,.16337743,.33557093,.17583001,.26084563,101746,112522,97.59999999999999,.026288152,.15974092
300,01-01-2013,201301,1,1,2013,102148,10865,10832,74680,34405,18359,26524,21697,.10636527,.10604221,.73109603,.21240748,.33681521,.17972942,.25966245,102148,112470,97.09999999999999,.026427031,.15708579
301,01-02-2013,201302,2,1,2013,98408,9720,6353,64833,29942,16570,25004,16073,.098772459,.064557761,.65881836,.16333021,.30426389,.16838062,.25408503,98408,108915,97.8,.028391123,.13588327
302,01-03-2013,201303,3,1,2013,101085,9353,7661,77069,30793,17250,26314,17014,.092526093,.075787701,.76241779,.1683138,.30462483,.17064847,.26031557,101085,112073,98.09999999999999,.028301835,.13397636
303,01-04-2013,201304,4,2,2013,101146,11995,9549,73428,29879,16701,27098,21544,.11859095,.09440808,.72596049,.21299903,.29540467,.16511776,.26790977,101146,111932,98.3,.023958325,.13028692
304,01-05-2013,201305,5,2,2013,101513,9254,7965,79325,30503,16666,27434,17219,.091160737,.078462854,.78142703,.1696236,.30048367,.16417602,.2702511,101513,112460,98.5,.02711153,.13630766
305,01-06-2013,201306,6,2,2013,102215,8492,8371,79921,30907,16672,27818,16863,.083079785,.081896007,.78189111,.16497579,.30237246,.16310717,.27215183,102215,113182,98.3,.029319406,.13926528
306,01-07-2013,201307,7,3,2013,99882,8303,9163,77552,30395,15573,27387,17466,.083128095,.091738254,.77643621,.17486635,.30430907,.15591398,.27419356,99882,110722,98.3,.028242707,.14839509
307,01-08-2013,201308,8,3,2013,100834,10611,8278,76109,30662,15593,28221,18889,.10523237,.082095325,.75479501,.18732768,.30408394,.1546403,.27987584,100834,111818,98.7,.027055144,.14944364
308,01-09-2013,201309,9,3,2013,100961,10501,7564,77388,30950,15867,28335,18065,.10401046,.074920021,.76651382,.17893048,.30655402,.1571597,.28065294,100961,111942,99.09999999999999,.026942968,.14939432
309,01-10-2013,201310,10,4,2013,101536,8952,8837,78120,31094,16491,28493,17789,.088165775,.087033167,.7693823,.17519894,.30623621,.1624153,.28061968,101536,112357,99.09999999999999,.02164948,.14382091
310,01-11-2013,201311,11,4,2013,101103,9893,9037,77175,30017,16820,28956,18930,.09785071,.089384094,.76333046,.1872348,.29689524,.166365,.286401,101103,111887,99.2,.020576119,.13053024
311,01-12-2013,201312,12,4,2013,101986,8561,8135,79993,30142,17111,29718,16696,.083942898,.079765849,.78435278,.16370875,.29555038,.16777793,.29139292,101986,112786,99.59999999999999,.020491838,.12777245
312,01-01-2014,201401,1,1,2014,102604,11657,11916,73549,31103,18064,29621,23573,.11361156,.11613582,.71682388,.22974738,.30313632,.17605552,.28869244,102604,113219,99,.01956749,.1270808
313,01-02-2014,201402,2,1,2014,99007,10688,7748,64090,28500,17047,28336,18436,.10795196,.078257091,.64732796,.18620905,.28785843,.17217974,.28620198,99007,108434,99.5,.017382383,.11567868
314,01-03-2014,201403,3,1,2014,101322,9060,8057,77269,29593,18105,29492,17117,.089417897,.079518765,.76260829,.16893665,.29206884,.17868775,.29107204,101322,111378,99.7,.016309857,.11338109
315,01-04-2014,201404,4,2,2014,100827,9405,9830,75748,28911,17754,30118,19235,.093278587,.09749373,.75126702,.19077231,.28673866,.17608379,.29870966,100827,110845,100.1,.018311262,.11065488
316,01-05-2014,201405,5,2,2014,101639,8324,8706,79614,28564,18893,30154,17030,.081897698,.085656099,.78330171,.1675538,.28103384,.18588337,.29667747,101639,111915,100,.015228391,.095150471
317,01-06-2014,201406,6,2,2014,102426,8805,8490,80078,29466,19288,29771,17295,.085964501,.08288911,.7818132,.16885361,.28768086,.18831156,.29065862,102426,112673,100.2,.019328594,.099369302
318,01-07-2014,201407,7,3,2014,100391,8241,11462,75823,27095,19372,28804,19703,.082089029,.11417358,.75527686,.19626261,.26989472,.19296551,.28691816,100391,110263,99.90000000000001,.016276717,.076929212
319,01-08-2014,201408,8,3,2014,101435,9298,8254,78191,27616,20102,29191,17552,.091664612,.081372306,.77084833,.17303692,.27225316,.19817618,.28778034,101435,111493,100.2,.015197515,.07407698
320,01-09-2014,201409,9,3,2014,101720,9605,7512,78900,27338,19940,30072,17117,.094425872,.073849782,.77565867,.16827565,.26875737,.19602831,.29563507,101720,111704,100.3,.012108922,.072729066
321,01-10-2014,201410,10,4,2014,101021,9599,9896,76122,27203,20551,29739,19495,.095019847,.097959831,.75352651,.19297968,.26928064,.20343295,.29438433,101021,111105,100.4,.013118029,.065847695
322,01-11-2014,201411,11,4,2014,101826,7834,8962,79825,26372,21107,30498,16796,.076935165,.088012882,.78393537,.16494805,.25899082,.20728497,.29951093,101826,111793,100.1,.0090725422,.051705852
323,01-12-2014,201412,12,4,2014,101839,7736,8575,80656,26593,21356,30513,16311,.075963043,.084201537,.79199523,.16016458,.26112786,.20970355,.29962,101839,111959,100.1,.0050200224,.05142431
324,01-01-2015,201501,1,1,2015,102574,9881,12302,74609,26683,22263,30851,22183,.096330456,.11993293,.72736758,.21626338,.26013416,.21704331,.30076823,102574,112492,99.3,.0030303001,.04309085
325,01-02-2015,201502,2,1,2015,100772,9125,8022,71094,24925,22168,32459,17147,.090550944,.079605445,.70549357,.17015639,.24734053,.21998174,.32210335,100772,110362,99.5,0,.027358785
326,01-03-2015,201503,3,1,2015,103445,8416,8323,79708,25278,23517,34207,16739,.081357241,.080458216,.77053505,.16181546,.24436174,.22733819,.33067814,103445,113759,99.7,0,.017023548
327,01-04-2015,201504,4,2,2015,105446,8725,8794,80814,25471,22645,35208,17519,.082743771,.083398141,.76640177,.16614191,.24155492,.21475448,.33389601,105446,115935,99.90000000000001,-.0019980073,.026800439
328,01-05-2015,201505,5,2,2015,105571,8119,7903,84476,25603,22292,35924,16022,.076905593,.074859574,.80018187,.15176517,.24251926,.21115647,.34028286,105571,116093,100.1,.0010000467,.031362787
329,01-06-2015,201506,6,2,2015,106113,8090,8163,84448,25484,22763,36564,16253,.076239482,.076927423,.79583085,.15316691,.24015908,.2145166,.34457606,106113,116584,100.2,0,.025642484
330,01-07-2015,201507,7,3,2015,104641,8142,11130,80414,24652,21304,36358,19272,.077808887,.10636366,.76847506,.18417256,.23558643,.20359133,.34745464,104641,114886,100,.0010010004,.031995103
331,01-08-2015,201508,8,3,2015,105498,9443,8491,82078,25108,21721,36745,17934,.089508809,.080484942,.77800524,.16999374,.23799503,.20589016,.34830043,105498,115736,100.3,.00099802017,.032104865
332,01-09-2015,201509,9,3,2015,105114,8486,7471,83581,24290,21608,37439,15957,.080731399,.071075216,.79514623,.15180661,.23108244,.20556729,.35617521,105114,115298,100.2,-.00099700689,.025515154
333,01-10-2015,201510,10,4,2015,104301,9935,9232,79295,24018,21291,37594,19167,.095253162,.088513054,.76025158,.18376622,.23027584,.20413035,.36043757,104301,114195,100.3,-.00099599361,.026145488
334,01-11-2015,201511,11,4,2015,104370,8238,8699,82518,25105,21184,37440,16937,.078930728,.083347708,.79062951,.16227843,.24053846,.20297021,.35872376,104370,114300,100.3,.0019979477,.037568256
335,01-12-2015,201512,12,4,2015,104652,8664,8847,81834,25253,21714,37021,17511,.082788669,.084537327,.78196305,.16732599,.24130452,.20748767,.35375339,104652,114817,100.3,.0019979477,.033816844
336,01-01-2016,201601,1,1,2016,105332,9743,11419,78645,25717,21495,37727,21162,.092498004,.1084096,.74663919,.2009076,.24415183,.20406903,.35817227,105332,115217,99.5,.0020140409,.040082797
337,01-02-2016,201602,2,1,2016,102071,9055,8475,67658,23041,19738,33637,17530,.088712759,.08303044,.66285235,.1717432,.22573502,.1933752,.32954511,102071,111438,99.8,.0030150414,.032359824
338,01-03-2016,201603,3,1,2016,104840,9236,8290,79936,24120,19869,35679,17526,.088096149,.07907287,.76245707,.16716902,.23006485,.18951736,.34031859,104840,114522,100.2,.0050150156,.04054749
339,01-04-2016,201604,4,2,2016,106386,8389,8878,82620,24615,21079,36473,17267,.07885436,.083450831,.77660596,.16230519,.23137443,.19813697,.34283647,106386,116360,100.2,.0030030012,.033237457
340,01-05-2016,201605,5,2,2016,106776,8653,9172,83892,24245,21031,36927,17825,.08103881,.08589945,.7856822,.16693826,.22706413,.19696374,.34583613,106776,116741,100.4,.0029970407,.03010039
341,01-06-2016,201606,6,2,2016,104966,8981,9134,81754,24153,21081,36012,18115,.085561037,.087018654,.7788617,.17257969,.23010308,.20083646,.34308252,104966,114788,100.6,.0039919615,.029266611
342,01-07-2016,201607,7,3,2016,105231,8665,10557,80828,23897,20447,36036,19222,.082342654,.10032215,.76810068,.1826648,.22709088,.19430587,.34244663,105231,115033,100.6,.006000042,.032785013
343,01-08-2016,201608,8,3,2016,104396,10161,9167,79754,24263,20024,36118,19328,.097331315,.087809876,.76395649,.18514119,.23241311,.19180812,.34597111,104396,113719,100.9,.0059820414,.040604994
344,01-09-2016,201609,9,3,2016,104976,9877,7602,80914,24314,19540,36563,17479,.094088174,.072416551,.77078569,.16650473,.23161484,.18613778,.34829867,104976,114318,101.1,.0089820623,.045477062
345,01-10-2016,201610,10,4,2016,104817,8785,8750,81174,24031,18817,36808,17535,.083812743,.083478823,.77443546,.16729157,.22926624,.17952241,.3511644,104817,114629,101.2,.0089731216,.049743831
346,01-11-2016,201611,11,4,2016,104836,9678,7711,81600,24798,18524,36219,17389,.092315614,.073552981,.77835858,.1658686,.23654088,.17669503,.34548247,104836,114503,101.4,.010967135,.05984585
347,01-12-2016,201612,12,4,2016,105970,9429,7844,82978,25697,18230,36755,17273,.088978015,.074020952,.78303295,.16299896,.24249315,.17202982,.34684345,105970,115774,101.9,.01595211,.07046333
348,01-01-2017,201701,1,1,2017,106099,12123,11084,77902,27396,18387,35594,23207,.11426121,.10446846,.7342388,.21872967,.25821167,.17330042,.33547914,106099,115625,101.4,.019095421,.084911257
349,01-02-2017,201702,2,1,2017,104334,13245,7860,65592,28199,16933,32416,21105,.12694807,.075334981,.62867332,.20228305,.27027622,.16229609,.31069449,104334,114063,102.1,.023046136,.10798013
350,01-03-2017,201703,3,1,2017,105552,11370,8178,78479,30242,16564,33241,19548,.10771942,.077478401,.74351031,.18519782,.28651282,.15692739,.31492534,105552,115516,102.5,.022954106,.12958543
351,01-04-2017,201704,4,2,2017,106599,10290,9401,80132,31731,16930,32777,19691,.096529983,.088190317,.75171435,.18472031,.29766697,.1588195,.30747944,106599,116889,102.9,.026946068,.13884747
352,01-05-2017,201705,5,2,2017,106881,11642,8801,80622,32634,16635,32136,20443,.10892488,.082343914,.75431556,.1912688,.30533022,.15564038,.30067083,106881,117233,103.3,.028884411,.14968984
353,01-06-2017,201706,6,2,2017,107050,8823,8534,84267,32725,15984,31628,17357,.082419433,.07971976,.78717422,.16213919,.30569828,.14931341,.29545072,107050,117390,103.3,.026839018,.15638487
354,01-07-2017,201707,7,3,2017,107347,9289,9590,83382,33933,16263,30895,18879,.086532459,.089336447,.77675205,.17586891,.31610572,.15149935,.28780496,107347,117692,103.2,.025844932,.16460638
355,01-08-2017,201708,8,3,2017,106813,11713,9159,80816,34157,15852,30350,20872,.10965893,.085747987,.756612,.19540693,.31978318,.1484089,.28414145,106813,117018,103.8,.02874136,.17137428
356,01-09-2017,201709,9,3,2017,106873,11302,7888,82021,34867,16017,30324,19190,.10575169,.073807232,.76746231,.17955892,.32624704,.14986947,.28373864,106873,117013,104.1,.029673576,.17637756
357,01-10-2017,201710,10,4,2017,106528,11242,8361,81663,36023,15639,29226,19603,.10553094,.078486405,.7665872,.18401735,.33815524,.14680648,.2743504,106528,116488,104.2,.029644251,.19134876
358,01-11-2017,201711,11,4,2017,106235,9701,8276,83116,35851,15604,29419,17977,.091316424,.077902764,.78237867,.16921918,.33746883,.14688191,.27692381,106235,116285,104.6,.031558156,.19058692
359,01-12-2017,201712,12,4,2017,106999,9957,8516,82757,36199,16148,29902,18473,.093056947,.079589531,.77343714,.17264648,.33831158,.15091729,.27946055,106999,117146,104.9,.029440641,.18739429
360,01-01-2018,201801,1,1,2018,106492,10605,11168,79167,35531,16411,30000,21773,.099584945,.10487173,.74340796,.20445667,.33364949,.15410547,.28171131,106492,116458,104.4,.029585838,.17954402
361,01-02-2018,201802,2,1,2018,110630,10473,8595,68151,32594,16356,29946,19068,.094666906,.077691406,.6160264,.1723583,.29462171,.14784417,.27068606,110630,122581,104.9,.027424097,.14677754
362,01-03-2018,201803,3,1,2018,112668,10236,8637,85473,32686,16907,31357,18873,.090850994,.076658852,.75862712,.16750985,.29010898,.15006036,.27831328,112668,125211,105,.024390221,.14004862
363,01-04-2018,201804,4,2,2018,113503,11040,9970,85161,33224,17320,31890,21010,.097266153,.087839089,.75029737,.18510523,.29271474,.15259509,.28096172,113503,126219,105.4,.024295449,.14011966
364,01-05-2018,201805,5,2,2018,114058,9522,9177,89509,32188,17079,33477,18699,.083483845,.080459066,.78476739,.1639429,.28220731,.14973961,.29350856,114058,126941,105.8,.024201393,.1324677
365,01-06-2018,201806,6,2,2018,113900,8714,9201,90342,31295,17464,33869,17915,.076505706,.080781385,.79316944,.15728709,.27475855,.15332748,.29735732,113900,126695,105.8,.024201393,.12143107
366,01-07-2018,201807,7,3,2018,111859,8912,10682,87236,30589,17586,33271,19594,.079671733,.095495224,.77987468,.17516695,.27346033,.15721577,.29743695,111859,124520,105.8,.02519381,.11624455
367,01-08-2018,201808,8,3,2018,111364,12384,9191,83827,29851,17228,33659,21575,.1112029,.082531162,.75272977,.19373406,.26804891,.15469991,.30224308,111364,124079,106.5,.026011586,.11334901
368,01-09-2018,201809,9,3,2018,111562,10467,7384,87460,30154,16653,34194,17851,.093822271,.066187412,.78395867,.16000968,.27028915,.14927126,.30650222,111562,124265,106.6,.024015427,.12101789
369,01-10-2018,201810,10,4,2018,111414,9213,8671,87673,28820,17853,34298,17884,.08269158,.077826843,.7869119,.16051842,.25867486,.16024019,.30784282,111414,124191,106.7,.0239923,.098434672
370,01-11-2018,201811,11,4,2018,110779,10158,8308,86932,27918,17610,34847,18466,.091696076,.074996166,.78473359,.16669224,.25201526,.15896514,.31456321,110779,123289,107,.02294457,.093050122
371,01-12-2018,201812,12,4,2018,112629,9299,8065,87971,28052,17665,35348,17364,.082563102,.071606778,.7810688,.15416989,.24906552,.15684238,.31384456,112629,125381,107.1,.020972371,.092223138
372,01-01-2019,201901,1,1,2019,112940,10931,11142,84363,28325,18035,34530,22073,.096785903,.098654151,.74697185,.19544005,.25079688,.15968657,.30573756,112940,125531,106.3,.018199205,.091110319
373,01-02-2019,201902,2,1,2019,111802,10838,7775,73539,29307,17732,35475,18613,.096939228,.069542587,.65776104,.16648182,.26213306,.15860182,.31730202,111802,124018,106.8,.01811254,.10353124
374,01-03-2019,201903,3,1,2019,115036,10340,8680,87471,30089,18878,37070,19020,.089884907,.075454637,.76037937,.16533954,.2615616,.16410515,.32224694,115036,127885,107,.019047618,.097456455
375,01-04-2019,201904,4,2,2019,115760,9790,11387,87806,29731,19500,37939,21177,.084571525,.098367311,.75851762,.18293884,.25683311,.16845196,.32773843,115760,128853,107.6,.020872831,.088381141
376,01-05-2019,201905,5,2,2019,115659,10788,8435,90978,30630,18754,38133,19223,.093274191,.072929904,.78660548,.16620409,.26483023,.16214907,.32970196,115659,128682,107.9,.019848824,.10268116
377,01-06-2019,201906,6,2,2019,116166,9980,8583,91935,31904,18007,38068,18563,.085911542,.073885649,.79141057,.15979719,.27464145,.15501094,.32770345,116166,129075,107.9,.019848824,.11963052
378,01-07-2019,201907,7,3,2019,115859,9584,10818,90077,31930,18227,36888,20402,.082721241,.093372114,.77747089,.17609335,.27559361,.15732053,.318387,115859,128486,107.9,.019848824,.11827308
379,01-08-2019,201908,8,3,2019,114965,11491,9513,88467,30697,18252,37436,21004,.099952161,.082746923,.76951247,.18269908,.2670117,.15876137,.32562953,114965,127479,108.4,.017840385,.10825033
380,01-09-2019,201909,9,3,2019,115228,11064,8233,89327,30283,18439,37998,19297,.096018329,.071449645,.77521956,.16746798,.2628094,.16002187,.32976359,115228,127702,108.5,.017823696,.10278752
381,01-10-2019,201910,10,4,2019,114919,10077,10308,88938,30489,18905,37296,20385,.08768785,.089697964,.77391905,.17738581,.26530862,.16450718,.32454163,114919,127514,108.3,.014995337,.10080144
382,01-11-2019,201911,11,4,2019,115351,10993,9188,89332,30921,18532,37377,20181,.095300429,.07965254,.7744363,.17495297,.26806009,.16065747,.3240284,115351,127910,108.5,.014018655,.10740262
383,01-12-2019,201912,12,4,2019,115080,9714,9030,91172,30715,18677,38608,18744,.084410846,.078467153,.79224885,.16287799,.26690128,.16229579,.33548835,115080,127767,108.5,.013071895,.1046055
384,01-01-2020,202001,1,1,2020,115277,12509,12642,83755,31083,19009,38187,25151,.10851254,.10966628,.72655427,.21817882,.2696375,.16489846,.33126295,115277,127661,108.2,.017873883,.10473904
385,01-02-2020,202002,2,1,2020,113978,11191,8599,76225,30315,19586,37024,19790,.098185614,.075444385,.66876942,.17363,.26597238,.17184018,.32483461,113978,126570,108.6,.016853929,.0941322
386,01-03-2020,202003,3,1,2020,107287,9651,9667,81304,28961,19067,35172,19318,.08995498,.090104111,.7578178,.18005909,.26993951,.17771958,.32783097,107287,118933,108.6,.014953256,.092219934
387,01-04-2020,202004,4,2,2020,71314,8654,9336,42811,20638,14792,22259,17990,.12135065,.13091399,.60031688,.25226462,.2893962,.20742071,.31212664,71314,74251,108.5,.0083643198,.08197549
388,01-05-2020,202005,5,2,2020,81412,7481,6531,52619,23252,17010,24331,14012,.091890633,.080221586,.64632976,.17211223,.28560901,.20893726,.29886258,81412,85259,108.5,.0055607557,.076671749
389,01-06-2020,202006,6,2,2020,88781,7382,8188,61035,24680,19389,26032,15570,.08314842,.092226937,.68747818,.17537536,.27798742,.21839133,.2932159,88781,94010,108.6,.0064874887,.059596092
390,01-07-2020,202007,7,3,2020,95567,8344,8832,66428,27148,19498,28067,17176,.087310471,.092416838,.69509351,.17972732,.28407297,.2040244,.29368925,95567,102371,109.1,.011121392,.080048561
391,01-08-2020,202008,8,3,2020,103111,14165,14695,53421,26090,19035,35632,28860,.13737622,.14251631,.51809216,.27989253,.2530283,.18460688,.34556934,103111,112987,108.6,.0018450022,.068421423
392,01-09-2020,202009,9,3,2020,105563,11233,10647,73994,26263,19476,37395,21880,.10641039,.1008592,.70094633,.20726959,.24878982,.18449646,.35424343,105563,116062,109.1,.0055299997,.064293355
393,01-10-2020,202010,10,4,2020,106203,9172,9518,77332,27494,19809,36138,18690,.086362906,.089620821,.72815269,.17598373,.25888157,.18652016,.34027287,106203,116826,109.1,.0073869228,.07236141
394,01-11-2020,202011,11,4,2020,78419,7277,10670,54130,19424,17389,26285,17947,.092796385,.13606396,.69026637,.22886035,.24769507,.22174473,.33518663,78419,82553,108.9,.0036866665,.025950342
395,01-12-2020,202012,12,4,2020,88779,7913,8414,58305,22106,19062,28915,16327,.089131437,.094774663,.65674317,.18390611,.24900033,.21471293,.32569638,88779,94790,109.2,.0064516068,.034287393
396,01-01-2021,202101,1,1,2021,89010,9990,10036,57476,21827,20967,27394,20026,.11223458,.11275138,.64572519,.22498596,.24521963,.23555781,.30776316,89010,94079,,,.0096618235
397,01-02-2021,202102,2,1,2021,90389,8902,8713,65531,23540,23604,29076,17615,.098485433,.096394472,.72498864,.1948799,.26042992,.26113796,.32167631,90389,98049,,,-.00070804358
398,01-03-2021,202103,3,1,2021,92610,8128,7633,71046,22622,21804,28344,15761,.087765902,.082420908,.76715255,.1701868,.24427168,.23543894,.30605766,92610,100972,,,.0088327378
399,01-04-2021,202104,4,2,2021,93798,8611,7020,72740,19398,17013,25183,15631,.091803662,.074841678,.7754963,.16664535,.20680611,.18137914,.26848119,93798,102092,,,.025426969
400,01-05-2021,202105,5,2,2021,88224,10429,8208,60375,19882,17000,25531,18637,.11821046,.093035907,.68433762,.21124637,.22535817,.19269133,.28938839,88224,95210,,,.032666847
401,01-06-2021,202106,6,2,2021,99510,8549,6946,66263,22879,18534,26887,15495,.085910961,.069802031,.6658929,.15571299,.22991659,.18625264,.27019396,99510,109408,,,.043663949
402,01-07-2021,202107,7,3,2021,109496,7699,8421,77252,27272,21710,29729,16120,.070313074,.076906919,.70552349,.14721999,.24906845,.19827208,.27150762,109496,122056,,,.050796375
403,01-08-2021,202108,8,3,2021,110304,10334,7343,84785,30004,20306,36276,17677,.093686536,.066570565,.76864845,.1602571,.27201191,.18409124,.32887292,110304,123477,,,.087920666
404,01-09-2021,202109,9,3,2021,109720,10854,7883,83079,30316,19532,38005,18737,.098924533,.071846515,.757191,.17077105,.27630332,.17801677,.34638169,109720,122686,,,.098286554
405,01-10-2021,202110,10,4,2021,110072,11767,7043,83411,32683,18194,37901,18810,.10690276,.063985392,.7577858,.17088814,.29692385,.16529182,.34432918,110072,123103,,,.13163203
