description,item_id,span,inflRank,upSh12m,upCh12m,upShLR,upChLR,upSh1m,upCh1m,date,nPrices
BUTTER 250G SPEC COO,211306,122,4,1,.30950475,.46438053,.15376636,.10454545,.042795822,422,220
ROTISSERIE CHICKEN [WHOLE],210913,164,2,1,.19509342,.44557032,.1246593,.035714287,.092437007,422,28
FISH & CHIPS TAKEAWAY,220301,420,3,1,.21385342,.66955352,.086587362,.095238097,.12471868,422,105
MILK SEMI-PER 2 PINTS/1.136 L,211710,398,1,1,.4001497,.44616687,.083886519,.016393442,.20347768,422,122
SHOP MILK-WHOLE MILK-4PT/2LTR,211709,398,5,.99541283,.38694388,.44433129,.099203408,.071428575,.24602079,422,224
OLIVE OIL - 500ML - 1 LITRE,211408,194,6,.99502486,.52525842,.43280712,.20267269,.37378642,.16931146,422,206
WHITE SLICED LOAF BRANDED 750G,210111,230,7,.99159664,.30168787,.52221555,.14016429,.1221374,.067377679,422,131
WHOLEMEAL SLICED LOAF BRANDED,210113,230,8,.99122804,.29809034,.49936688,.13267221,.10344828,.05412012,422,116
HARD REGIONAL CHEESE PER KG,211509,230,9,.9910714,.47949094,.44638443,.12056317,.23966943,.056138363,422,121
SUGAR -GRANULATED-WHITE-PER KG,212101,420,10,.99078339,.4489809,.50748783,.13575672,.38461539,.067830607,422,221
CREAM CRACKERS PACK 200G-300G,210301,420,11,.99065423,.48494732,.48353669,.1604834,.63636363,.11022003,422,66
CHICKEN KIEV 2 PACK 240-325G,211026,98,12,.98857141,.24444796,.35288116,.31781164,.2173913,.1774313,422,184
LARGE LOAF-WHITE-UNSLICED-800G,210102,420,13,.98461539,.16069916,.52824509,.10337816,0,,422,71
FROZEN BREAD/BAT FISH 400-550G,211211,158,14,.98453611,.39161834,.40468901,.21641918,.28494623,.30922598,422,186
CANNED SOUP-390-425G,212910,420,15,.98305082,.5386712,.52119452,.12081737,.10852713,.13605638,422,129
TOMATO KETCHUP BOTTLE 340-570G,212917,409,16,.98275864,.39954489,.50152993,.16721487,.15508021,.23652859,422,187
WHOLE SPONGE CAKE NOT FROZEN,210320,278,17,.98076922,.31438345,.41794202,.1985701,.30973452,.28457665,422,113
FROZ CHICKEN NUGGETS 220-600G,211019,218,19,.97560978,.50583464,.29715201,.36349863,.095744684,.15080298,422,94
H K LIVER PER KG STATE TYPE,211027,98,20,.97368419,.35931379,.42750046,.24980702,.048780486,.047619119,422,82
POWDERED BABY FORMULA 400-900G,211816,158,21,.97350991,.13995183,.53771007,.12523673,.30319148,.080230847,422,188
JOINT OV/READ GAM/POR 450-900G,211025,98,22,.97222221,.12144901,.41410673,.20857327,.5390625,.069526874,422,128
APPLE CIDER 4 CAN PK 440-500ML,310221,74,23,.97087377,.12854151,.40567932,.12410351,.10550459,.078347407,422,218
"BAKED BEANS, 400-425G TIN",212603,420,24,.97029704,.40811175,.50479418,.14249051,.079754598,.076348729,422,326
CANNED SWEETCORN 198-340G,212608,420,25,.96832579,.24227372,.39705437,.13039476,.12992126,.086760543,422,254
DRY SPAGHETTI OR PASTA 500G,210204,420,26,.96634614,.28834084,.39984411,.25729614,.0521327,.26666665,422,211
DOG FOOD-CAN-385-400GM,430613,326,27,.96571428,.33308327,.42503136,.11375008,.092682928,.19207048,422,205
CHEDDAR-HOME PRODUCED PER KG,211501,420,28,.96396399,.52462941,.51971394,.14883445,.31007752,.10515023,422,129
FRESH/CHILLED CHICKEN  PER KG,210905,409,29,.95555556,.2556577,.43500769,.15751012,.2012987,.098099768,422,154
FRESH VEG-LETTUCE-ICEBERG-EACH,212511,420,30,.95049506,.42739218,.44114259,.26341766,.12615384,.32514569,422,325
"FLAVRD TEA 15-20 BAGS, 30-40G",211905,50,31,.94897962,.2838085,.43598583,.42875928,.045000002,.23826726,422,200
KITCHEN ROLL PK OF 2-4 SPECIFY,430533,230,32,.94791669,.51649016,.47441962,.25753722,.15652174,.17773238,422,115
CIGARETTES 15,320115,254,33,.9464286,.065813482,.96850616,.0577126,.061068702,.066436589,422,131
CIGARETTES 8,320108,419,34,.94594592,.041334026,.99079603,.070548773,.23622048,.015638616,422,127
FRESH VEG-CUCUMBER-WHOLE,212510,420,35,.94576269,.56876916,.42367408,.24617116,.21590909,.26902574,422,352
T'AWAY COOKED SAVOURY PASTRY,220327,61,36,.9453125,.15310977,.60955447,.10083117,.063218392,.079203047,422,174
YOGHURT-SMALL INDIVIDUAL,211814,170,37,.93965518,.36650196,.39083883,.19446532,.089430891,.21633281,422,123
HAND ROLLING TOBACCO PACK 30GM,320206,326,38,.93805307,.079003043,.94129568,.074379459,.10606061,.061842278,422,132
INDIVIDUAL MEAT PIE,211011,420,39,.9375,.37433535,.45791388,.17709985,.19161677,.21135175,422,167
CIDER FLAVOURED BOTT 500-568ML,310222,74,40,.93518519,.096352257,.32278612,.11866561,.20614035,.053181112,422,228
FRESH WHITE FISH FILLETS KG,211101,327,41,.93258429,.21617615,.51139528,.17282198,.1882353,.080705836,422,85
CHILLED PIZZA EACH 300-600G,212939,98,42,.93170732,.49669215,.45652139,.28916985,.12727273,.33436179,422,220
FRESH VEG-CAULIFLOWER-EACH,212504,420,43,.93127149,.33947685,.43430662,.28958079,.069306932,.35653651,422,303
JAR OF JAM-340-454G,212106,326,44,.92792791,.27807391,.40726155,.15603592,.033898305,.15520093,422,118
POTATO CRISPS-MULTI-PACK,212404,409,45,.92708331,.29151091,.43714738,.18631572,.11411411,.14115457,422,333
CHOCOLATE COVERED ICE CREAM,212938,134,46,.92631578,.23659286,.35073289,.43824989,.22142857,.2596435,422,140
CHILLED READY MEAL-MEAT-SERVS1,212936,170,47,.92523366,.2454726,.47597766,.15458703,.21238938,.048671823,422,113
CANNED MEAT-STEWED STEAK,211007,420,49,.91860467,.19530624,.39710289,.14792369,.23300971,.13287041,422,103
FRZN READY-COOKD MEAL SERVES 1,212918,409,48,.91860467,.30803832,.34576863,.20869766,.19,.17383434,422,100
KITCH BASE UNIT WIDTH 800-1000,430119,408,50,.91752577,.3782905,.51984489,.32940841,.1724138,.14413151,422,116
RESTAURANT MAIN COURSE,220128,78,51,.91732281,.15959738,.57545501,.090755202,.12578617,.073827937,422,318
HOT CHOCOLATE DRINK INSTANT,213005,122,52,.91719747,.3659122,.3241252,.1971124,.2137931,.19222037,422,145
CHOCOLATE 12,212226,74,54,.9130435,.27587089,.28482702,.23225039,.23566879,.17078924,422,157
QUICHE 340G-450G,212941,62,55,.91176468,.26489031,.4778147,.15293889,.080188677,.10273181,422,212
A4 PRINTER PAPER (500 REAM),430527,182,57,.90909094,.36522532,.35277626,.22380596,.058333334,.13754299,422,120
TEA BAGS-2-PACKET OF 240,211904,242,56,.90909094,.35825545,.4032346,.23530123,.28301886,.14684524,422,159
DRAUGHT STOUT PER PINT,310104,411,58,.90860218,.09172146,.80229378,.055979125,.21484375,.046381738,422,256
POTATO CRISPS 25G-50G,212402,420,59,.90804595,.14743571,.57058722,.10557139,.16923077,.094363548,422,195
CHILLED READY MEAL-FISH/VEG,212937,170,60,.90721649,.23203109,.46098721,.17527138,.15686275,.044654634,422,102
TAKEAWAY COFFEE LATTE,220321,241,61,.90604025,.12612887,.52105123,.094197683,.12206573,.059457719,422,213
PREMIUM LAGER - PINT 4.3-7.5%,310110,234,62,.90555555,.1183756,.76994532,.053096484,.2310757,.043552652,422,251
FIZZY ENERGY DRINK 250-500ML,212015,266,63,.90434784,.15316615,.44238117,.13372391,.14166667,.080235943,422,120
GAS COOKERS-SPECIFY MAKE & MOD,430414,349,64,.90217394,.14128339,.42441392,.19355111,.37719297,.083708316,422,114
CERAMI TILES 15X15-25X50CM BOX,410637,98,65,.90109891,.54634136,.38898534,.37982452,.054054055,.30971596,422,111
TAKEAWAY SOFT DRINK,220320,254,66,.8977778,.13340001,.50331038,.12217075,.080459774,.1054229,422,261
CHOCOLATE LARGE BAR 100-200G,212225,86,67,.89610392,.23430455,.25555053,.29625154,.2754491,.29808474,422,167
FRESH VEG-PEPPERS -LOOSE OR KG,212532,182,68,.89558232,.52443987,.36084706,.35026494,.56944442,.24309182,422,288
KEBAB- TAKEAWAY,220323,242,69,.89552242,.16733593,.42071989,.10642438,.063829787,.11539468,422,94
FROZEN FISH FINGERS 8-12 PK,211210,230,70,.89268291,.27623478,.46814573,.23142864,.23369566,.32672939,422,184
CAT FOOD POUCH-IND-85G-100G,430624,170,71,.89108908,.2687003,.42605498,.1898673,.27102804,.20726715,422,107
FLAVOURED WATER BOTT 900ML-1.5,212024,74,72,.8901099,.17408708,.43904558,.21874039,.20379147,.11225565,422,211
TAKEAWAY CHICKEN & CHIPS,220326,134,73,.88732392,.19529913,.49623093,.11746395,.10309278,.18583502,422,97
LAGER - PINT 3.4-4.2%,310109,234,75,.88524592,.10042533,.75214314,.059357513,.1953125,.054715518,422,256
WALLPAPER PER ROLL,410629,218,76,.884058,.20169637,.41661406,.37127307,.16129032,.10916376,422,93
PACK OF 5-6 INDIVIDUAL CAKES,210321,242,77,.88172042,.46569559,.50177854,.22730072,.35454544,.25811622,422,110
READY-MIXED FILLER-INT USE,410602,419,79,.87628865,.21147853,.4467864,.17673956,.25961539,.061178546,422,104
DISHWASHER TABLETS PACK 16-45,430538,98,80,.87619048,.1734657,.35116807,.42488506,.1554054,.1419844,422,148
CONTINENTAL SLICED DELI MEAT,211024,122,81,.87577641,.27921119,.29974055,.33231315,.2375,.16826247,422,160
BANANAS-PER KG,212719,419,82,.8753894,.14532283,.37591738,.16343717,.54569191,.12902196,422,383
HOME KILLED BEEF-LEAN MINCE KG,210403,420,83,.875,.19260432,.45481211,.16325691,.25510204,.081885308,422,196
VODKA (PER NIP) SPECIFY ML,310302,411,84,.87431693,.1315383,.70935291,.075499505,.2,.05289875,422,255
GIN PER NIP,310316,30,85,.87362635,.13700531,.75596225,.1543529,.18503937,.051468108,422,254
CORN SNACK SINGLE PACK MAX 50G,210211,266,86,.87301588,.18006942,.53109121,.16987136,.19480519,.11589329,422,77
COOK-IN SAUCE-JAR/CAN 350-520G,212923,362,87,.87155962,.52751547,.40103003,.22760151,.19379845,.31991813,422,129
BRAND CHOC SWEETS 90-185G BAG,212223,134,88,.86986303,.29543144,.27833471,.43046221,.17142858,.15200001,422,175
PARMESAN CHEESE-PER KG,211510,170,89,.86915886,.13264672,.41825414,.12590505,.21367522,.034434389,422,117
FRESH FISH-SALMON FILLETS-KG,211105,266,90,.8660714,.2557945,.46966287,.19090021,.47959185,.074242085,422,98
P'PARED MASHED POTATO 400-650G,212409,62,91,.86545455,.21953692,.34351513,.20524769,.15463917,.11533638,422,291
BACON-BACK-PER KG,210808,326,92,.86516851,.24566224,.40770018,.14570157,.19306931,.089084342,422,202
COLD/FLU DRINK POWDER,520242,206,93,.86250001,.16091761,.41158664,.18195675,.43055555,.11875077,422,72
FRUIT JUICE NOT ORANGE 1L,212006,386,94,.86138612,.24838637,.37207028,.15417959,.15322581,.089488856,422,124
MAYONNAISE 390-500G/420-540MLS,212930,266,95,.85795456,.4082315,.38863689,.21307155,.1827957,.12825088,422,186
FRESH VEG-TOMATOES-PER KG,212515,419,96,.85774058,.39889544,.45710197,.27568045,.27173913,.34085104,422,276
BURGER IN A BUN EAT IN OR TAKE,220328,38,97,.85645932,.23507683,.61098379,.1921719,.16216215,.08297608,422,259
MIXER DRINK BOTTLE 1L EG TONIC,212022,110,98,.85483873,.17170465,.42313647,.18020318,.1884058,.051794067,422,207
IN STORE CAFETERIA MEAL,220120,196,100,.85454547,.15930676,.54517287,.094889462,.013157895,.093023255,422,76
FIZZY BOTTLED DRINK 500ML,212017,218,99,.85454547,.11796082,.65154219,.09236858,.039682541,.10944588,422,126
PRE MIXED SPIRIT 250-330ML,310430,38,101,.85221672,.14281856,.46338576,.12091952,.040723983,.07523106,422,221
PAINT GLOSS/EMUL 750ML-2.5LTR,410639,86,102,.85185188,.13268226,.54724926,.16286364,.46451613,.23222947,422,155
LIQUEUR PER NIP   SPECIFY ML,310307,306,103,.85164833,.15536468,.62596309,.077475891,.19599999,.065301478,422,250
FROZEN BEEFBURGERS PACK OF 4,210414,374,104,.85148513,.33181193,.36943236,.2759223,.125,.11399525,422,112
MUFFIN/INDIVIDUAL CAKE,220124,176,105,.85074627,.18477362,.42985329,.13557102,.13513513,.072134137,422,185
BOTTLED PREMIUM LAGER 4.3-7.5%,310111,222,106,.84831458,.11646397,.68306983,.0631475,.20661157,.048004624,422,242
SAUSAGES-PORK-PER KG,211014,419,107,.84745765,.2562094,.48523131,.16116096,.19387755,.17310616,422,196
FLOUR-SELF-RAISING-1.5KG,210201,420,108,.84684682,.31363091,.39051282,.19915827,0,,422,127
FUNERAL-CREMATION,440227,302,109,.84375,.088948846,.76610178,.10267161,.15986395,.045967352,422,294
STOUT - 4 CAN PACK,310219,134,111,.84313726,.081845686,.37238771,.13139941,.030487806,.079983912,422,164
"YOGHURT/FROMAGE 4-6PK, 45-125G",211807,290,110,.84313726,.24971253,.3704918,.25380069,.29411766,.15490325,422,119
VODKA-70 CL BOTTLE,310403,419,112,.84263957,.10590387,.48108304,.090241097,.19597989,.16819136,422,199
PUB -HOT MEAL,220107,390,113,.84239131,.1854578,.52584535,.14021586,.12345679,.061530001,422,243
ICE CREAM 450ML-1L,212933,254,114,.84210527,.38292438,.35953626,.32086363,.24107143,.17230129,422,112
WHISKY (PER NIP) SPECIFY ML,310301,411,115,.84153003,.14257804,.69574302,.077651747,.2,.059184592,422,250
SPREADABLE BUTTER,211305,122,116,.84112149,.21215367,.4610374,.26361513,.25114155,.25919622,422,219
PROTEIN POWDER 900G-2KG,212940,98,118,.84102565,.34320453,.39334768,.33304009,.50710899,.11071704,422,211
PLAIN BISCUITS-200-300G,210302,420,119,.83999997,.3707127,.48349541,.15397459,.47058824,.15394199,422,102
FRESH VEG-BROCCOLI-PER KG,212530,194,120,.83959043,.40641093,.45418781,.26697356,.11011904,.23029946,422,336
CANNED FRUIT-400-450G,212807,326,121,.83870965,.15053019,.3810817,.16945875,.46666667,.086392917,422,210
MEAT BASED SNACK PACK MAX 400G,211030,74,122,.83582091,.17705563,.42650625,.20802027,.27411169,.13909858,422,197
20 FILTER - OTHER BRAND,320122,182,123,.8347826,.026474377,.97182822,.065824419,.029629629,.063549086,422,135
LEMONADE-2 LITRE BOTTLE,212008,362,124,.8347826,.47813001,.3854731,.21086442,.2,.12205383,422,125
BOTTLE OF WINE 70-75CL,310315,342,125,.83402491,.10811432,.50329739,.10085714,.031847134,.083606213,422,314
MINERAL WATER STILL 1.5-2L,212010,350,126,.83246076,.30579123,.33497643,.18962948,.29107982,.13820589,422,213
CIDER 4.5%-5.5% ABV PINT/BOTTL,310114,66,127,.83040935,.11525196,.65078294,.070178874,.22580644,.062764607,422,248
SANDWICH-TAKE-AWAY (COLD),220303,420,128,.83027524,.18979846,.49962324,.13021018,.17578125,.11012834,422,256
RESTAURANT - SWEET COURSE,220122,198,129,.82572615,.18011324,.4287838,.10794614,.070287541,.093407087,422,313
SMOKELESS FUEL 50KG,420103,419,130,.82499999,.29077786,.66914648,.074292488,.039999999,.14995234,422,100
"COLA DRINK, DIET 1.25-2LTR",212026,50,131,.82474226,.21913259,.53395998,.24334326,.18181819,.34377959,422,220
"COLA DRINK, REG,BOTTLE,1.25-2L",212025,50,132,.82467532,.32802337,.53346479,.1928177,.031088082,.25932872,422,193
TEA -TAKE-AWAY,220305,419,133,.82432431,.14947474,.40310198,.15128815,.090909094,.086094886,422,198
VARNISH-CLEAR GLOSS-750ML-1LTR,410621,362,134,.82417583,.11884371,.47125903,.16909911,.06779661,.1246956,422,118
5 CIGARS: SPECIFY BRAND,320205,419,135,.82291669,.12307943,.95722556,.065023795,.11818182,.026022105,422,110
CHINESE TAKEAWAY,220319,254,136,.82278478,.1258032,.38726693,.069538012,.083333336,.060381338,422,108
"DOG TREATS,SPEC,TYPE 70-400G",430626,50,137,.822335,.87554228,.40428612,.5171845,.047619049,.28116375,422,210
BACON-GAMMON-PER KG,210802,420,138,.8214286,.1862566,.43595275,.15677302,.16149068,.1095667,422,161
CRUMPETS PACK 6-9 SPEC NUMBER,210324,38,139,.81987578,.60092497,.42249158,.29512465,.22222222,.31186849,422,180
ALUMIN COOKING FOIL 290-300MM,430505,419,140,.81914896,.36026713,.45420861,.23757249,.15384616,.11093833,422,117
COOKED MEAT TURKEY/CHICK SLICE,211029,86,141,.81589961,.17752284,.43836224,.21145964,.20502092,.10417735,422,239
BLEACH 750ML,430529,242,142,.81512606,.26962262,.37869579,.17283645,.25547445,.21054468,422,137
ANNUAL BOOSTER INJECTION,430621,240,143,.8142857,.1609008,.5649907,.073624521,.10457516,.08870589,422,153
GARDEN SPADE,630505,419,145,.8125,.43537784,.37042677,.27675965,.018348623,.18335557,422,109
FROZEN PRAWNS PER KG,211106,230,144,.8125,.1944911,.42394024,.21594448,.26490065,.16597587,422,151
TOILET ROLLS,430536,218,146,.8108108,.18743175,.47445181,.13707329,.017094018,.076715462,422,117
FRESH VEG-ONIONS-PER KG,212519,419,147,.81072557,.30195892,.42457893,.27055869,.20551379,.16506094,422,399
"MOWER ELECTRIC, SPECIFY TYPE",630520,173,148,.81034482,.18466009,.4087863,.24671279,,,422,0
BOTTLED MINERAL WATER,220117,210,149,.80981594,.15587901,.45754108,.11181021,.1388889,.089358635,422,216
FRESH BONELESS CHICKEN BREAST,210910,242,150,.80864197,.22754453,.38318443,.13194662,.26229507,.045568682,422,183
SOFT CONTINENTAL CHEESE - KG,211511,134,151,.80701756,.38412052,.34617448,.2282868,.18023255,.15299253,422,172
BITTER-4CANS-440-500ML,310207,314,152,.80612242,.12553942,.4248513,.1121553,.19469027,.097884469,422,113
BREAKFAST CEREAL GLUTEN FREE,210219,38,153,.80588233,.26306593,.32793096,.29359263,.16574585,.25051689,422,181
MINTS,212202,420,154,.80555558,.22809006,.55602062,.12411951,.28125,.090956531,422,96
FRUIT JUICE BOTTLE 250-350ML,220125,162,155,.80487806,.12321306,.50197387,.072232932,.17826086,.077147327,422,230
PIZZA TAKEAWAY OR DELIVERED,220316,278,156,.80459768,.2702522,.38043487,.13445264,.12173913,.13256708,422,115
DRIVING LESSON 1 HOUR,440105,416,157,.80423278,.12788217,.50284004,.079363942,.04265403,.086611681,422,211
PAINT BRUSH-2INCH/5CM WIDTH,410607,419,158,.80392158,.4447318,.42704222,.17063531,.041322313,.12774673,422,121
DRIED POTTED SNACK 50-120G,212934,242,159,.80219781,.23560786,.36583641,.23849265,.01904762,.21848741,422,105
DRAUGHT BITTER (PER PINT),310102,411,160,.79870129,.12403087,.76035565,.06741707,.20183486,.051547401,422,218
DRY CLEANING-MAN'S SUIT,440104,419,161,.79850745,.14686045,.56270373,.078118578,.19251336,.07933864,422,187
"SETTEE,NON LEATHER - SEE HELP",430143,50,162,.79523808,.21208148,.58832192,.24604554,.171875,.18130569,422,256
COOKED HAM LOOSE PER 100G,211031,62,163,.79338843,.30950078,.41368452,.16973941,.17699115,.17520927,422,113
HOT OAT CEREAL,210216,134,165,.79104477,.32814965,.36946112,.22461629,.22065727,.29180294,422,213
"WINE, PER 175 - 250 ML SERVING",310310,234,166,.7903226,.16225459,.59395546,.095652059,.047244094,.12162349,422,254
POTATOES- OLD WHITE PER KG,212310,210,167,.78666669,.4549211,.40625003,.31096619,.125,.10807084,422,376
HOME KLD BEEF-RUMP/POPES STEAK,210406,420,168,.7862069,.13266726,.46618015,.14157349,.22413793,.077814028,422,174
VEGETABLE CRISPS PACK 80-125G,212942,38,169,.78472221,.25259092,.40039241,.36105776,.079365082,.46869394,422,189
NON-DAIRY MILK DRINK 900ML-1LT,211714,74,170,.78365386,.26371363,.42518774,.20560504,.31924883,.15728231,422,213
CHILLED GARLIC BREAD,210114,158,171,.78282827,.31676546,.34196925,.31285253,.16915423,.19940892,422,201
SPEC'Y BEER BOTT 500ML 4-5.5,310220,98,172,.78238344,.14475077,.3577365,.12836896,.13846155,.20669243,422,195
"CAR TYRE, STATE SIZE",610204,419,173,.78095239,.16042258,.50583738,.15585996,.092198581,.096604802,422,141
HOME KILLED PORK-LOIN CHOPS KG,210703,420,174,.77692306,.27676722,.45596585,.13538046,.29545453,.084968708,422,132
SIX BREAD ROLLS-WHITE/BROWN,210106,420,175,.77528089,.25345448,.45276523,.16164048,.090909094,.17671712,422,99
FRESH VEG-CARROTS-PER KG,212518,419,176,.77499998,.28967997,.42343995,.25221309,.13432837,.22046375,422,402
PLANT FOOD 800ML-2LT/500G-1.5K,630525,110,177,.77419353,.3062686,.42903486,.24480923,.038834952,.3105405,422,103
MEN'S CLOTHING HIRE- SEE HELP,440132,102,178,.7735849,.14724147,.35120896,.1312179,.10144927,.18178533,422,69
NURSING HOME,520325,254,179,.77319586,.1502755,.60985118,.11713346,.023076924,.088245265,422,130
RESTAURANT CUP OF COFFEE,220121,198,180,.76995307,.16105495,.39855766,.1123018,.040752351,.13117118,422,319
GAS FIRE,430413,349,181,.76744187,.16753529,.4389928,.15117694,.042857144,.073612593,422,70
CARPET TUFTED MIN 80% WOOL FIB,430234,110,182,.7651515,.16915223,.48585159,.16500813,.11299435,.18560059,422,177
COOKED HAM PREPACKED SLICED,211023,218,183,.76506025,.17281112,.43969348,.27561134,.22222222,.1799143,422,162
SOFA BED,430140,419,185,.76296294,.25855505,.46938312,.32583624,.16083916,.16831999,422,143
"CHEESE SPREAD, 125g-200g TUB",211506,302,186,.76136363,.24208601,.37415656,.22959438,.22826087,.13626707,422,92
FRUIT FRESH SNACKING 150-350G,212730,110,187,.76036865,.30495319,.28242704,.30392557,.060747664,.22863244,422,214
GRAPES-PER KG,212722,419,188,.7594502,.19571207,.42510629,.31517449,.14166667,.12424431,422,360
TEA BAGS PKT OF 80 (230G-250G),211901,420,189,.75630254,.26356769,.43052265,.16775465,.12800001,.24557525,422,125
BASMATI RICE 500G-1KG,210212,242,190,.75510204,.25169319,.36677745,.26921335,.029411765,.18620877,422,102
HOUSEHOLD CLEANER CREAM/LIQUID,430509,419,191,.75362319,.39090666,.42471445,.26117411,.47872341,.19627982,422,188
GENT'S WATCH- ANALOGUE FACE,520131,230,192,.75324672,.33511379,.36894155,.44505921,.16748768,.16410086,422,203
COLA/FIZZY DRINK 330ML PK 4-8,212023,86,193,.75,.28555822,.47245798,.31691417,.18536586,.27558863,422,205
FRESH TURKEY DICED/MIN PER KG,210914,38,195,.75,.19131957,.59016508,.28249466,.29411766,.067155823,422,17
RESIDENTIAL HOME,520324,254,194,.75,.13395619,.64353329,.0854031,.048275862,.20447429,422,145
FRESH VEG-CABBAGE-WHOLE-PER KG,212516,419,196,.74820143,.25068802,.38834199,.31837395,.13496932,.17410108,422,326
DOG KENNEL FEES DAILY CHARGE,430622,242,197,.74774772,.17356494,.52121866,.097016618,.10236221,.13112372,422,127
CHOCOLATE 10,212222,241,199,.74509805,.19779272,.51166469,.10249997,.21621622,.10815605,422,74
GOLF BALLS PRICE PER BALL,630345,230,200,.74444443,.24847576,.33396184,.35592636,.051282052,.16999996,422,117
FRIDGE/FREEZER SPEC CAPACITIES,430362,98,201,.74429226,.42237115,.57985336,.23403028,.35514018,.10006445,422,214
BEEF ROASTING JOINT PER KG,210416,38,202,.74380165,.1824567,.6089071,.21320921,.093525179,.11603162,422,139
"CANNED FISH, TUNA, 130G-200G",211207,409,203,.74193549,.15424505,.41376188,.17167407,.10377359,.057667613,422,106
WASHING MACH NO DRYER MAX 1800,430361,98,205,.73762375,.12795186,.51109695,.21996149,.25630254,.14276569,422,238
CARPET TUFTED 100% MANMADE FIB,430233,110,206,.73571426,.27153164,.48029473,.26384655,.11111111,.3795768,422,189
FRUIT DRINK BOTTLE 4-8 PACK,212020,158,207,.7352941,.47993132,.38374373,.35983565,.21938775,.40245077,422,196
BISCUITS HALF CHOC 260-400G,210323,74,208,.73480666,.58972591,.36160874,.36154798,.64319247,.18390878,422,213
WOMEN'S HRDRESSING-CUT/BLOWDRY,520303,411,209,.73451328,.11732856,.54683369,.10241885,.05232558,.072733305,422,172
BOTTLE OF CHAMPAGNE 75 CL,310423,206,210,.73417723,.11701614,.55208623,.15205614,.30588236,.13100079,422,85
VEGETABLE PICKLE 280-520G,212905,420,211,.73271888,.17606165,.50837052,.13804449,.0785124,.073803827,422,242
COUGH LIQUID BOTTLE 150-200MLS,520251,74,212,.73124999,.20901601,.35413554,.19816174,.10714286,.19648103,422,84
ELECTRIC RAZOR,430321,290,213,.73118281,.38947037,.44481948,.47983801,.20792079,.24266861,422,101
FRESH DOUBLE CREAM 250ML-300ML,211815,170,214,.73043478,.2290888,.50586098,.11891081,.056910571,.115206,422,123
CHEWING/BUBBLE GUM-SINGLE PK,212217,338,215,.72941178,.27435899,.45145303,.12676543,.072072074,.11547581,422,111
"PEANUT BUTTER, JAR, 225-350G",211409,50,216,.72811061,.13768891,.45984614,.41259715,.22660099,.36819503,422,203
ANTIHISTAMINE ALLERGY TABLETS,520245,158,217,.72777778,.20178975,.30826199,.38256204,.13513513,.094372757,422,185
MOISTURISER FACIAL 50-150ML,520215,419,218,.7265625,.64305162,.44276074,.30431229,.10416666,.94583654,422,144
STRAWBERRIES PER KG OR PUNNET,212720,227,220,.72560978,.33436066,.44193545,.52549928,.050583657,.48978937,422,257
ARMCHAIR -UPHOLSTERED,430104,419,219,.72560978,.26281658,.4825632,.25241148,.25806451,.18491521,422,217
CHOCOLATE 4,212211,420,221,.72500002,.18464695,.5544734,.090322874,.23404256,.13709362,422,94
INDIAN TAKEAWAY,220318,254,222,.72463769,.15416507,.31949532,.10281086,.060606062,.090534985,422,99
HOTEL 1 NIGHT PRICE,640406,207,223,.72368419,.3063955,.4386408,.22175394,.38805971,.23485239,422,67
MENS CASUAL S/SLEEVE TOP,510113,362,224,.72321427,.27992752,.37119612,.44582865,.12156863,.37144867,422,255
DISH WASHER 12-15 PLACE SET,430356,146,226,.72159094,.24305366,.50543195,.19686668,.36363637,.067424148,422,220
FROZEN CHIPS 900G-1.5KG,212405,374,227,.72142857,.34451938,.43108317,.23631731,.1627907,.38008788,422,301
LAGER 10-24 BOTTLES 250-330ML,310217,182,228,.71698111,.17776084,.42282018,.19733445,.12962963,.22878867,422,54
FROZEN GARDEN PEAS 800G-1KG,212609,350,229,.71657753,.504731,.35255173,.20872304,.14,.13103136,422,200
MENS SHOE FORMAL STYLE,510501,419,230,.71649486,.28649163,.40654925,.25360718,.1254902,.13709976,422,255
CREAM LIQUER 70CL-1LT 14-20%,310428,86,231,.71282053,.16953751,.33875659,.21036096,.098445594,.38720846,422,193
ELECTRIC COOKER,430304,419,232,.71200001,.19991513,.43889275,.19617429,.31481481,.15809403,422,162
FRESH VEG-COURGETTE-PER KG,212531,194,233,.71088433,.31080902,.37518895,.2594927,.10746269,.21987522,422,335
COFFEE-INSTANT 90 -100G JAR,213003,420,234,.71084338,.4549042,.40206775,.14987573,.11675127,.25465241,422,197
BODY M'RISING LOTION 200-400ML,520252,62,235,.70999998,.30284372,.39056394,.49722552,.18048781,.36630893,422,205
SWIMMING POOL ADM STND ADULT,640219,350,236,.70987654,.088502944,.7387203,.078682728,.06936416,.09291207,422,173
COFFEE PODS PACK 8-16,213006,86,237,.70748299,.2842831,.36995006,.18219192,.026143791,.375,422,153
GIRLS TROUSERS NOT DENIM 5-13,510344,206,238,.70588237,.49079877,.38545892,.44064081,.25108224,.45636371,422,231
GRAPEFRUIT-EACH,212715,338,239,.70411986,.16920015,.38894609,.23793745,.19003116,.049708478,422,321
"SWEETS, NOT CHOC, 150-250G BAG",212224,134,241,.69999999,.24339922,.21161252,.29602489,.0058479533,.25,422,171
DRYCELL BATTERY 4 PACK EG AA,430539,62,242,.69832402,.22617061,.33706492,.2768597,.38219896,.11009207,422,191
CHILLED POT DESSERT 125-200G,211808,266,243,.69491524,.24033596,.36536932,.18180257,.32231405,.090242647,422,121
WHISKY-70 CL BOTTLE,310401,419,244,.69444442,.12813509,.49090937,.0932675,.14876033,.15957898,422,121
WOMENS HIGHLIGHTING,520311,342,245,.69090909,.13915047,.47539803,.11038948,.05202312,.064738899,422,173
POWER DRILL-HAMMER ACTION,410614,419,246,.69047618,.13024521,.39037865,.28781578,.20952381,.081460081,422,105
STAFF RESTAURNT HOT SNACK ITEM,220208,270,248,.68965518,.34258139,.4119544,.29841977,.023255814,.14285724,422,43
POTATO CRISPS-INDIVIDUAL PACK,220310,412,247,.68965518,.126697,.38384712,.16574511,.057142857,.17853552,422,245
GIN BOTTLE 70CL,310429,74,249,.68811882,.082562938,.37100485,.13383679,.18981482,.16865882,422,216
MEN'S BRANDED SPORT SWEATSHIRT,510128,230,250,.68695652,.32652178,.41944596,.36194554,.11029412,.2695004,422,136
MULTI-VITAMINS CAPSULES/TABLET,520222,374,251,.68686867,.32716683,.29847631,.36151546,.17647059,.19448112,422,102
LUGGAGE TROLLEY CASE - 60-70CM,520134,218,253,.68421054,.71292198,.43566385,.39168274,.1724138,.323782,422,58
CHILD'S BABY DOLL,630347,218,252,.68421054,.20187227,.4032194,.41518486,.060344826,.21877053,422,116
"DISP NAPPIES, SPEC TYPE, 20-60",520219,419,255,.68108106,.28552702,.31403908,.3100076,.18139535,.30105242,422,215
LEATHER SETTEE,430137,218,256,.68085104,.2012441,.4964276,.29087621,.32608697,.14468551,422,138
BREAKFAST CEREAL 2,210214,206,257,.68047339,.18589422,.45939803,.18644209,.14492753,.15606803,422,207
DIGITAL DEVELOPMENT PER PRINT,630359,182,259,.67948717,.17167032,.27586135,.36482131,.0090909088,.072727203,422,110
PLUMS PER KG/PACK,212726,170,260,.67532468,.56840527,.37439847,.49812001,.079470202,.20946011,422,302
CANNED TOMATOES 390-400G,212601,420,261,.67492259,.217694,.42241278,.23577818,.12146892,.12273836,422,354
BOOKCASE/FREESTAND SHELV UNIT,430133,242,262,.67320263,.32487386,.39243901,.4144142,.17326732,.19874732,422,202
FROZ VEG BURGER/GRILL 180-454G,212928,302,263,.67045456,.28274825,.34503594,.19711345,.054945055,.30941701,422,182
LIQUID SOAP 200-300ML,520247,158,264,.67021275,.22420608,.3383159,.40244073,.041666668,.58950651,422,216
SOLID GOLD RING 9CT,520130,242,265,.66972476,.20790365,.47633621,.2992219,.081249997,.19567244,422,160
HONEY JAR/BOTTLE 340G-454G,212107,110,267,.66666669,.16352174,.3260271,.22378786,.18666667,.27593544,422,225
COMPUTER GAME 3,630380,38,266,.66666669,.14833233,.49848032,.62136817,.23076923,.5652436,422,13
RICE MICRO POUCH/TRAY 220-280G,210217,86,268,.66477275,.19462486,.24414533,.38307571,.19672132,.34751326,422,183
NURSERY FEES: CHILD 0-4,440232,265,269,.6640625,.10821429,.63795191,.091323212,.070422538,.11997985,422,142
FRESH/CHILL ORANGE JUICE 900ML,212016,242,270,.66363639,.30024379,.43921784,.1629082,.2264151,.13182664,422,106
KITCH WALL UNIT WIDTH 800-1000,430139,122,271,.66326529,.21693103,.56070465,.26754782,.11023622,.1459296,422,127
CONDOMS PACK OF 3-14,520230,290,272,.66055048,.14849892,.33261496,.39505908,.076335877,.19153342,422,131
CAR REPAIRS MAIN DEALER,610235,206,273,.66000003,.10950281,.49704087,.093615331,.057971016,.13660766,422,69
"WOMEN'S SHOES-FLAT MAX 1"" HEEL",510530,230,274,.65968585,.34842265,.36054894,.35919377,.057268724,.29763514,422,227
DOUBLE WARDROBE,430101,419,275,.65771812,.25929153,.45931122,.30302066,.29292929,.24441853,422,198
HAIR GEL 150-200ML,520237,242,276,.65765768,.19049259,.33767462,.23071595,.168,.16440131,422,125
WOMEN'S JEANS- OWN BRAND,510248,230,277,.65665233,.17153192,.32809097,.34973326,.27480915,.27669486,422,262
FRYING PAN 24-30CM,430423,218,278,.65562916,.25129572,.41639009,.35711983,.08387097,.35867205,422,155
STAFF RESTAURANT MAIN COURSE,220214,412,280,.65384614,.34906256,.4978838,.18720825,.071428575,.075997517,422,42
MEN'S CASUAL TROUSERS,510118,314,281,.65367967,.20850466,.32724753,.38171172,.087272726,.23978016,422,275
TISSUES-LARGE SIZE BOX,520213,419,282,.65151513,.35471243,.48190752,.19567044,.16239317,.12634741,422,117
HOME CARE ASSISTANT HRLY RATE,440128,218,283,.64935064,.13438365,.49663651,.096693642,.030303031,.1878839,422,99
MENS OFFICIAL FOOTBALL SHIRT,510127,242,285,.64864862,.43849179,.47027528,.41833958,.13541667,.51281762,422,96
RECORDABLE CD PRICE PER CD,630226,218,286,.64814812,.24916264,.28555113,.4411968,.031496063,.15833335,422,127
MAN'S HAIRCUT,520301,411,287,.64655173,.12323669,.45349762,.13994445,.031055901,.087345958,422,161
PLASTERS-20-40 PACK,520228,314,288,.64601767,.3716369,.3149282,.21881855,.016806724,.10270473,422,119
WOMANS BOOTS,510529,216,290,.64485979,.58243656,.4103688,.49667439,.25,.27268147,422,168
"MILK FLAVOURED, 180-500MLS/GMS",211713,110,291,.64444447,.23856981,.33197626,.41914266,.1891892,.27518344,422,185
PERFUME/FRAGRANCE MEN OR WOMEN,520234,266,292,.63829786,.59787083,.43407202,.24220185,.2016129,.32059518,422,124
WOMEN'S VEST/STRAPPY TOP,510244,266,293,.6372093,.58697659,.34930995,.73109841,.12550607,.57436228,422,247
WHEEL ALIGNMENT,610241,50,294,.63461536,.14295159,.292979,.15960188,.039999999,.071743593,422,75
CHEST OF DRAWERS,430127,302,295,.63068181,.26996225,.47120187,.28827691,.24229075,.21527588,422,227
WHITE WINE- NEW WORLD 75CL,310420,230,296,.62765956,.10096591,.46255776,.1882609,.3364929,.16240928,422,211
WINDSCREEN WIPER BLADES,610221,362,297,.62616825,.22045365,.32810563,.17564586,.055555556,.065993965,422,126
SHOWER HEAD,410631,194,298,.625,.27028114,.43428162,.34411895,.067226894,.10204171,422,119
CAR SERVICE- LOCAL GARAGE,610231,230,299,.62295079,.18878733,.45152414,.17700334,.049382716,.13460694,422,81
ORANGES-CLASS 1-EACH,212709,420,300,.62258065,.42222953,.40230235,.32226288,.13436693,.27106577,422,387
PAIN KILLER TABLETS-16-24 PACK,520227,314,301,.61946905,.22047193,.38946339,.26607561,.11016949,.17951912,422,118
LADIES HAND/SHLDER BAG,520109,408,302,.61904764,.25581563,.4257381,.44320813,.083333336,.3489508,422,120
BOOK-NON-FICTION-HARD-COVER,630425,314,303,.61904764,.31225601,.43598276,.30532813,.22727273,.33710495,422,154
PORTABLE SPEAKER,630162,50,304,.61888111,.29669979,.44301578,.6537419,.32923076,.12064161,422,325
MEN'S TRAINING SHOE-SPORTSWEAR,510516,314,305,.61818182,.35469258,.40848604,.26767832,.13636364,.09395209,422,132
WHITE WINE- EUROPEAN 75CL,310419,230,306,.61809045,.15300892,.49154195,.15326059,.17592593,.15028089,422,216
KNITTING WOOL-DOUBLE KNIT-100G,510429,314,307,.61764705,.1796366,.37455553,.15120479,.03960396,.46586135,422,101
FLOOR RUG STATE SIZE & MATERIA,430235,74,308,.61748636,.40175077,.34309015,.388273,.083018869,.24797298,422,265
CAR SERVICE- MAIN DEALER,610232,230,309,.61702126,.20082743,.52323467,.17796826,.059701491,.064608231,422,67
WOMENS BLOUSE/SHIRT 1,510206,419,310,.61666667,.32057121,.41270784,.46247572,.23913044,.45588896,422,276
PREMIUM POTATO CRISPS/CHIPS,212408,218,311,.61589402,.2619122,.48803249,.33639798,.15172414,.19031857,422,145
AVOCADO PEAR-EACH,212710,409,312,.61564624,.2642228,.39651507,.30248266,.090090089,.1922774,422,333
CHILD'S TRAINERS-SPORTS,510528,242,313,.61467892,.1813802,.40919939,.28463635,.094202898,.24341176,422,138
WASHING LIQUID 800ML/1.5LTR,430540,50,314,.61403507,.4326615,.42520177,.36572039,.21925133,.24119572,422,187
WOMENS SHORT SLEEVE SPORTS TOP,510246,254,315,.61250001,.30691525,.39375335,.42367229,.13736264,.36267096,422,182
WALKING/HIKING BOOT,510534,134,316,.60919541,.32293135,.43465105,.26508635,.13675214,.66886157,422,117
MEN'S FORMAL SHIRT-LONG SLEEVE,510109,418,317,.60869563,.25696641,.33000284,.36055872,.081180811,.29774538,422,271
MENS CASUAL SHIRT,510131,146,319,.60851061,.31332982,.38331813,.42564434,.15302491,.4208774,422,281
SHAMPOO-250-400ML,520226,326,320,.60799998,.35333976,.35649961,.35552695,.20567375,.60691422,422,141
ROSE WINE-75CL BOTTLE,310425,170,321,.60747665,.19080368,.44497117,.16108206,.1496063,.068248197,422,127
FRESH VEG-MUSHROOMS-PER KG,212520,419,322,.60606062,.18851514,.35297549,.17633194,.10421836,.077189676,422,403
WOMEN'S PANTS,510406,419,323,.60377359,.26143348,.31659552,.46373388,.15686275,.17439044,422,255
CARTON/BOX OF CHOCS 150-400GM,212218,326,324,.60344827,.50169289,.31899694,.26871538,.090909094,.22727272,422,66
MEN'S PANTS/BOXER SHORTS,510402,419,325,.6025641,.21376476,.32734281,.36579198,.043795619,.18358046,422,274
DEODORANT/ANTI PERSPI 50-250ML,520216,419,326,.60185188,.37012464,.41501299,.27599359,.23134328,.52469581,422,134
DRIED FRUIT - EG APRICOTS,212808,146,327,.60159361,.18565491,.35667485,.20454404,.13846155,.17023525,422,260
SUNSCREEN - SPEC SIZE/SPF,520235,266,328,.60000002,.45154887,.3519741,.40280941,.021276595,.14173624,422,94
WOMEN'S TROUSERS-FORMAL,510236,266,329,.59915614,.34774381,.32588118,.44505557,.08273381,.45056912,422,278
"FRUIT SQUASH, 750ML - 1.5LT",212001,420,330,.5970149,.23023075,.44444424,.18448102,.18048781,.2943123,422,205
GIRLS JACKET (5-13 YEARS),510347,146,331,.59685862,.50365847,.4481501,.45043042,.26635513,.28667611,422,214
"POPCORN, BAG, 10-30G",210218,50,332,.59523809,.21822415,.32077891,.29448971,.040816326,.12433866,422,147
PLAIN GLASS TUMBLER,430422,230,333,.59405941,.54180735,.275922,.74756008,.015873017,.15260737,422,126
SPARKLING WINE 75CL MIN 11%ABV,310426,146,334,.59278351,.11190274,.43854535,.18107398,.14678898,.1295165,422,218
OIL PER LITRE-MULTIGRADE,610303,419,335,.5925926,.40356591,.48089612,.2042651,.03846154,.12262192,422,78
WOMEN'S SANDALS,510506,419,336,.59195405,.49743587,.41303763,.44655365,.21176471,.39707541,422,170
MINICAB FARE FOR 2 MILES,620308,338,338,.59047621,.25712067,.34227562,.19000253,.03846154,.22777778,422,130
CHILDS SIT & RIDE TOY U'ER 5'S,630376,62,339,.59027779,.29406545,.5497694,.36792272,.18120806,.073854439,422,149
POTTING COMPOST,630510,408,340,.58904111,.3895261,.31204674,.35858035,.052631579,.45826092,422,95
WOMENS SPORTSWEAR SHORTS,510254,206,341,.58823532,.40993062,.44223189,.45866585,.099290781,.10778337,422,141
WOMENS BASIC PLAIN T-SHIRT,510215,385,342,.58823532,.38813201,.35781822,.52854747,.070866145,.42656225,422,254
WOMENS HAIR COLOURANT 60-140ML,520236,254,343,.58715594,.15431699,.34917736,.17710392,.12068965,.2287568,422,116
SOFT PLAY SESSION TIME PERIOD,640243,50,344,.58646619,.13601109,.41282502,.12695099,.035714287,.05431791,422,140
DUVET-DOUBLE TOG 10-13.5,430211,419,345,.58641976,.21022567,.34888697,.31556281,.035502959,.40125471,422,169
POTATOES- BAKING PR KG,212311,210,346,.58571428,.34759742,.3644678,.26417097,.14662756,.16140021,422,341
WOMENS SHOE,510533,146,347,.58441556,.19892311,.40419769,.42108831,.066326529,.36390689,422,196
WOMENS DRESS -CASUAL/FORMAL,510245,254,348,.58436215,.45838019,.42622247,.5332408,.22302158,.40245995,422,278
MEN'S T-SHIRT SHORT SLEEVED,510132,122,349,.58403361,.6100359,.32512316,.47365078,.2062937,.71564198,422,286
SCREWDRIVER,410625,314,350,.58399999,.16999309,.37706885,.30398092,.10791367,.3194142,422,139
ELECTRIC KETTLE - 1.5-1.7L,430307,419,351,.58201057,.24789785,.37827635,.2828674,.12307692,.35217041,422,195
JIGSAW MINIMUM 100 PIECES,630373,74,352,.58088237,.14983937,.41772401,.28323263,.35507247,.10539534,422,138
LAGER 4 BOTTLES- PREMIUM,310215,230,353,.5808081,.16003977,.43656403,.13090314,.25,.13604741,422,200
MENS JEANS,510106,419,354,.57983196,.21878523,.35765919,.29552749,.069686413,.23261094,422,287
GIRLS SKIRT FOR SCHOOL 5-13YRS,510336,254,355,.5777778,.33446231,.31001204,.35191092,.088082902,.21094231,422,193
MEN'S TRACKSUIT/JOGGIN BOTTOMS,510122,314,356,.57608694,.28759184,.36669588,.27652031,.12322275,.32941416,422,211
POTATOES-NEW-PER KG,212309,306,357,.57377046,.34447867,.46073791,.43817106,.2610966,.20493418,422,383
LAGER 10 - 24 CANS (440-500ML),310216,230,358,.57352942,.17401975,.45087227,.18374619,.10769231,.284127,422,130
BREAKFAST CEREAL 1,210213,206,360,.5724138,.2142376,.43510315,.22879291,.2029703,.16275091,422,202
MEN'S FOOTBALL BOOTS,630343,230,361,.5714286,.5056408,.44016799,.39869162,.22972973,.21846038,422,74
SELF TANNING PRODUCT,520253,38,362,.57037038,.33162937,.38194957,.60487723,.12230216,.3330113,422,278
BOTTLE STILL WATER 500ML,212021,158,363,.5699482,.39315718,.37721232,.24841814,.1509434,.13788407,422,212
WOODSCREWS STEEL/ZIN PLATED PK,410638,98,364,.56989247,.25197619,.45364156,.2910032,.017094018,.10166235,422,117
ACTION CAMERA,630377,62,365,.56976742,3.9220572,.37402943,1.1181334,.10810811,.14687088,422,111
WILD BIRD SEED PACK 500G-2KG,430625,110,366,.56910568,.28163227,.33139694,.57125461,.030303031,.42016244,422,99
FORTIFIED WINE  (70-75CL),310406,419,367,.56770831,.12229505,.52197611,.12346845,.086486489,.21621732,422,185
TOOTHPASTE (SPECIFY SIZE),520209,419,368,.56603771,.54687649,.42942178,.29431912,.16935484,.58047867,422,124
SMALL TYPE ORANGES PER PACK/KG,212725,182,369,.56497175,.37209496,.41903907,.29346827,.16176471,.27225342,422,272
CAR REPAIRS LOCAL GARAGE,610236,206,370,.56451613,.14452127,.37631345,.1269359,.037037037,.11825395,422,81
MASCARA,520223,362,372,.56349206,.45256293,.40177542,.21035518,.034482758,.2391907,422,145
BOOK - FICTION - HARD COVER,630435,146,371,.56349206,.20712228,.4223797,.319516,.14473684,.42212403,422,152
INDIGESTION TABLETS 16-24 PACK,520202,419,373,.56321841,.67420447,.57865435,.13723302,.14285715,.09410999,422,56
CINEMA POPCORN,220324,207,374,.5625,.086367212,.60139102,.066615067,.036585364,.091982916,422,82
WOMEN'S NIGHTDRESS/PYJAMAS,510405,419,375,.56018519,.34040719,.39119005,.38573727,.27380952,.33537748,422,252
WOMEN'S SKIRT: WORK/FORMAL,510238,266,376,.55963302,.5730561,.36990291,.52657908,.22040816,.58165342,422,245
PRE-PACKED SALAD 100-250G,212527,254,377,.55833334,.18073885,.25277817,.28030503,.084905662,.27499834,422,106
HK LAMB LOIN CHOP/STEAK PER KG,210506,98,378,.5572139,.10120745,.44728634,.14371136,.068825908,.058992479,422,247
MATTRESS- 3FT/90CM,430132,242,379,.55555558,.34344053,.41434518,.44325605,.2525773,.24196145,422,194
FABRIC CONDITIONER 500ML-1.5LT,430531,230,380,.55339807,.35787159,.42319328,.31354654,.2020202,.42907509,422,99
ELECTRIC TOOTHBRUSH,430363,50,381,.55272728,.46087268,.45628655,.80672711,.15277778,.68367159,422,288
LEMONADE/COLA DRAUGHT,310311,222,382,.54913294,.19081196,.49772018,.10830021,.19313304,.068772659,422,233
"DINNER PLATE, APPROX DIAMETER",430425,50,383,.54838711,.31031623,.37047151,.41578823,.10483871,.1872582,422,248
WOMEN'S CARDIGAN,510233,290,384,.54751134,.42704353,.3766585,.45809898,.15748031,.38342047,422,254
EXERCISE CLASS UPTO 1HR,640222,318,385,.5472973,.10057478,.59942126,.085961409,.043478262,.07632798,422,161
CHILD'S PLASTIC DOLL,630312,419,386,.54385966,.35106859,.38937199,.43456361,.22137405,.44912311,422,131
WOMENS LEGGINGS FULL LENGTH,510258,86,387,.54310346,.49212313,.25281522,.54006696,.070038907,.39838392,422,257
BLACK INKJET CARTRIDGE,430530,242,388,.54237288,.20379412,.45056382,.22015849,.046632126,.21005002,422,193
MONTHLY SELF STORAGE FEE,440127,218,389,.54205608,.16070585,.42856792,.18769574,.061946902,.093122154,422,113
BEGINNER'S ACOUSTIC GUITAR,630342,228,390,.54166669,.17067614,.34839836,.21151607,.084745765,.11833616,422,59
BOYS T-SHIRT 3-13 YEARS,510348,86,391,.54010695,.65548551,.41706452,.45952243,.14285715,.26515073,422,210
DINING TABLE & 2-6 CHAIRS,430141,74,392,.5398773,.38312995,.5019784,.36169878,.18224299,.19523026,422,214
WOMEN'S JUMPER,510212,419,394,.53846157,.64904767,.42984739,.46554983,.18315019,.54159111,422,273
BATH SHEET,430228,266,393,.53846157,.27812737,.28677338,.33135134,.13274336,.33587939,422,226
"BAKEWARE, METAL, TRAY/ROASTING",430424,50,395,.53809524,.44988278,.43909425,.44887042,.06465517,.13951062,422,232
HOUSE CONVEYANCING,440249,207,396,.53787881,.23463708,.45439148,.13402645,.069930069,.16658749,422,143
CHILDS BICYCLE,620317,218,397,.53741497,.26920873,.49229056,.23454934,.11170213,.1820917,422,188
SECONDARY SCHOOL- CAFETERIA,220210,236,398,.53676468,.10275825,.53441352,.072544903,0,,422,138
WOMEN'S SWEATSHIRT,510261,85,399,.53612167,.38578698,.45401493,.39522678,.14237288,.26222679,422,295
WOMEN'S TROUSERS-CASUAL,510235,266,400,.53571427,.39150956,.40153295,.46918911,.18050541,.38515204,422,277
MENS JACKET/COAT,510104,419,401,.53333336,.40753287,.42075685,.47541428,.13653137,.49026594,422,271
WASHING UP LIQUID 380-900ML,430507,419,402,.53333336,.46278563,.42367083,.18012294,.21232876,.37472671,422,146
COFFEE TABLE,430120,408,403,.53086418,.4917272,.39926392,.36024722,.17757009,.19887982,422,214
TEN-PIN BOWLING PER GAME,640224,265,404,.530303,.057953827,.48662391,.10738536,.029850746,.050606079,422,134
BOTTLE OF MIXER 125-200ML,310306,306,405,.52972972,.16352519,.42626864,.12134089,.05078125,.10043439,422,256
MEN'S JUMPER-KNITTED,510108,419,406,.52941179,.37809792,.41359335,.40678087,.13127413,.33910778,422,259
EARRINGS- FASHION,520123,278,407,.52857143,.67556709,.35110453,.6684525,.055555556,.38544881,422,162
NAIL VARNISH BOTTLE 6 - 14mls,520250,86,408,.5272727,.15332569,.28956753,.37353703,.033149172,.27923661,422,181
TOOTHBRUSH,520244,194,409,.52604169,.44831762,.32492879,.55552012,.22844827,.68601924,422,232
MENS BRANDED T-SHIRT,510126,254,410,.52542371,.28953212,.37321773,.3427045,.19285715,.20360984,422,140
WOMEN'S FORMAL JACKET,510208,419,411,.52314812,.39255291,.39894325,.43500218,.15267175,.76307142,422,262
SQUASH/TENNIS RACQUET,630357,206,412,.52272725,.38949779,.34576777,.51337385,.13636364,.18423647,422,110
SCISSORS - HOUSEHOLD,430409,419,413,.52173913,.40126425,.30885807,.49502125,0,,422,90
PUSHCHAIR/STROLLER,620304,419,414,.51999998,.18934746,.4619959,.34692976,.13978495,.2932401,422,93
MEN'S JUMPER OR SWEATSHIRT,510120,314,415,.51898736,.31086558,.39312106,.45325911,.087412588,.35737893,422,286
DIAMOND SOLITAIRE RING,520135,194,416,.51612902,.56501746,.40400222,.45299399,.066298343,.25975356,422,181
HOME OFFICE DESK,430138,206,417,.51546389,.29903775,.4218151,.33710054,.064748198,.19431892,422,139
BABY WIPES 50-85,520249,134,418,.51530612,.26655629,.31129456,.3129862,.044642858,.31908169,422,224
DOOR HANDLE-PACK FOR ONE DOOR,410611,419,419,.5151515,.26374826,.41265783,.23401526,.068376072,.11019903,422,117
SELF-DRIVE VAN HIRE,620303,419,420,.5131579,.19025756,.41749224,.15709546,.042372882,.31579772,422,236
MEN'S TIE,510419,419,421,.50943398,.57986134,.26323178,.41642618,.048672568,.28481615,422,226
"SMALL SAUCEPAN,MILK",430407,419,422,.50704223,.33510485,.3707405,.42859888,.035714287,.065046586,422,84
WOMEN'S SKIRT: CASUAL,510237,266,423,.50678736,.74388456,.42187148,.52151316,.23673469,.67568493,422,245
VEGETABLE STIR FRY FRESH PACK,212533,122,424,.50561798,.21997942,.19924147,.21323538,.0054945056,.034482725,422,182
LADY'S UMBRELLA -FOLDING,520103,419,425,.50387597,.25038889,.30043265,.29230821,.061538462,.13527039,422,130
SHOWER GEL 150-250ML,520238,242,426,.50381678,.52249753,.28602374,.43991032,.29801324,.68588406,422,151
HIGH CHAIR,430142,62,427,.50375938,.2118744,.52602261,.56038421,.26875001,.094762996,422,160
DVD/BLU RAY PLAYER,630164,38,428,.50344825,1.0159515,.50551552,.7173093,.035460994,.076765046,422,141
WOMEN'S SHOWERPROOF JACKET,510256,206,429,.5,.30098295,.44715187,.53509992,.13636364,.36299643,422,132
BRANDY 70CL BOTTLE,310405,419,430,.5,.14405875,.4981105,.1087747,.077669904,.22037473,422,103
CHARCOAL BBQ NOT DISPOSABLE,630369,61,431,.5,.27225563,.41862974,.81178361,,,422,0
ELECTRONIC EDUCATIONAL TOY,630368,122,432,.5,.34549683,.40818211,.41956645,.038961038,.2500726,422,154
WOMEN'S COAT - SEE HELP SCREEN,510250,123,433,.49489796,.43381119,.45491534,.45292187,.20444444,.3807258,422,225
CLEAR STICKY TAPE,430525,290,435,.49137932,.34171304,.31619591,.38330096,.019736841,.2577644,422,152
ELECTRIC HAIR STYLING APP,430351,158,436,.49044585,.56693387,.4119651,.57586545,.14534883,.44285887,422,172
PRIMARY SCHOOL- FIXED CHARGE,220209,236,438,.4852941,.062772319,.56800431,.3492043,0,,422,137
CONDITIONER FOR HAIR,520248,146,439,.48186529,.56563544,.30645218,.61760932,.17647059,.38635805,422,221
THEATRE ADULT EVES-FRONT STLLS,640212,403,440,.48076922,.19594903,.51188797,.29909551,.34782609,.3196052,422,69
DUVET COVER,430216,386,441,.48022598,.23303108,.34494632,.36852875,.019417476,.34261811,422,206
RUM WHITE EG BACARDI 70CL BOTT,310427,122,443,.47761193,.17971015,.34037814,.1395303,.10576923,.11219808,422,208
PRIVATE DENTAL EXAMINATION,520326,238,444,.47517732,.1898358,.38778159,.16090982,.065359481,.096674435,422,153
FITTED BED SHEET,430224,314,445,.47448981,.16025545,.28101358,.27019194,.041284405,.20318893,422,218
WOMEN'S SWIMWEAR,510409,278,447,.46951219,.22648078,.39194444,.33993411,.065476194,.21950956,422,168
MEN'S FORMAL RDY-MADE TROUSERS,510117,314,448,.46948355,.24395582,.28732136,.35864449,.073800735,.17940162,422,271
NECKLACE FASHION APX 16/20 INS,520140,110,449,.46938777,.79005301,.32822546,.59210151,.13407822,.43260151,422,179
WOMEN'S JEANS- BRANDED,510249,230,450,.46753246,.47857109,.36899471,.40103236,.125,.38848791,422,96
CUT FLOWERS-CARNATIONS-STEM,630518,266,451,.46739131,.58386081,.32257941,.23501243,.0990991,.14341609,422,111
BLUEBERRIES PUNNET OR PER KG,212733,62,452,.46692607,.39345664,.3715663,.67768258,.45848376,.20507585,422,277
"BRA, CUP SIZE A-D RANGE",510407,419,453,.46601942,.28782853,.38380173,.29538479,.12840466,.1919332,422,257
WOMEN'S LONG SLV TOP-NT BLOUSE,510223,314,454,.46460176,.56198043,.40955338,.63759172,.15471698,.32346433,422,265
CD ALBUM (TOP 40),630230,181,457,.46153846,.21726191,.36032322,.30463818,.27272728,.5714286,422,11
BOYS JEANS (5-13 YEARS),510328,254,458,.45971563,.28294149,.37679735,.39388049,.23809524,.22945224,422,252
WOMEN'S CASUAL OUTER JACKET,510219,314,459,.45957446,.40743181,.41012543,.51594651,.15969582,.47244912,422,263
RASPBERRIES PUNNET OR PER KG,212734,62,460,.45851529,.22871444,.39583263,.53013557,.22878228,.16988513,422,271
BOY'S SHOES,510507,419,461,.45789474,.16002361,.40069303,.24157397,.23430963,.12040972,422,239
"SLEEPING BAG, ADULT",630317,419,462,.45714286,.75038517,.35905531,.32219911,.28999999,.26401925,422,100
BABY SLEEPSUIT LONG SLEEVE,510330,254,463,.45662099,.55191278,.31516355,.43527675,.12451362,.22914195,422,257
WOMEN'S TIGHTS,510415,419,465,.45508981,.86968273,.31015071,.45490104,.13733906,.18938451,422,233
WOMENS BLOUSE / SHIRT 2,510257,146,466,.45378152,.35093194,.41425702,.53509146,.1884058,.46440116,422,276
CEREAL BAR,210215,158,467,.44973546,.27202657,.31859878,.42512521,.20187794,.26379836,422,213
TROUSERS  FOR SCHOOL 5-13 YRS,510324,254,468,.44827586,.28892845,.28532892,.33950454,.043859649,.34692469,422,228
BALL POINT,430503,419,469,.44736841,.43713766,.3543247,.35901815,.15135135,.63488382,422,185
TABLE LAMP,430322,266,470,.44444445,.7034936,.35730025,.62241137,.089552239,.3644101,422,201
GIRL'S SHOES SCHOOL,510508,419,471,.44134077,.18723531,.40418184,.25984547,.16450216,.12729558,422,231
PRIVATE HEALTH CLUB ANNUAL FEE,640226,257,472,.43809524,.14691028,.34217873,.15841419,.044247787,.045326613,422,113
GIRLS FASHION TOP 12-13 YEARS,510340,230,473,.4379085,.50754291,.42013952,.4544782,.3051948,.2375631,422,154
FRUIT PASTILLES 2,212214,420,474,.43661973,.15908533,.5300101,.10598462,.23076923,.15326725,422,91
MEN'S SHOE CASUAL STYLE,510515,314,475,.43125001,.61565095,.36065206,.32387114,.085714288,.26785067,422,210
HIRE OF DOMES CARPET CLEANER,410632,170,476,.43076923,.23123993,.37011135,.17342582,.065217391,.13670683,422,92
PACKET OF PEANUTS 150-300G,212806,420,477,.43023255,.09799365,.43480715,.20945539,.1773399,.064642958,422,203
CANVAS FASHION ADULT SHOE/TRAI,510535,110,479,.42857143,.41408584,.31908152,.5125646,.20121951,.21157569,422,164
"CHILDS BOOK, FICTION 6-12YRS",630440,50,478,.42857143,.17118189,.41752306,.30836007,.053333335,.13316867,422,150
"EVENT CATERING, SET MENU, COST",440121,249,480,.42708334,.19090579,.3433857,.14458589,.028037382,.24078141,422,107
WOMENS EXERCISE LEGGINGS,510260,62,481,.42639595,.54835731,.39283049,.34377876,.11059908,.23319419,422,217
"TELEVISION 40"" OR LARGER",630160,62,483,.42616034,.4336682,.45541227,.35776415,.25416666,.15176831,422,240
SWEET POTATO PER KG OR EACH,212535,62,484,.42447916,.22445245,.36248225,.26764521,.019396551,.17018421,422,464
BOOK - TEENAGE FICTION,630437,134,485,.42307693,.16565916,.28235182,.22007504,.140625,.079401784,422,128
COMPUTER GAME 1,630378,38,487,.42105263,.359375,.22180438,.31048265,.16666667,.125,422,18
MENS SOCKS 1 PAIR,510413,419,488,.41904762,.2657643,.27055964,.39218912,.21686748,.15507446,422,249
STAINLESS STEEL CUTLERY SET,430419,266,489,.41666666,.28170905,.32137597,.45922047,.0064516128,.5005005,422,155
HOME REMOVAL- 1 VAN,440123,228,490,.41237113,.30196673,.33845854,.30003276,.028301887,.1671795,422,106
COMPUTER GAME 2,630379,38,491,.41176471,.19822474,.45698294,.64369124,.25,.29340827,422,16
PHONE NT MOBILE(SPEC DIG/ANAL),430323,254,492,.40689656,.32691824,.34946355,.43244103,.17391305,.40025541,422,161
NON NHS CHIROPRACTOR,520332,215,493,.40601504,.11442799,.24831951,.12647907,.04225352,.06434536,422,142
KIWI FRUIT-EACH,212712,409,494,.40590405,.36048847,.37199277,.32017547,.065359481,.38591605,422,306
HOME-BUYERS SURVEY-RSDNTL PPTY,440226,279,495,.4050633,.12237287,.46412811,.15499586,.025641026,.048148148,422,78
ADULT BIKE,620318,218,496,.40425533,.26439488,.48452964,.23475395,.11330049,.23704204,422,203
DOMESTIC CLEANER HOURLY RATE,440101,419,497,.40322581,.17002062,.44633761,.13187931,.0070422534,.071428575,422,142
BASIC MANICURE,520331,222,498,.40298507,.18941636,.26110449,.14842805,.035714287,.13370371,422,84
LIVERY CHARGES PER WEEK,640240,182,501,.40000001,.094351411,.2950367,.11944839,.02020202,.15956099,422,99
CARBON FIBRE FISHING ROD,630340,230,500,.40000001,.3273921,.29998356,.23849083,.11320755,.19408277,422,53
MDF,410633,146,499,.40000001,.17458984,.54997808,.18656157,.073770493,.12728778,422,122
CAR PARK CHARGES,620315,230,502,.39716312,.21221833,.29086044,.24646331,.021857923,.15133286,422,183
NON-NHS MEDICINE-PHYSIOTHERAPY,520313,299,503,.3951613,.085896783,.34045354,.10879585,.036231883,.12925926,422,138
BASIC WILL FOR A SINGLE PERSON,440240,252,504,.39393941,.32748139,.37795788,.23357679,.02739726,.19636364,422,73
HEADPHONES/EARPHO SPECIFY TYPE,630156,98,505,.3938224,.46865243,.35747066,.746898,.18705036,.54203862,422,278
WALL HANGING MIRROR UPTO 1.5SQ,520132,230,506,.39310345,.47176528,.34919393,.91218573,.087628864,.27362859,422,194
PHOTO FRAME,520136,182,507,.39285713,.89982551,.28033262,.52807552,.056737587,.67085832,422,141
HOUSEPLANT,630507,408,508,.39252338,.36297217,.29114789,.59797251,.084112152,.4160673,422,107
BOOK-NON-FICTION-PAPER-BACK,630426,314,509,.39175257,.30327293,.34213442,.29219812,.13669065,.28863662,422,139
MENS BASE LAYER TOP LONG/SHORT,510433,74,510,.3877551,.4838208,.41111693,.46047226,.076190479,.49629787,422,105
CHILDS SCOOTER AGE 5-12 YEARS,630374,74,511,.38582677,.15263776,.47099054,.33948177,.0071942448,.037037037,422,139
ANIMAL CAGE (E.G FOR GERBIL),430617,254,513,.37878788,.30622742,.35481942,.25563547,.10989011,.19909298,422,91
WOMEN'S TRAINING SHOES,510517,314,515,.37037036,.2115258,.39042374,.29754126,.068376072,.39239725,422,117
WOMENS SHORT SLEEVE FORMAL TOP,510259,86,516,.36915886,.70235467,.41181055,.61382699,.14522822,.65989584,422,241
GIRLS LEGGINGS 5-13 YEARS,510349,62,517,.36563876,.41271424,.31734595,.57005364,.13448276,.26692954,422,290
CRAFT KIT FOR CHILD 5 YRS+,630365,146,518,.36440679,.38328665,.39486018,.47753701,.25185186,.29528871,422,135
CYCLE HELMET 12+ SPEC ROAD/MOU,620319,74,519,.36263737,.19873272,.36294016,.30822563,.13636364,.1463863,422,242
HOURLY RATE FOR SOLICITOR,440254,216,520,.36000001,.18543771,.36482194,.12420925,.012658228,.71428573,422,79
"HAT/CAP, ADULT",510434,50,521,.359375,.30205518,.40103582,.64970404,.39240506,.48096067,422,158
CURTAINS READY MADE SP'FY SIZE,430236,62,522,.35582823,.24592996,.33771992,.38108274,.027777778,.38088891,422,180
VACUUM CLEANER,430355,146,523,.35393259,.17787507,.45737967,.33634663,.24423963,.25674599,422,217
MODEL RD VEHICLE EG HOT WHEELS,630313,419,524,.35294119,.32616323,.32846907,1.0625261,.061538462,.3813442,422,130
MENS 3/4 TO FULL LENGTH COAT,510130,123,525,.35164836,.68737537,.45569623,.48446217,.075862072,.33107996,422,145
DIGITAL RADIO (DAB),630138,194,526,.34920636,.19746408,.37862012,.32650146,.012987013,.25522572,422,154
RE-USABLE BOTTLE/MUG ADULT,520142,38,527,.34640524,.42422694,.37395647,.53336239,.037234042,.22185263,422,188
LADY'S SCARF,510432,338,528,.33587787,1.4059906,.37366918,.58204401,.17857143,.41793948,422,140
SELF-DRIVE CAR HIRE BASIC 24HR,620307,362,529,.33500001,.37888527,.42818066,.23873274,.085201792,.25566739,422,223
LEMON EACH,212732,86,530,.33414045,.41262949,.28853679,.22171748,.1814346,.3349382,422,474
CAR WASH HAND OR AUTOMATIC,610238,110,532,.33333334,.3298797,.18718047,.34119084,.009615385,.14285715,422,104
FOOTBALL,630336,254,533,.32941177,.32987234,.37227127,.40053222,.01904762,.35877723,422,105
ELECTRIC HEATER -SEASONAL,430358,62,534,.32857144,.72905725,.39237648,.72068805,.13793103,.1,422,87
FLOWER VASE,520118,326,535,.32631579,.40896112,.34348306,.50170845,.13274336,.24001671,422,113
APPLES-DESSERT-PER KG,212717,419,536,.32631579,.28889585,.45922634,.20218772,.26068377,.17533734,422,234
LIQUID FOUNDATION 30-35ML,520243,206,537,.32374102,.2733551,.34010559,.21470317,.060240965,.22014293,422,166
RAZOR CARTRIDGE BLADES,520241,218,538,.31632653,.1081344,.49600768,.20315252,.13761468,.16767049,422,109
WASHING MACHINE REPAIR,440116,289,539,.31578946,.14734349,.29348934,.20708399,.055045873,.068084106,422,109
BOXED BOARD GAME: NOT TRAVEL,630309,419,540,.31182796,.333271,.44341838,.2418583,.34313726,.37073284,422,102
CAR BULB 12 VOLT SPECIFY WATTS,610237,122,541,.30769232,.65588337,.29106447,.30845058,.077586204,.068926826,422,116
CHILD MINDER - HOURLY RATE,440120,265,542,.30357143,.14398392,.31037387,.12617692,.022727273,.11993464,422,132
"CAR MOT TEST FEE, VAT EXEMPT",610227,290,543,.29577464,.12677839,.36389476,.119442,.029801324,.14257352,422,302
PRESCHOOL ACTIVITY TOY,630341,230,544,.29126215,.72581387,.41412264,.36947212,.14754099,.38531306,422,122
SPECTACLE FRAMES WITH LENSE,520138,146,545,.28735632,.1821571,.16590956,.30353498,.034782607,.42623019,422,115
PORTABLE DIGITAL STORAGE DEVIC,630358,182,547,.2857143,.35133937,.32572356,.44725898,.10240964,.083686702,422,166
CHILD'S SOFT TOY/TEDDY BEAR,630332,266,548,.28455284,.27356711,.33022785,.45314205,.045454547,.12989977,422,132
PLAYGROUP FEES - PER SESSION,440129,203,549,.27956989,.16606955,.47120124,.1591174,.016000001,.3287037,422,125
SHEET OF WRAPPING PAPER,430535,218,550,.27922079,.33885011,.20757374,.38491231,.015463918,.22601008,422,194
STERLING SILVER EARRINGS,520137,182,551,.27731094,.82192975,.36219472,.49014732,.060975611,.20706256,422,164
MOBILE PHONE ACCESSORY,520141,98,552,.27238807,.68211555,.3526893,.66934991,.087947883,.15607119,422,307
PLASTIC FOOD STORAGE CONTAINER,430418,314,553,.26923078,.2622208,.33223197,.44420934,.055555556,.28430045,422,126
DAILY DISPOSABLE SOFT LENSES,520139,122,554,.26086956,.29338977,.14403687,.2272435,.051282052,.20528208,422,117
WINDOW-CLEAN 3-BED SEMI,440113,338,555,.25657895,.17954361,.32249221,.20648031,.01764706,.16919193,422,170
WEEKLY NANNY FEES,440126,214,556,.25,.30779469,.32883385,.12659921,.025641026,.2,422,39
BOOK FICTION P/BACK TOP 10,630439,86,557,.24840765,.17187899,.30462408,.21057284,.050000001,.30873865,422,180
CONSTRUCTION TOY: SPEC KIT NO,630314,419,558,.24509804,.41933605,.38805139,.3570624,.065420561,.20439568,422,107
POTTED SHRUB,630519,266,559,.24444444,.56614292,.26207012,.46026468,.13953489,.30288613,422,43
GREETINGS CARD; STATE CODE,430526,266,560,.24137931,.29874152,.27592033,.21247248,.031818181,.24917608,422,220
BOOK ILLUSTRATED FOR UNDER 5,630434,206,561,.19626169,.2121889,.19903776,.29017448,.023809524,.22273265,422,126
E-CIG REFILL BOTTL/CART 2-10ML,320124,86,562,.19209039,.56654626,.18094403,.39910921,.010204081,.050517835,422,196
"SEEDS,PKT,SPEC VAR(SEASONAL)",630526,38,563,.1724138,.47775984,.35072842,.52894437,.010204081,.33333334,422,98
PEARS-DESSERT-PER KG,212718,419,564,.16964285,.17793716,.43975624,.2312274,.125,.080091752,422,288
"TELEVISION 39"" OR SMALLER",630159,62,565,.16901408,.23254471,.37885895,.200267,.2265625,.13809712,422,256
LIP GLOSS,520246,158,566,.16883117,.15967,.37020278,.25516278,.010869565,.11111111,422,184
PORTABLE DIGITAL MUSIC PLAYER,630165,38,567,.16438356,.27277678,.44046813,.34360728,0,,422,73
CARPENTER HOURLY RATE,410518,216,568,.1627907,.20348014,.19232023,.15201855,0,,422,86
FABRIC ROLLER BLIND 120-180CM,430229,254,569,.14285715,.20080347,.28847107,.27099076,.023255814,.40108255,422,129
LIGHT BULB,430524,302,570,.13513513,.35401264,.30916175,.56828374,.19512194,.28458345,422,82
PC REPAIR,440118,290,571,.12781955,.18862483,.24804279,.24268785,.021582734,.20649718,422,139
DECORATOR-DAILY RATE;SPEC HRS,410517,264,572,.11650486,.1914089,.24180317,.13375919,.009708738,.041666668,422,103
PLUMBER-DAYTIME HOURLY RATE,410508,396,573,.10619469,.12161185,.29781646,.19287616,.0083333338,.06666667,422,120
WATCH BATTERY REPLACEMENT,440131,162,574,.09565217,.4979718,.25352958,.50739193,.0060606059,.07272727,422,165
ELECTRICIAN-DAYTIME RATE/HOUR,410509,396,575,.078571431,.11567447,.34273005,.19162901,.0071428572,.14285715,422,140
KEROSENE - 1000L DELIVERED,420405,290,576,.07272727,.028277822,.58054566,.24722829,.097826086,.032002382,422,92
BLU RAY DISC (FILM) FROM CHART,630233,158,577,.0625,.60000002,.297508,.34371263,.25,.6857143,422,16
SMALL CAGED MAMMAL,430623,217,578,.050000001,.69451857,.29223037,.21450144,0,,422,86
PRE-RECORDED DVD (FILM),630228,194,579,0,,.27770558,.40689543,.050000001,.42857143,422,20
