item_id,description,date_quote_s,date_quote_e,n_obs
210101,LARGE LOAF-WHITE-SLICED-800G,198802,200401,36039
210102,LARGE LOAF-WHITE-UNSLICED-800G,198802,202209,54094
210105,LARGE WHOLEMEAL LOAF-UNSLICED,198802,200301,27161
210106,SIX BREAD ROLLS-WHITE/BROWN,198802,202209,62580
210107,"BROWN LOAF,400G,SLICED-GRAN",198903,200401,29361
210108,PITTA BREAD,200002,201001,14605
210109,FRENCH STICK/BAGUETTE,200102,200501,5695
210110,LARGE WHOLEMEAL LOAF (SLICED),200302,200401,1506
210111,WHITE SLICED LOAF BRANDED 750G,200402,202209,31473
210112,BROWN SLICED LOAF BRANDED 400G,200402,200601,2719
210113,WHOLEMEAL SLICED LOAF BRANDED,200402,202209,30549
210114,CHILLED GARLIC BREAD,201002,202209,33309
210201,FLOUR-SELF-RAISING-1.5KG,198802,202209,58968
210202,RICE-LONG GRAIN-WHITE-500G,198802,200301,27513
210204,DRY SPAGHETTI OR PASTA 500G,198802,202209,80656
210205,MUESLI 500G - 1KG,198802,200601,30830
210206,CORN FLAKES,199601,199601,215
210208,BREAKFAST CEREAL 4,199601,199601,204
210209,BREAKFAST CEREAL 1 NOT MUESLI,199602,200601,20790
210210,BREAKFAST CEREAL 2 NOT MUESLI,200002,200601,10196
210211,CORN SNACK SINGLE PACK MAX 50G,200102,202209,60160
210212,BASMATI RICE 500G-1KG,200302,202209,30794
210213,BREAKFAST CEREAL 1,200602,202209,44000
210214,BREAKFAST CEREAL 2,200602,202209,44358
210215,CEREAL BAR,201002,202209,32605
210216,HOT OAT CEREAL,201202,202209,28928
210217,RICE MICRO POUCH/TRAY 220-280G,201602,202209,18537
210218,"POPCORN, BAG, 10-30G",201902,202209,7876
210219,BREAKFAST CEREAL GLUTEN FREE,202002,202209,5953
210221,COUSCOUS PLAIN/FLAVOURED,202102,202209,3214
210301,CREAM CRACKERS PACK 200G-300G,198802,202209,61812
210302,PLAIN BISCUITS-200-300G,198802,202209,65267
210304,CHOC COATED BISCUITS-200-300G,198802,200601,35870
210305,CHOC CTD BISCS-IND WRAPD 6-8PK,198802,200501,33923
210306,FRUIT SCONES,198802,200301,28415
210312,WHOLE CHOC CAKE-NOT FROZEN,198903,200001,18402
210316,ICED BUN-EACH,199102,199801,13093
210317,FRUIT PIES 4-6 PACK,199302,202001,42220
210318,FROZN CAKE/GATEAU NO ICE-CREAM,199502,200601,18229
210319,DOUGHNUT-EACH,199802,202201,36420
210320,WHOLE SPONGE CAKE NOT FROZEN,200002,202209,34668
210321,PACK OF 5-6 INDIVIDUAL CAKES,200302,202209,29214
210322,CHOCOLATE 11,200402,201701,21012
210323,BISCUITS HALF CHOC 260-400G,201702,202209,15384
210324,CRUMPETS PACK 6-9 SPEC NUMBER,202002,202209,6669
210403,HOME KILLED BEEF-LEAN MINCE KG,198802,202209,111945
210405,HOME KLLD BEEF-BRISKET NO BONE,198802,200001,34424
210406,HOME KLD BEEF-RUMP/POPES STEAK,198802,202209,107957
210407,HOME KILLED BEEF-STEWING STEAK,198802,200201,47235
210413,HOME KILLED BEEF-TOPSIDE KG,198903,202001,87460
210414,FROZEN BEEFBURGERS PACK OF 4,199202,202209,45664
210415,H-KILLED BEEF BRAISING STEAK,200202,201501,33209
210416,BEEF ROASTING JOINT PER KG,202002,202209,5490
210501,HOME KILLED LAMB-LOIN CHOPS KG,198802,201501,79194
210502,HOME KILLED LAMB-SHOULDER KG,198802,202101,77320
210503,HK LAMB LEG (WITH BONE),199601,199601,320
210504,"HOME-KILLED LAMB, CUT OR DICED",200002,200201,3667
210505,HOME KILLED MINCED LAMB KG,200402,200601,1062
210506,HK LAMB LOIN CHOP/STEAK PER KG,201502,202209,27206
210507,HOME KILLED LAMB SHOULDER KG,202102,202209,3732
210604,IMP LAMB LOIN CHOP-BONE PER KG,199002,200901,25196
210606,FRZEN IMP LAMB: LEG (PER KG),199002,202001,36143
210701,HK PORK LEG (FOOT OFF) KG,198802,199701,25184
210703,HOME KILLED PORK-LOIN CHOPS KG,198802,202209,102324
210705,HK PORK SHOULDER (BONELESS),199601,199601,315
210706,H-KILL PORK-BONELESS SHOULDER,199702,201101,29331
210802,BACON-GAMMON-PER KG,198802,202209,99790
210805,BACON-STREAKY-PER KG,198903,200101,35450
210806,BACON - BACK - DANISH,199601,199601,271
210807,BACON - BACK - HOME PRODUCED,199601,199601,273
210808,BACON-BACK-PER KG,199602,202209,85237
210903,FROZEN CHICKEN PIECES,198802,200301,23479
210904,FROZEN TURKEY- PER KG- SPECIFY,198802,200401,18669
210905,FRESH/CHILLED CHICKEN  PER KG,198903,202209,96939
210906,FRZEN ROASTING CHICKEN PER KG,198903,200601,27761
210907,FRESH/CHILLED CHICKEN PIECES,199502,200301,25596
210908,COOKED MEAT-TURKEY-SLICED,199602,200301,21312
210909,FROZEN CHICKEN THIGHS PER KG,200302,200601,2156
210910,FRESH BONELESS CHICKEN BREAST,200302,202209,55865
210911,FRESH TURKEY STEAKS PER KG,200402,202001,10135
210912,FROZEN CHICKEN BREASTS,200602,202001,28902
210913,ROTISSERIE CHICKEN [WHOLE],200902,202209,8028
210914,FRESH TURKEY DICED/MIN PER KG,202002,202209,1629
211001,SAUSAGES-PORK-PER LB/454G.,198802,199812,38315
211003,LAMBS LIVER-PER KG,198802,199812,34678
211004,CANNED MEAT-CORNED BEEF,198802,200501,31941
211005,COOKED MEAT-LUNCHEON MEAT,198802,200001,28252
211007,CANNED MEAT-STEWED STEAK,198802,202209,53563
211008,GARLIC SAUSAGE-SLICED-100-113G,198802,199801,23757
211009,COOKED MEAT-HAM NOT SHOULDER,198802,200201,46053
211010,PORK PIE INDIVIDL APP 3IN/8CM,198802,201801,75863
211011,INDIVIDUAL MEAT PIE,198802,202209,91407
211012,LIVER PATE-100-135G OR 4OZ,199302,200001,15904
211013,SALAMI-SLICED,199802,200201,8188
211014,SAUSAGES-PORK-PER KG,199902,202209,72830
211015,COOKED HAM PREPACKED/SLICED,200202,200501,2294
211016,COOKED HAM LOOSE SPECIFY TYPE,200202,201801,31920
211017,SALAMI SLICED 70-113G,200202,200601,3099
211018,COOKED MEAT - SLICED TURKEY,200302,201601,30901
211019,FROZ CHICKEN NUGGETS 220-600G,200502,202209,23640
211021,CHICKEN KIEV 2 PACK 250-300G,200602,201501,7172
211022,OVEN READY JOINT,201102,201501,6320
211023,COOKED HAM PREPACKED SLICED,200502,202209,32978
211024,CONTINENTAL SLICED DELI MEAT,201302,202209,18377
211025,JOINT OV/READ GAM/POR 450-900G,201502,202209,12567
211026,CHICKEN KIEV 2 PACK 240-325G,201502,202209,18468
211027,H K LIVER PER KG STATE TYPE,201502,202209,11787
211028,MEAT BASED SNACK M/PACK 400G,201602,201701,2828
211029,COOKED MEAT TURKEY/CHICK SLICE,201602,202209,24952
211030,MEAT BASED SNACK PACK MAX 400G,201702,202209,14344
211031,COOKED HAM LOOSE PER 100G,201802,202209,8022
211101,FRESH WHITE FISH FILLETS KG,199601,202209,47656
211104,FRESH FISH-RAINBOW TROUT-WHOLE,199302,200101,22989
211105,FRESH FISH-SALMON FILLETS-KG,200102,202209,34672
211106,FROZEN PRAWNS PER KG,200402,202209,31140
211202,CANNED FISH-SALMON-200-215G,198802,200201,25688
211203,FROZEN FISH FINGERS (10 PACK),198802,200401,32710
211204,FROZEN FISH IN SAUCE,198802,200301,29359
211207,"CANNED FISH, TUNA, 130G-200G",198903,202209,57574
211208,FROZEN PLAICE IN CRUMBS,199601,199601,123
211209,FROZEN PRAWNS PACKED (PER KG),200202,200401,1486
211210,FROZEN FISH FINGERS 8-12 PK,200402,202209,45384
211211,FROZEN BREAD/BAT FISH 400-550G,201002,202209,31910
211301,BUTTER-HOME PRODUCED-250G,198802,201301,47553
211302,BUTTER  NEW ZEALAND,199601,199601,192
211303,BUTTER  DANISH,199601,199601,185
211304,BUTTER-IMPORTED 250G,199602,201301,28928
211305,SPREADABLE BUTTER,201302,202209,26976
211306,BUTTER 250G SPEC COO,201302,202209,27041
211401,MARGARINE SOFT 500 GRMS,199601,199601,206
211404,COOKING OIL -VEGETABLE 1 LITRE,198802,200612,37627
211406,LOW FAT SPREAD,199601,199601,213
211407,MARGARINE/LOW FAT SPREAD-500G,199602,202209,45877
211408,OLIVE OIL - 500ML - 1 LITRE,200702,202209,41512
211409,"PEANUT BUTTER, JAR, 225-350G",201902,202209,9810
211501,CHEDDAR-HOME PRODUCED PER KG,198802,202209,63671
211502,CHEDDAR-IMPORTED-PER KG,198802,200901,30612
211504,BRIE PER KG,198802,200612,29482
211505,CHEESE CHESHIRE-PER KG,199002,199801,16520
211506,"CHEESE SPREAD, 125g-200g TUB",199802,202209,35602
211507,EDAM PER KG,200002,201801,25355
211508,PROCESSED CHEESE SLICES (10),200202,200401,3057
211509,HARD REGIONAL CHEESE PER KG,200402,202209,29762
211510,PARMESAN CHEESE-PER KG,200902,202209,20610
211511,SOFT CONTINENTAL CHEESE - KG,201202,202209,27696
211602,EGGS-MEDIUM-PER DOZ OR 2 X 6,198802,202201,54434
211603,EGGS-LARGE-PER DOZ OR 2 X 6,198802,202201,58902
211604,EGGS PER DOZEN OR 2 X 6 BOX,202202,202209,1785
211701,SHOP MILK-PASTEURISED-PER PT,198802,200201,32488
211709,SHOP MILK-WHOLE MILK-4PT/2LTR,199002,202209,82318
211710,MILK SEMI-PER 2 PINTS/1.136 L,199002,202209,60591
211711,MILK-FLAVOURED,199602,200301,11750
211712,"MILK, LONG-LIFE, 500ML",200002,200201,3013
211713,"MILK FLAVOURED, 180-500MLS/GMS",201402,202209,20944
211714,NON-DAIRY MILK DRINK 900ML-1LT,201702,202209,15499
211802,YOGHURT-FRUIT-SMALL INDIVIDUAL,198802,199812,26073
211803,FRESH CREAM SINGLE 142ML CARTN,198802,200101,24570
211804,POWDERED SKIMMED MILK-198G,198903,200201,24594
211805,FROMAGE FRAIS-FLAVOURED-6 PACK,199102,199812,14501
211806,YOGHURT/FROMAGE FRAIS-SMALL,199902,200901,17264
211807,"YOGHURT/FROMAGE 4-6PK, 45-125G",199902,202209,34466
211808,CHILLED POT DESSERT 125-200G,200102,202209,36467
211809,FRESH SINGLE CREAM 284-300ML,200102,200901,11221
211810,POWDERED BABY FORMULA,200202,200501,5743
211812,MILK- FLAVOURED 500-568ML,200302,200601,4253
211813,PROBIOTIC-STYLE YOGHURT DRINK,200702,201501,19438
211814,YOGHURT-SMALL INDIVIDUAL,200902,202209,22117
211815,FRESH DOUBLE CREAM 250ML-300ML,200902,202209,22365
211816,POWDERED BABY FORMULA 400-900G,201002,202209,30850
211901,TEA BAGS PKT OF 80 (230G-250G),198802,202209,67035
211902,TEA-LOOSE-125G,198802,200201,29951
211903,HERBAL/FRUIT TEA-BAGS,200102,200301,2906
211904,TEA BAGS-2-PACKET OF 240,200302,202209,37061
211905,"FLAVRD TEA 15-20 BAGS, 30-40G",201902,202209,9444
212001,"FRUIT SQUASH, 750ML - 1.5LT",198802,202209,85221
212003,COCA/PEPSI COLA 330ML CAN,198802,200501,36975
212004,OTHER FIZZY DRINK-PER CAN-330M,198802,200501,35976
212005,PURE ORANGE JUICE-1 LTR CARTON,198802,200801,41178
212006,FRUIT JUICE NOT ORANGE 1L,199102,202209,57475
212008,LEMONADE-2 LITRE BOTTLE,199302,202209,51124
212009,FRUIT DRINK-200-290ML 3-PACK,199302,201001,27589
212010,MINERAL WATER STILL 1.5-2L,199402,202209,66973
212011,COLA FLAVD DRINK 1.75-2 LT BTL,199402,201901,60121
212012,PK6/8 FIZZY DRINK/COLA CANS,199402,201601,33674
212013,PURE ORANGE JUICE- PACK 3/4,199402,200601,14886
212014,"FRUIT JUICE DRINK, 5-99% PURE",200002,200201,3089
212015,FIZZY ENERGY DRINK 250-500ML,200102,202209,38020
212016,FRESH/CHILL ORANGE JUICE 900ML,200302,202209,32025
212017,FIZZY BOTTLED DRINK 500ML,200502,202209,30545
212018,FIZZY CANNED DRINK 330ML,200502,201001,7288
212019,PURE FRUIT SMOOTHIE 750ML-1LTR,200802,202101,11039
212020,FRUIT DRINK BOTTLE 4-8 PACK,201002,202209,31005
212021,BOTTLE STILL WATER 500ML,201002,202209,34217
212022,MIXER DRINK BOTTLE 1L EG TONIC,201402,202209,23541
212023,COLA/FIZZY DRINK 330ML PK 4-8,201602,202209,16931
212024,FLAVOURED WATER BOTT 900ML-1.5,201702,202209,15177
212025,"COLA DRINK, REG,BOTTLE,1.25-2L",201902,202209,8877
212026,"COLA DRINK, DIET 1.25-2LTR",201902,202209,9663
212027,FRUIT/VEG SMOOTHIE,202102,202209,3283
212101,SUGAR -GRANULATED-WHITE-PER KG,198802,202209,86756
212104,"MARMALADE, MEDIUM CUT",199601,199601,196
212105,STRAWBERRY JAM 1 LB,199601,199601,198
212106,JAR OF JAM-340-454G,199602,202209,46612
212107,HONEY JAR/BOTTLE 340G-454G,201402,202209,23649
212202,MINTS,198802,202209,63513
212203,THROAT LOZENGES,198802,200201,24377
212205,INDIVIDUALLY WRAPPED CHOCOLATES,199601,199601,187
212207,CANDY COATED CHOCOLATE,198802,201201,42401
212208,CHOCOLATE 2,199601,199601,187
212209,CHOCOLATE 3,198802,200201,22928
212210,CARTON/BOX OF CHOCOLATES 2,199601,199601,199
212211,CHOCOLATE 4,198802,202209,64141
212212,CHOCOLATE 5,198802,200401,65982
212213,CHOCOLATE 6,199601,199601,203
212214,FRUIT PASTILLES 2,198802,202209,61105
212215,BAG OF SWEETS 150 - 250G,199202,201201,28779
212216,CHOCOLATE 7,199601,199601,61
212217,CHEWING/BUBBLE GUM-SINGLE PK,199502,202209,48238
212218,CARTON/BOX OF CHOCS 150-400GM,199602,202209,34642
212219,CHOCOLATE 8,200202,201801,24559
212220,CHOCOLATE COATED PEANUT,200202,200601,4992
212221,CHOCOLATE 9,200202,200301,678
212222,CHOCOLATE 10,200302,202209,28324
212223,BRAND CHOC SWEETS 90-185G BAG,201202,202209,23411
212224,"SWEETS, NOT CHOC, 150-250G BAG",201202,202209,25782
212225,CHOCOLATE LARGE BAR 100-200G,201602,202209,15712
212226,CHOCOLATE 12,201702,202209,12718
212227,CHOCOLATE 13,201802,202101,3880
212228,MALTED CHOCOLATE SWEETS,202102,202209,2737
212301,POTATOES-OLD-LOOSE-WHITE-PER L,199601,199812,9179
212302,POTATOES-OLD-PREPK-WHITE-PERKG,199601,200401,21272
212305,POTATOES-NEW-LOOSE-PER LB,199601,199812,9690
212307,POTATOES-OLD RED-PER KG,199601,200201,10804
212308,POTATOES-OLD-LOOSE-WHITE-PERKG,199902,200401,13997
212309,POTATOES-NEW-PER KG,199902,202209,64387
212310,POTATOES- OLD WHITE PER KG,200402,202209,58524
212311,POTATOES- BAKING PR KG,200402,202209,52648
212402,POTATO CRISPS 25G-50G,198802,202209,68968
212404,POTATO CRISPS-MULTI-PACK,198903,202209,85511
212405,FROZEN CHIPS 900G-1.5KG,199202,202209,77811
212406,POTATO FLAVOUR SNACK IN TUBE,200002,200501,8369
212407,POTATO CRISPS/CHIPS 150-200G,200302,200501,1550
212408,PREMIUM POTATO CRISPS/CHIPS,200502,202209,20329
212409,P'PARED MASHED POTATO 400-650G,201802,202209,18056
212501,FRESH VEG-TOMATOES-PER LB,198802,199812,39265
212503,FRESH VEG-CABBAGE -WHOLE-PER L,198802,199812,35780
212504,FRESH VEG-CAULIFLOWER-EACH,198802,202209,121259
212505,FRESH VEG-SPROUTS-PER LB,198802,199812,17890
212506,FRESH VEG-CARROTS-PER LB,198802,199812,39859
212507,FRESH VEG-ONIONS-PER LB,198802,199812,39910
212508,FRESH VEG-MUSHROOMS-PER 0.25LB,198802,199812,39361
212510,FRESH VEG-CUCUMBER-WHOLE,198802,202209,128855
212511,FRESH VEG-LETTUCE-ICEBERG-EACH,198802,202209,125512
212513,FRESH VEG-LEEKS-PER LB,199502,199812,14314
212514,FRESH VEG-GREEN PEPPER-SPECIFY,199602,199812,10025
212515,FRESH VEG-TOMATOES-PER KG,199902,202209,84041
212516,FRESH VEG-CABBAGE-WHOLE-PER KG,199902,202209,76671
212517,FRESH VEG-SPROUTS-PER KG,199902,200612,10680
212518,FRESH VEG-CARROTS-PER KG,199902,202209,89583
212519,FRESH VEG-ONIONS-PER KG,199902,202209,86578
212520,FRESH VEG-MUSHROOMS-PER KG,199902,202209,87603
212521,FRESH VEG-LEEKS-PER KG,199902,200101,6260
212522,FRESH VEG-GREEN PEPPER-PER KG,199902,200201,8653
212523,"BROCCOLI, PER KG",200002,200201,4628
212524,PRE-PACKED SALAD,200002,200201,3120
212525,"FRESH VEG-GARLIC, BULB",200102,200301,5684
212526,FRESH VEG-ORGANIC CARROTS KG,200102,201601,10494
212527,PRE-PACKED SALAD 100-250G,200202,202209,20565
212528,FRESH VEG- LETTUCE- ROUND,200302,201301,7736
212529,PRE-PACKED VEG EG BABY CORN,200502,200612,1469
212530,FRESH VEG-BROCCOLI-PER KG,200702,202209,57644
212531,FRESH VEG-COURGETTE-PER KG,200702,202209,52380
212532,FRESH VEG-PEPPERS -LOOSE OR KG,200802,202209,57838
212533,VEGETABLE STIR FRY FRESH PACK,201302,202209,22182
212534,SWEET POTATO PER KG,201502,201801,5897
212535,SWEET POTATO PER KG OR EACH,201802,202209,29853
212601,CANNED TOMATOES 390-400G,198802,202209,88948
212603,"BAKED BEANS, 400-425G TIN",198802,202209,91186
212608,CANNED SWEETCORN 198-340G,198802,202209,64978
212609,FROZEN GARDEN PEAS 800G-1KG,199402,202209,53696
212610,FROZEN SLICED GREEN BEANS 2LB,199601,199601,181
212611,BAKED BEANS-415-420G TIN 4 PK,199402,200001,8019
212612,FROZEN PRE-PREPARED VEGTABLES,202102,202209,6594
212613,PULSES CAN 390 - 420G,202202,202209,2986
212701,APPLES -COOKING-PER LB,198802,199812,37126
212702,APPLES -DESSERT-PER LB,198802,199812,39348
212703,PEARS -DESSERT-PER LB,198802,199812,37145
212705,BANANAS-PER LB,198802,199812,39919
212706,STRAWBERRIES-PER 1/2LB,198805,199808,6333
212707,PLUMS-PER LB,198805,199809,10831
212708,GRAPES-PER LB,198802,199812,35247
212709,ORANGES-CLASS 1-EACH,198802,202209,122736
212710,AVOCADO PEAR-EACH,198903,202209,94110
212711,NECTARINES-EACH,199506,200109,6636
212712,KIWI FRUIT-EACH,198903,202209,109130
212714,PEACHES-EACH,199402,200810,14803
212715,GRAPEFRUIT-EACH,199502,202209,90952
212716,APPLES-COOKING-PER KG,199902,202209,66441
212717,APPLES-DESSERT-PER KG,199902,202209,72162
212718,PEARS-DESSERT-PER KG,199902,202209,71996
212719,BANANAS-PER KG,199902,202209,84866
212720,STRAWBERRIES PER KG OR PUNNET,199905,202209,36197
212721,PLUMS-PER KG,199905,200109,3239
212722,GRAPES-PER KG,199902,202209,81312
212723,ORGANIC DESSERT APPLES KG,200102,200601,1801
212724,BAG OF ORGANIC DESSERT APPLES,200602,201601,4639
212725,SMALL TYPE ORANGES PER PACK/KG,200802,202209,42650
212726,PLUMS PER KG/PACK,200902,202209,40049
212727,PEACH/NECTARINE EACH,200904,201710,10353
212728,PINEAPPLE EACH,201202,202209,12605
212729,BLUEBERRIES PUNNET PER KG,201302,201801,5681
212730,FRUIT FRESH SNACKING 150-350G,201402,202209,19600
212731,MELON EACH EG HONEYDEW,201502,202209,18764
212732,LEMON EACH,201602,202209,40106
212733,BLUEBERRIES PUNNET OR PER KG,201802,202209,23026
212734,RASPBERRIES PUNNET OR PER KG,201802,202209,21332
212801,CANNED PEACHES SLICED,199601,199601,151
212802,CANNED PINEAPPLE,199601,199601,188
212805,DRIED MIXED FRUIT-500G PACKET,198802,199801,18295
212806,PACKET OF PEANUTS 150-300G,198802,202209,58478
212807,CANNED FRUIT-400-450G,199602,202209,50895
212808,DRIED FRUIT - EG APRICOTS,201102,202209,35356
212901,CUSTARD POWDER-300G DRUM,198802,200001,22072
212905,VEGETABLE PICKLE 280-520G,198802,202209,66388
212907,STOCK CUBES-PACK OF 12,198802,200201,25862
212910,CANNED SOUP-390-425G,198802,202209,63317
212911,PACKET SOUP-1.5 PINT / 850CL S,198802,200001,22166
212912,TINNED RAVIOLI-400-450G,198802,200001,21662
212913,VANILLA ICE CREAM-2 LITRES,198802,200201,55950
212914,CHOC COVERED ICE CREAM BAR,198802,201201,54770
212916,SALAD CREAM-10 OZ/ 285G BOTTLE,198903,200101,23131
212917,TOMATO KETCHUP BOTTLE 340-570G,198903,202209,72967
212918,FRZN READY-COOKD MEAL SERVES 1,198903,202209,57671
212920,MALT VINEGAR-568ML,199102,200001,17919
212921,COLESLAW-PLAIN-200-250G,199102,200601,27019
212922,CHILLED RDY-COOKD MEAL-SERVE 1,199202,200901,24804
212923,COOK-IN SAUCE-JAR/CAN 350-520G,199302,202209,51929
212924,FROZEN PIZZA-MED SIZE-300-450G,199402,201501,31277
212925,MICROWAVE READY MEAL-NOT CHILL,199402,200001,8456
212926,BABY FOOD,199502,199701,4670
212927,BABY FOOD-CAN/JAR,199702,201001,43162
212928,FROZ VEG BURGER/GRILL 180-454G,199802,202209,38454
212929,TINNED SPAGHETTI/PASTA SHAPES,200002,200301,5090
212930,MAYONNAISE 390-500G/420-540MLS,200102,202209,55308
212931,CHILL RED FAT READY MEAL,200202,200501,2002
212932,FROZEN VEG READY MEAL 300-350G,200202,200801,6553
212933,ICE CREAM 450ML-1L,200202,202209,31971
212934,DRIED POTTED SNACK 50-120G,200302,202209,30092
212935,DIET-AID DRINK POWDER 420-468G,200302,200501,2920
212936,CHILLED READY MEAL-MEAT-SERVS1,200902,202209,21616
212937,CHILLED READY MEAL-FISH/VEG,200902,202209,19886
212938,CHOCOLATE COVERED ICE CREAM,201202,202209,27217
212939,CHILLED PIZZA EACH 300-600G,201502,202209,19245
212940,PROTEIN POWDER 900G-2KG,201502,202209,23961
212941,QUICHE 340G-450G,201802,202209,12457
212942,VEGETABLE CRISPS PACK 80-125G,202002,202209,6123
212943,YORKSHIRE PUDDING FROZEN,202202,202209,1625
212944,SAUSAGE MEAT FREE CHILLED PACK,202202,202209,2188
212945,HERBS DRIED JAR 3 - 20G,202202,202209,1778
213001,COFFEE: GROUND: FILTER FINE,198802,202101,59029
213003,COFFEE-INSTANT 90 -100G JAR,198802,202209,87416
213004,HOT MILK DRINK-300-400G,198802,200601,34269
213005,HOT CHOCOLATE DRINK INSTANT,201302,202209,26061
213006,COFFEE PODS PACK 8-16,201602,202209,13075
213007,COFFEE SACHETS PACK,202102,202209,4244
220104,RESTAURANT-CUP OF COFFEE,198802,200601,87900
220106,PUB: COLD FILLED ROLL/SANDWICH,198903,201301,122729
220107,PUB -HOT MEAL,199002,202209,170816
220108,RESTAURANT - MAIN COURSE 1ST,199002,199701,41064
220109,RESTAURANT - SWEET,199002,199701,39902
220110,RESTAURANT - MAIN COURSE 2ND,199102,199701,37577
220111,BURGER IN BUN-EAT IN,199602,202001,84881
220112,RESTAURANT-MAIN COURSE-EVENING,199702,200601,40523
220113,RESTAURNT-SWEET COURSE-EVENING,199702,200601,39900
220114,RESTAURANT-MAIN COURSE-LUNCH,199702,200601,14002
220115,FRUIT JUICE,200502,200901,24534
220117,BOTTLED MINERAL WATER,200502,202209,81004
220118,RESTAURANT MAIN COURSE 1,200602,201601,51188
220119,RESTAURANT MAIN COURSE 2,200602,201201,14625
220120,IN STORE CAFETERIA MEAL,200602,202209,22901
220121,RESTAURANT CUP OF COFFEE,200602,202209,80732
220122,RESTAURANT - SWEET COURSE,200602,202209,81640
220124,MUFFIN/INDIVIDUAL CAKE,200802,202209,39736
220125,FRUIT JUICE BOTTLE 250-350ML,200902,202209,63440
220126,VEGETARIAN MAIN COURSE,201202,201601,21288
220127,PUB-ROLL/SANDWICH HOT OR COLD,201302,201601,13890
220128,RESTAURANT MAIN COURSE,201602,202209,30348
220206,STAFF RESTAURANT SWEET,198802,200501,52837
220207,CUP OF TEA IN CANTEEN,198802,200001,36945
220208,STAFF RESTAURNT HOT SNACK ITEM,200002,202209,49032
220209,PRIMARY SCHOOL- FIXED CHARGE,200302,202209,69687
220210,SECONDARY SCHOOL- CAFETERIA,200302,202209,66606
220211,STAFF RESTAURANT FIZZY DRINK,200502,201901,30454
220212,STAFF RESTAURANT SANDWICH,200502,202101,32098
220213,STAFF RESTAURANT PUDDING,200502,201301,18820
220214,STAFF RESTAURANT MAIN COURSE,198802,202209,88041
220301,FISH & CHIPS TAKEAWAY,198802,202209,97475
220302,BEEFBURGER AND BUN - TAKE AWAY,199601,199601,461
220303,SANDWICH-TAKE-AWAY (COLD),198802,202209,125362
220304,COFFEE -TAKE-AWAY,198802,201401,86159
220305,TEA -TAKE-AWAY,198802,202209,111632
220310,POTATO CRISPS-INDIVIDUAL PACK,198802,202209,201831
220311,DRY ROASTED PEANUTS INDIVIDUAL,198802,200001,85578
220314,TAKEAWAY SOFT DRINK CAN/CARTON,199002,200201,45064
220315,ETHNIC TAKEAWAY MAIN COURSE,199002,200201,39265
220316,PIZZA TAKEAWAY OR DELIVERED,200002,202209,35018
220317,PASTY/SAVOURY PIE - TAKEAWAY,200202,201801,39757
220318,INDIAN TAKEAWAY,200202,202209,30372
220319,CHINESE TAKEAWAY,200202,202209,31724
220320,TAKEAWAY SOFT DRINK,200202,202209,78298
220321,TAKEAWAY COFFEE LATTE,200302,202209,64039
220322,BURGER IN BUN- TAKEAWAY,200302,202001,33865
220323,KEBAB- TAKEAWAY,200302,202209,42504
220324,CINEMA POPCORN,200502,202209,20388
220325,VENDING MACHINE - SOFT DRINK,200702,202209,18188
220326,TAKEAWAY CHICKEN & CHIPS,201202,202209,15434
220327,T'AWAY COOKED SAVOURY PASTRY,201802,202209,11531
220328,BURGER IN A BUN EAT IN OR TAKE,202002,202209,8946
310101,MILD (PER PINT),199601,199601,377
310102,DRAUGHT BITTER (PER PINT),198802,202209,210275
310103,DRAUGHT LAGER (PER PINT),198802,200301,110248
310104,DRAUGHT STOUT PER PINT,198802,202209,209004
310105,PALE/LIGHT ALE (PER BOTTLE),198802,199701,48972
310106,CIDER-1/2PT OR 275-340ML BOT,198802,200901,132981
310107,LOW ALCHL LAGER 275-340ML BTL,198903,200001,76309
310108,LAGER-BTLD-PILS TYPE-275-340ML,199302,200401,79542
310109,LAGER - PINT 3.4-4.2%,200302,202209,104759
310110,PREMIUM LAGER - PINT 4.3-7.5%,200302,202209,102622
310111,BOTTLED PREMIUM LAGER 4.3-7.5%,200402,202209,98086
310112,BOTTLE OF LAGER IN NIGHTCLUB,200602,201801,12297
310113,CIDER-PER PINT OR 500-568ML,200902,201701,45589
310114,CIDER 4.5%-5.5% ABV PINT/BOTTL,201702,202209,21741
310201,LIGHT/PALE ALE (4 LARGE CANS),198802,199701,18859
310202,BROWN ALE-4 CANS 440-500ML,198802,200301,28951
310203,LAGER-4 CANS 440-500ML,198802,200401,38120
310204,BITTER (2 LITRE BOTTLE),198802,199701,18135
310205,CIDER 1-2 LITRE BOTTLE,198802,200901,42588
310206,LOW ALCOHOL LAGER-4 CANS-SPECI,198903,199801,19517
310207,BITTER-4CANS-440-500ML,199702,202209,40750
310208,ALCOPOP-BOTTLED-275-340ML,199702,200201,8473
310209,LAGER-BOTTLED-275-340ML,199802,200101,5038
310210,LAGER 'STUBBIES' 24 PK,200102,200401,3043
310211,LAGER 4 BOTTLES (275-340ML),200102,200401,3986
310212,LAGER PACK 12 CANS 440-500ML,200102,200401,2308
310213,LAGER 4 CANS- PREMIUM 4.3-7.5%,200402,201101,18288
310214,LAGER STUBBIES 4.3-7.5% ABV,200402,200801,4896
310215,LAGER 4 BOTTLES- PREMIUM,200402,202209,47302
310216,LAGER 10 - 24 CANS (440-500ML),200402,202209,29931
310217,LAGER 10-24 BOTTLES 250-330ML,200802,202209,9763
310218,APPLE CIDER 500-750ML 4.5-5.5%,200902,201701,12787
310219,STOUT - 4 CAN PACK,201202,202209,28414
310220,SPEC'Y BEER BOTT 500ML 4-5.5,201502,202209,20591
310221,APPLE CIDER 4 CAN PK 440-500ML,201702,202209,15024
310222,CIDER FLAVOURED BOTT 500-568ML,201702,202209,15474
310301,WHISKY (PER NIP) SPECIFY ML,198802,202209,217067
310302,VODKA (PER NIP) SPECIFY ML,198802,202209,217517
310303,GIN (PER NIP),198802,199701,72833
310304,WINE (PER GLASS),198802,200301,108862
310306,BOTTLE OF MIXER 125-200ML,199702,202209,277112
310307,LIQUEUR PER NIP   SPECIFY ML,199702,202209,286822
310308,LEMONADE/COLA-FLAV. DRINK,200002,200401,21172
310309,SPIRIT BASED DRINK 275ML,200102,202209,104509
310310,"WINE, PER 175 - 250 ML SERVING",200302,202209,96069
310311,LEMONADE/COLA DRAUGHT,200402,202209,92778
310312,BOTTLED MINERAL WATER 330ML,200402,200501,4175
310314,BOTTLE OF CHAMPAGNE,200502,201301,19444
310315,BOTTLE OF WINE 70-75CL,199402,202209,127312
310316,GIN PER NIP,202002,202209,7799
310401,WHISKY-70 CL BOTTLE,198802,202209,70857
310402,WHISKY (70 CL BOTTLE),199601,199601,246
310403,VODKA-70 CL BOTTLE,198802,202209,91280
310404,GIN-70 CL BOTTLE,198802,200401,38945
310405,BRANDY 70CL BOTTLE,198802,202209,67770
310406,FORTIFIED WINE  (70-75CL),198802,202209,87352
310407,VERMOUTH-75 CL BOTTLE,198802,200001,30574
310409,OTHER IMPTD WHITE WINE-70-75CL,198802,200401,38031
310412,IMPORTED RED WINE-70-75 CL BOT,198802,200401,37858
310413,WHITE WINE (3 LITRE BOX),199601,199601,212
310414,IMPORTED RED WINE LE PIAT D'OR,199601,199601,228
310415,LIEBFRAUMILCH-70-75CL BOTTLE,199202,200001,20651
310416,"WHITE CHARDONNAY, 70-75CL",200002,200401,6978
310417,SPIRIT BASED DRINK 250-330MLS,200202,201701,22057
310418,IMPORTED SPARKLING WINE 75CL,200302,200601,4498
310419,WHITE WINE- EUROPEAN 75CL,200402,202209,49213
310420,WHITE WINE- NEW WORLD 75CL,200402,202209,49752
310421,RED WINE- EUROPEAN 75CL,200402,202209,49288
310422,RED WINE- NEW WORLD 75CL,200402,202209,49950
310423,BOTTLE OF CHAMPAGNE 75 CL,200602,202209,25981
310424,WINE BOX 3 LITRES MIN ABV 11%,200602,200901,4052
310425,ROSE WINE-75CL BOTTLE,200902,202209,21912
310426,SPARKLING WINE 75CL MIN 11%ABV,201102,202209,30900
310427,RUM WHITE EG BACARDI 70CL BOTT,201302,202209,25898
310428,CREAM LIQUER 70CL-1LT 14-20%,201602,202209,17418
310429,GIN BOTTLE 70CL,201702,202209,15427
310430,PRE MIXED SPIRIT 250-330ML,202002,202209,6783
320102,CIGARETTES 2,198802,200501,54863
320103,CIGARETTES 3,198802,199701,41480
320104,CIGARETTES 4,199601,199601,272
320105,CIGARETTES 5,198802,200201,45245
320106,CIGARETTES 6,199601,199601,332
320107,CIGARETTES 7,198802,200201,47441
320108,CIGARETTES 8,198802,202209,85696
320109,CIGARETTES 9,198802,200201,49271
320110,CIGARETTES 10,198903,200801,54047
320111,CIGARETTES 11,199102,199701,27957
320112,CIGARETTES 12,199702,201701,33871
320113,CIGARETTES 13,199702,200801,18313
320114,CIGARETTES 14,200202,200501,4992
320115,CIGARETTES 15,200202,202209,34921
320116,CIGARETTES 16,200202,200301,1585
320117,CIGARETTES 17,200302,200401,1461
320118,CIGARETTES 18,200402,201301,15363
320119,VENDING MACHINE CIGARETTES,200502,201101,8577
320120,CIGARETTES 19,200502,200601,1718
320121,CIGARETTES 20,200602,201701,16211
320122,20 FILTER - OTHER BRAND,200802,202209,24987
320124,E-CIG REFILL BOTTL/CART 2-10ML,201602,202209,17188
320125,CIGARETTES 21,201702,202201,8141
320126,CIGARETTES 22,202202,202209,1104
320201,PIPE TOBACCO 25G,198802,200201,43709
320203,HAND ROLLING TOBACCO 25GM 3,199601,199601,347
320204,HAND ROLLING TOBACCO 25GM 4,199601,199601,340
320205,5 CIGARS: SPECIFY BRAND,198802,202209,82958
320206,HAND ROLLING TOBACCO PACK 30GM,199602,202209,43796
410101,PRIV RENTD UNFURNISHD PROPERTY,199502,201212,125853
410103,PRIVATE RENTED FURNISHED PRPTY,199502,201212,115231
410502,PLUMBER-REPLACE 2 PILLAR TAPS,198802,199812,20137
410504,ELECTRICIAN-ADD 13 AMP SOCKET,198802,199812,20078
410507,DECORATORS' CHARGES,199601,199601,148
410508,PLUMBER-DAYTIME HOURLY RATE,199002,202209,74467
410509,ELECTRICIAN-DAYTIME RATE/HOUR,199002,202209,78048
410510,DECORATORS CHARGES (1 HOUR),199601,199601,149
410513,DIY EQUIPMENT HIRE,199502,199701,5099
410514,DECORATOR-HANGING WALLPAPER,199602,200101,9110
410515,DECORATOR-PAINT EXT HOUSEFRONT,199602,200101,9054
410516,GAS SERVICE CHARGE LOCAL,199702,201301,137505
410517,DECORATOR-DAILY RATE;SPEC HRS,200102,202209,47601
410518,CARPENTER HOURLY RATE,200502,202209,33307
410602,READY-MIXED FILLER-INT USE,198802,202209,73265
410603,WALLPAPER PASTE,198802,201401,58998
410604,WALLPAPER (1),198802,199701,20109
410605,PAINT-EMULSION-WHITE-2.5-5LTR,198802,201501,59620
410607,PAINT BRUSH-2INCH/5CM WIDTH,198802,202209,74305
410610,POWER POINT-DOUBLE SOCKET,198802,201601,60273
410611,DOOR HANDLE-PACK FOR ONE DOOR,198802,202209,66563
410613,WOOD CHISEL  3/4 INS,198802,199701,20692
410614,POWER DRILL-HAMMER ACTION,198802,202209,67053
410618,HARDBOARD-SHEET,199102,201101,34311
410619,SOFTWOOD-1.6M-2.4M LENGTH,199102,202001,50561
410620,WALLPAPER-PER ROLL,199202,200501,27526
410621,VARNISH-CLEAR GLOSS-750ML-1LTR,199302,202209,59748
410622,GLOSS PAINT-WHITE 750ML-2.5LTR,199402,201601,46306
410623,HIRE DOM STEAM WLPAPR STRIPPER,199702,200901,31399
410624,WALLPAPER-WHITE-TEXTURED/BLOWN,199702,200501,12185
410625,SCREWDRIVER,199702,202209,52689
410626,CERAMIC TILE PLAIN BOX OF 6-44,199702,201501,26665
410627,STEP LADDER SPEC NO OF STEPS,200202,201201,18518
410628,PAIR OF BASIN TAPS (NOT MIXER),200202,201301,15124
410629,WALLPAPER PER ROLL,200502,202209,24593
410630,WOODSCREWS - STEEL/ZINC PLATED,200602,201501,15031
410631,SHOWER HEAD,200702,202209,29813
410632,HIRE OF DOMES CARPET CLEANER,200902,202209,18686
410633,MDF,201102,202209,19759
410636,PAINT EMUL NOT WHITE 2.5-5LT,201502,201601,2351
410637,CERAMI TILES 15X15-25X50CM BOX,201502,202209,12535
410638,WOODSCREWS STEEL/ZIN PLATED PK,201502,202209,13091
410639,PAINT GLOSS/EMUL 750ML-2.5LTR,201602,202209,15037
420101,COAL-HOUSEHOLD BEST QUAL 50KG,198802,202201,57583
420102,COAL -HOUSEHOLD-GROUP C-50KG,198802,199801,19954
420103,SMOKELESS FUEL 50KG,198802,202209,62155
420104,SMOKELESS FUEL-OPEN FIRE-50KG,198802,200001,27144
420405,KEROSENE - 1000L DELIVERED,199902,202209,36036
430101,DOUBLE WARDROBE,198802,202209,109362
430102,HEADBOARD-FOR DOUBLE BED-WIDTH,198802,199812,33257
430103,SETTEE-UPHOLSTERED-3-SEATER,198802,200501,46369
430104,ARMCHAIR -UPHOLSTERED,198802,202209,100146
430105,DINING ROOM TABLE-EXTENDABLE,198802,199812,29908
430106,DINING ROOM CHAIR-WITHOUT ARMS,198802,199812,31965
430108,DOUBLE BED-WIDTH APPROX 135CM,198802,202201,106748
430110,BEDSIDE CABINET,198802,200601,54856
430117,COT-DROPSIDE-EXCLUDING BEDDING,198903,199812,25280
430118,SINK-SINGLE DRAINER 1-1.5 BOWL,198903,201701,63589
430119,KITCH BASE UNIT WIDTH 800-1000,198903,202209,66880
430120,COFFEE TABLE,198903,202209,101599
430121,DOUBLE WARDROBE,199702,199801,2907
430122,SINGLE BED-WIDTH 90CM/3FT,199702,202201,75266
430123,DINING ROOM TABLE,199702,200601,25945
430124,3-PIECE UPHOLSTERED SUITE,199702,200401,18988
430125,COFFEE TABLE -2,199702,199801,2984
430126,KITCHEN WALL UNIT SELF ASSMBLY,199702,200101,9579
430127,CHEST OF DRAWERS,199802,202209,78821
430128,NEST OF TABLES,199802,200101,8172
430129,DINING ROOM TABLE & 4-6 CHAIRS,199902,201701,55767
430130,DESK (EG HOME OFFICE/COMPUTER),200102,200301,5838
430131,PLASTIC PATIO SET,200203,200408,1322
430132,MATTRESS- 3FT/90CM,200302,202209,53224
430133,BOOKCASE/FREESTAND SHELV UNIT,200302,202209,48319
430135,3 PIECE NON-LEATHER SUITE,200402,201901,41484
430136,PATIO TABLE & CHAIRS-SEASONAL,200506,202208,9749
430137,LEATHER SETTEE,200502,202209,40420
430138,HOME OFFICE DESK,200602,202209,25365
430139,KITCH WALL UNIT WIDTH 800-1000,201302,202209,17340
430140,SOFA BED,198802,202209,85568
430141,DINING TABLE & 2-6 CHAIRS,201702,202209,18475
430142,HIGH CHAIR,201802,202209,8936
430143,"SETTEE,NON LEATHER - SEE HELP",201902,202209,12234
430144,BED ADULT SPECIFY SIZE,202202,202209,2344
430202,"VINYL FLOOR COVERING, SQ M",198802,200301,43226
430203,CARPET AXMINSTER/WILTON SQ M,199601,200801,37769
430204,CARPET-TUFTED PER SQ M,198802,201401,75966
430206,"CURTAINS READY MADE, SPEC SIZE",198802,201801,83422
430211,DUVET-DOUBLE TOG 10-13.5,198802,202209,106014
430213,MATTRESS-90CM-INTERIOR SPRUNG,198802,200301,81418
430214,HAND TOWEL,198903,200101,35211
430215,WASHABLE CARPET PER SQ M,198903,200801,53168
430216,DUVET COVER,199102,202209,109604
430219,SHOWER CURTAIN,199402,200201,21156
430220,"SHOWER CURTAIN, APPROX 72 X 72",199601,199601,228
430221,PACK OF VINYL FLOOR TILES-SPEC,199702,199801,255
430222,CARPET-TUFTED PER SQ M,199702,200901,35547
430223,BEACH TOWEL,199702,200101,8745
430224,FITTED BED SHEET,199702,202209,96002
430225,PACK OF VINYL FLOOR TILES,199802,200001,2388
430226,FLOOR RUG,200002,201701,44960
430227,LAMINATE FLOORING PER SQ M,200102,202201,62324
430228,BATH SHEET,200102,202209,72364
430229,FABRIC ROLLER BLIND 120-180CM,200202,202209,46121
430230,CARPET -AXMINSTER(MIN 80% WOOL,200802,202101,31492
430231,HARDWOOD FLOORING PER SQ MT,200902,201201,5263
430232,HARDWOOD FLOORING,201202,201401,4612
430233,CARPET TUFTED 100% MANMADE FIB,201402,202209,23693
430234,CARPET TUFTED MIN 80% WOOL FIB,201402,202209,23268
430235,FLOOR RUG STATE SIZE & MATERIA,201702,202209,22012
430236,CURTAINS READY MADE SP'FY SIZE,201802,202209,12130
430237,LUXURY VINYL TILE PER SQ M,202102,202209,4118
430304,ELECTRIC COOKER,198802,202209,65655
430305,AUTO WASHING MACHINE-NO DRYER,198802,200401,38133
430306,ELECTRIC FRIDGE/FREEZER,198802,200501,38340
430307,ELECTRIC KETTLE - 1.5-1.7L,198802,202209,97570
430308,ELECTRIC HAIRDRYER,199601,199601,207
430311,MICROWAVE (STATE IF COMBINED),198802,200801,46225
430312,TELEPHONE-HOME USE-NOT MOBILE,198802,200201,28166
430313,TUMBLE DRYER,199601,199601,194
430314,DISH WASHER-12 PLACE SETTING,199102,200401,31150
430315,SMOKE ALARM-STANDARD SINGLE,199702,200501,16292
430316,COMB ANS MACHINE & TELEPHONE,199802,200201,7365
430317,ELECTRIC IRON,199601,202209,62487
430318,TOASTER-2 SLICES,199902,200401,11996
430319,FOOD PROCESSOR-STANDARD-1 BOWL,199902,200501,12634
430321,ELECTRIC RAZOR,199902,202209,34810
430322,TABLE LAMP,200102,202209,68892
430323,PHONE NT MOBILE(SPEC DIG/ANAL),200202,202209,41280
430324,FIXED TELEPHONE,200202,200301,1841
430325,ELECTRIC HEATER,200402,201301,11153
430326,ELECTRIC SHOWER UNIT,200402,200612,1848
430327,VACUUM CLEANER-UPRIGHT,198802,200501,43071
430328,AUTOMATIC WASHING MACHINE,200402,200501,2483
430329,DISHWASHER (12 PLACE SETTING),200402,200501,2125
430330,FRIDGE/FREEZER - 2005,200502,200601,2064
430331,VACUUM CLEANER - 2005,200502,200601,2229
430332,WASHING MACHINE - 2005,200502,200601,2303
430333,DISHWASHER - 2005,200502,200901,6563
430335,HAIR DRYER,199902,201001,21602
430336,FRIDGE/FREEZER - 2006,200602,200612,1849
430337,VACUUM CLEANER - 2006,200602,200612,2028
430338,WASHING MACHINE - 2006,200602,200612,2012
430339,ELECTRIC COOLING FAN,200702,201301,7475
430340,FRIDGE/FREEZER - 2007,200702,200801,1764
430341,VACUUM CLEANER - 2007,200702,200801,1933
430342,WASING MACHINE - 2007,200702,200801,1677
430344,FRIDGE/FREEZER - 2008,200802,200901,2187
430345,VACUUM CLEANER - 2008,200802,200901,2344
430346,WASHING MACHINE - 2008,200802,200901,2084
430347,ELECTRIC FRIDGE FREEZER 2009,200902,201001,1755
430348,VACUUM CLEANER 2009,200902,201001,2171
430349,AUTOMATIC WASHING MACHINE 2009,200902,201001,2076
430350,DISHWASHER 12 SETTING RS 09/10,200902,201101,3984
430351,ELECTRIC HAIR STYLING APP,201002,202209,35472
430352,FRIDGE FREEZER RS 2010-11,201002,201501,10591
430353,VACUUM CLEANER 2010,201002,201101,2454
430354,WASHING MACHINE RS 2010-11,201002,201501,10712
430355,VACUUM CLEANER,201102,202209,36942
430356,DISH WASHER 12-15 PLACE SET,201102,202209,33561
430358,ELECTRIC HEATER -SEASONAL,201302,202203,12774
430359,ELECTRIC COOLING FAN -SEASONAL,201304,202209,9845
430361,WASHING MACH NO DRYER MAX 1800,201502,202209,22528
430362,FRIDGE/FREEZER SPEC CAPACITIES,201502,202209,21837
430363,ELECTRIC TOOTHBRUSH,201902,202209,15945
430404,GLASS TUMBLER,198802,200401,35028
430405,GLASS OVENWARE CASSEROLE DISH,198802,201201,49452
430407,"SMALL SAUCEPAN,MILK",198802,202209,71442
430408,TABLE KNIFE-STAINLESS STEEL,198802,200101,28501
430409,SCISSORS - HOUSEHOLD,198802,202209,68476
430410,WASHING-UP BOWL,198802,199701,22989
430413,GAS FIRE,198903,202209,29498
430414,GAS COOKERS-SPECIFY MAKE & MOD,198903,202209,43730
430415,MUG-EARTHENWARE OR CHINA,199402,200501,27072
430416,SMOKE ALARM,199502,199701,8286
430417,BREAD BIN,199602,200101,8235
430418,PLASTIC FOOD STORAGE CONTAINER,199702,202209,48649
430419,STAINLESS STEEL CUTLERY SET,200102,202209,51247
430420,CROCKERY SET;SPECIFY CONTENTS,200102,201901,33639
430421,CRYSTAL WINE GLASS,200202,200401,3870
430422,PLAIN GLASS TUMBLER,200402,202209,35344
430423,FRYING PAN 24-30CM,200502,202209,42221
430424,"BAKEWARE, METAL, TRAY/ROASTING",201902,202209,13699
430425,"DINNER PLATE, APPROX DIAMETER",201902,202209,11783
430501,WRITING PAPER PAD-20-50SHEEETS,198802,200501,48632
430503,BALL POINT,198802,202209,106246
430505,ALUMIN COOKING FOIL 290-300MM,198802,202209,63434
430507,WASHING UP LIQUID 380-900ML,198802,202209,88056
430509,HOUSEHOLD CLEANER CREAM/LIQUID,198802,202209,86263
430510,TOILET ROLLS (PACKET OF 2),198802,200501,36662
430511,ELECTRIC PLUG-13 AMP-FUSED,198802,199801,26968
430513,DRYCELL BATTERY-PACK OF 4,198802,201801,70790
430515,PACKET OF ENVELOPES,198903,201901,89020
430516,DISH WASHER LIQUID  1 LITRE,199102,199701,12703
430517,LIGHT BULB-PACK OF 2-SPECIFY W,199302,199801,9993
430518,REFUSE SACK FROM PACK OF 10-20,199302,202201,50333
430519,WASHING POWDER - AUTOMATIC,199302,201901,58267
430520,WASHING MACHINE-  LIQUID,199302,200401,19013
430521,TOILET ROLLS- 8 TO 10 PACK,199402,200401,14845
430522,DISH WASHER POWDER-1KG-3KG,199702,200401,10435
430523,AIR FRESHENER AEROSOL SPRAY,199802,200301,8953
430524,LIGHT BULB,199802,202209,33439
430525,CLEAR STICKY TAPE,199902,202209,136152
430526,GREETINGS CARD; STATE CODE,200102,202209,68694
430527,A4 PRINTER PAPER (500 REAM),200802,202209,29475
430528,CLEANING CLOTHS,200202,200401,2686
430529,BLEACH 750ML,200302,202209,32792
430530,BLACK INKJET CARTRIDGE,200302,202209,60358
430531,FABRIC CONDITIONER 500ML-1.5LT,200402,202209,28431
430532,DISHWASHER TABLETS PACK OF 32,200402,200501,959
430533,KITCHEN ROLL PK OF 2-4 SPECIFY,200402,202209,28975
430534,DISHCLOTHS PACK OF 10,200402,200601,1995
430535,SHEET OF WRAPPING PAPER,200502,202209,59774
430536,TOILET ROLLS,200502,202209,31688
430537,DISHWASHER TABLETS,200502,201501,7806
430538,DISHWASHER TABLETS PACK 16-45,201502,202209,19271
430539,DRYCELL BATTERY 4 PACK EG AA,201802,202209,13253
430540,WASHING LIQUID 800ML/1.5LTR,201902,202209,9108
430541,LIGHT BULB SMART/WIFI,202102,202209,3356
430542,SURFACE WIPES ANTIBACTERIAL,202202,202209,1796
430543,BIN LINERS KITCHEN USE,202202,202209,1762
430601,DOG FOOD CAN 1,199601,199601,211
430602,CAT FOOD CAN 1,199601,199601,209
430604,DOG FOOD CAN 2,199601,199601,209
430605,CAT FOOD CAN 2,199601,199601,209
430608,DOG MIXER/MEAL,198903,200301,23787
430610,DOG BOWL - PLASTIC,199601,199601,90
430611,CAT LITTER,199402,200301,15219
430612,VET FEES-SPAY KITTEN 6 MONTHS,199402,201101,29714
430613,DOG FOOD-CAN-385-400GM,199602,202209,67215
430614,CAT FOOD-CAN-385-400GM,199602,200901,22711
430615,FLEA COLLAR FOR CAT OR DOG,199602,200201,9031
430616,DRY CAT FOOD UPTO 1KG PACK/BOX,199902,200301,6391
430617,ANIMAL CAGE (E.G FOR GERBIL),200202,202209,27604
430618,PET FLEA DROPS,200202,200601,5453
430619,COMPLETE DRY DOG FOOD 1-3KG,200302,201901,23260
430620,CAT FOOD POUCH 85-100G,200302,200501,3079
430621,ANNUAL BOOSTER INJECTION,200302,202209,36297
430622,DOG KENNEL FEES DAILY CHARGE,200302,202209,46992
430623,SMALL CAGED MAMMAL,200502,202209,20857
430624,CAT FOOD POUCH-IND-85G-100G,200902,202209,23717
430625,WILD BIRD SEED PACK 500G-2KG,201402,202209,15076
430626,"DOG TREATS,SPEC,TYPE 70-400G",201902,202209,10449
430627,PET COLLAR DOG / CAT,202202,202209,1529
440101,DOMESTIC CLEANER HOURLY RATE,198802,202209,73795
440102,WOMEN'S SHOE RPR HEEL-RUBBER,198802,200301,49430
440103,LAUNDRETTE CHARGE 1 LOAD WASH,198802,200301,40218
440104,DRY CLEANING-MAN'S SUIT,198802,202209,109615
440105,DRIVING LESSON 1 HOUR,198802,202209,100241
440110,DOG KENNEL-DAILY BOARDING FEE,198802,200301,39421
440111,CHILD-MINDER WEEKLY RATE/CHILD,199202,200101,39364
440113,WINDOW-CLEAN 3-BED SEMI,199502,202209,65877
440114,WATCH REPAIR-CLEAN AND SERVICE,199702,200901,31785
440116,WASHING MACHINE REPAIR,199902,202209,34083
440117,TV REPAIR,199902,200801,14160
440118,PC REPAIR,199902,202209,31442
440119,HOME REMOVALS (BASIC CHARGE),200102,200401,4322
440120,CHILD MINDER - HOURLY RATE,200102,202209,50598
440121,"EVENT CATERING, SET MENU, COST",200102,202209,28186
440123,HOME REMOVAL- 1 VAN,200402,202209,26113
440125,GARDENER HOURLY RATE,200502,201401,10030
440126,WEEKLY NANNY FEES,200502,202209,10739
440127,MONTHLY SELF STORAGE FEE,200502,202209,50938
440128,HOME CARE ASSISTANT HRLY RATE,200502,202209,22864
440129,PLAYGROUP FEES - PER SESSION,200602,202209,36144
440130,AFTER SCHOOL CLUB CHARGES,200602,201401,10653
440131,WATCH BATTERY REPLACEMENT,200902,202209,35430
440132,MEN'S CLOTHING HIRE- SEE HELP,201402,202209,9058
440206,NEWSPAPER ADVERT PER LINE,199502,200101,10239
440215,HOUSE CONVEYANCING,199702,200401,40990
440217,FULL STRUCTURAL SURVEY FOR RES,199502,199801,6333
440226,HOME-BUYERS SURVEY-RSDNTL PPTY,199802,202209,58933
440227,FUNERAL-CREMATION,199802,202209,82466
440232,NURSERY FEES: CHILD 0-4,200102,202209,39226
440233,NEWSPAPER AD NON TRADE 20 WORD,200102,202108,31653
440240,BASIC WILL FOR A SINGLE PERSON,200202,202209,23807
440249,HOUSE CONVEYANCING,200402,202209,39892
440254,HOURLY RATE FOR SOLICITOR,200502,202209,19023
510101,MENS SUIT-READY MADE,198802,202201,103617
510102,MEN'S COAT,198802,200401,26486
510104,MENS JACKET/COAT,198802,202209,110552
510105,MEN'S TROUSERS,198802,199701,33445
510106,MENS JEANS,198802,202209,122060
510107,MEN'S CARDIGAN,198802,199701,22644
510108,MEN'S JUMPER-KNITTED,198802,202209,113605
510109,MEN'S FORMAL SHIRT-LONG SLEEVE,198802,202209,126265
510110,MEN'S T-SHIRT-NO COLLAR-LONG S,198802,199801,17283
510113,MENS CASUAL S/SLEEVE TOP,199302,202209,99792
510114,MEN'S T'SUIT/JOGGING BOTTOMS,199402,199701,8246
510115,MEN'S SUIT-READY MADE -2,199702,200101,10551
510116,MEN'S BLAZER/FORMAL JACKET,199702,200301,16779
510117,MEN'S FORMAL RDY-MADE TROUSERS,199702,202209,92825
510118,MEN'S CASUAL TROUSERS,199702,202209,90479
510119,MEN'S JEANS -2,199702,200101,13045
510120,MEN'S JUMPER OR SWEATSHIRT,199702,202209,86493
510121,MEN'S CASUAL SHIRT-LONG SLEEVE,199702,201101,41090
510122,MEN'S TRACKSUIT/JOGGIN BOTTOMS,199702,202209,58016
510123,MEN'S T-SHIRT-NO COLLAR-S/SLVD,199802,200201,11579
510124,MENS SHORTS NOT SWIMWEAR,200004,202208,29328
510125,MEN'S CASUAL SHIRT,200002,200601,17656
510126,MENS BRANDED T-SHIRT,200202,202209,34599
510127,MENS OFFICIAL FOOTBALL SHIRT,200302,202209,24687
510128,MEN'S BRANDED SPORT SWEATSHIRT,200402,202209,28276
510129,MEN'S 3/4 COAT NOT JACKET,200402,200601,1948
510130,MENS 3/4 TO FULL LENGTH COAT,200602,202209,26209
510131,MENS CASUAL SHIRT,201102,202209,47731
510132,MEN'S T-SHIRT SHORT SLEEVED,201302,202209,38230
510133,MENS LOUNGEWEAR BOTTOMS,202102,202209,6138
510134,MENS FORMAL JACKET/BLAZER,202202,202209,2023
510191,RES2 Mens jeans,200502,200601,2775
510192,RES2 Mens jumper (knitted),200502,200601,2249
510193,RES2 Mens jumper or sweatshir,200502,200601,2338
510194,RES2 Mens Branded Sp Swshirt,200502,200601,958
510195,RES1 Men's jeans,200502,200509,2018
510196,RES1 Men's jumper (knitted),200502,200509,1534
510197,RES1 Men's jumper or sweatshir,200502,200509,1588
510198,RES1 Men's Branded Sp Sshirt,200502,200509,698
510201,WOMEN'S SUIT,198802,199701,21999
510202,WOMEN'S SKIRT-WINTER FABRIC-1,198802,200101,21517
510203,WOMEN'S SKIRT SUMMER FABRIC-1,198805,200008,13959
510204,WOMEN'S OVERCOAT,198802,200601,23150
510205,WOMEN'S RAINPROOF COAT/JKT,198802,200601,36532
510206,WOMENS BLOUSE/SHIRT 1,198802,202209,110751
510207,WOMENS SHORT SLEEVE TOP,199404,201508,24567
510208,WOMEN'S FORMAL JACKET,198802,202209,109179
510209,WOMEN'S DRESS-MAN MADE FIBRE-1,198802,200101,36994
510210,WOMEN'S DRESS SUMMER FABRIC-1,199404,200007,7517
510211,WOMEN'S DRESS-WINTER FABRIC-1,198802,200101,14081
510212,WOMEN'S JUMPER,198802,202209,111591
510213,WOMEN'S TROUSERS -1,198802,200101,42539
510214,WOMEN'S JEANS -1,198802,200401,46628
510215,WOMENS BASIC PLAIN T-SHIRT,198802,202209,90949
510218,WOMEN'S LEGGINGS,199402,200001,16711
510219,WOMEN'S CASUAL OUTER JACKET,199702,202209,80576
510220,WOMEN'S FRML WRK SKIRT/TROUSRS,199702,200101,13441
510221,WOMEN'S SKIRT-WINTER FABRIC-2,199702,200101,6693
510222,WOMEN'S SKIRT-SUMMER FABRIC-2,199704,200008,4897
510223,WOMEN'S LONG SLV TOP-NT BLOUSE,199702,202209,80657
510224,WOMEN'S SHT SLV TOP NOT BLOUSE,199702,200201,14621
510225,WOMEN'S CAS OUTER JKT-FLEECE,199702,201101,31541
510226,WOMEN'S DRESS-MAN-MADE FIBRE-2,199702,200101,11701
510227,WOMEN'S DRESS SUMMER FABRIC -2,199704,200007,4233
510228,WOMEN'S DRESS-WINTER FABRIC-2,199702,200001,3622
510229,WOMEN'S JUMPER -2,199702,200301,17835
510230,WOMEN'S TROUSERS -2,199702,200101,13350
510231,WOMEN'S JEANS -2,199702,200401,21192
510232,WOMEN'S LEGGINGS/SKI-PANTS,199702,200101,8888
510233,WOMEN'S CARDIGAN,199902,202209,77827
510234,WOMEN'S SHORTS,200004,200508,5114
510235,WOMEN'S TROUSERS-CASUAL,200102,202209,75617
510236,WOMEN'S TROUSERS-FORMAL,200102,202209,77483
510237,WOMEN'S SKIRT: CASUAL,200102,202209,71517
510238,WOMEN'S SKIRT: WORK/FORMAL,200102,202209,71650
510239,WOMEN'S DRESS-CASUAL 1,200102,200201,1981
510240,WOMEN'S DRESS-WORK/FORMAL 1,200102,200201,2008
510241,WOMEN'S PARTY DRESS,200102,200601,8213
510242,WOMEN'S SKIRT-CASUAL 2,200102,200301,5663
510243,WOMEN'S SKIRT-WORK/FORMAL 2,200102,200301,5593
510244,WOMEN'S VEST/STRAPPY TOP,200102,202209,67097
510245,WOMENS DRESS -CASUAL/FORMAL,200202,202209,65020
510246,WOMENS SHORT SLEEVE SPORTS TOP,200202,202209,44255
510248,WOMEN'S JEANS- OWN BRAND,200402,202209,58278
510249,WOMEN'S JEANS- BRANDED,200402,202209,36364
510250,WOMEN'S COAT - SEE HELP SCREEN,200602,202209,31603
510251,WOMEN'S PREMIUM BRANDED DRESS,200602,201101,5063
510252,WOMEN'S CASUAL TROUSERS 2,200602,202101,53815
510254,WOMENS SPORTSWEAR SHORTS,200602,202209,33946
510256,WOMEN'S SHOWERPROOF JACKET,200602,202209,29235
510257,WOMENS BLOUSE / SHIRT 2,201102,202209,47331
510258,WOMENS LEGGINGS FULL LENGTH,201602,202209,25215
510259,WOMENS SHORT SLEEVE FORMAL TOP,201602,202209,25833
510260,WOMENS EXERCISE LEGGINGS,201802,202209,13490
510261,WOMEN'S SWEATSHIRT,199402,202209,18976
510291,RES2 Womens jumper,200502,200601,2211
510292,RES2 Womens cardigan (specify,200502,200601,2197
510293,"RES2 Womens jeans, shops own",200502,200601,2101
510294,"RES2 Womens jeans, branded",200502,200601,1873
510295,RES1 Women's jumper,200502,200509,1358
510296,RES1 Women's cardigan (specify,200502,200509,1403
510297,RES1 Women's jeans shops own,200502,200509,1521
510298,RES1 Women's jeans branded,200502,200509,1388
510301,BOY'S SHIRT,198802,200201,39016
510303,BOY'S JERSEY,198802,200101,33416
510305,BOY'S JEANS,198802,200201,40239
510306,CHILDREN'S SHORTS,199404,200108,9207
510307,GIRL'S SKIRT -HEAVY MATERIAL,198802,200101,24777
510308,GIRL'S SKIRT SUMMER FABRIC,198805,200007,7549
510309,GIRL'S DRESS -HEAVY MATERIAL,198802,200101,21766
510310,GIRL'S DRESS SUMMER FABRIC,199404,200007,6876
510311,CHILD'S COAT,198802,199812,10896
510312,BABYGRO OR SLEEPSUIT,198802,200201,39299
510313,CHILD'S DUNGAREES,198802,200101,29797
510314,CHILD'S ANORAK,198903,200201,31349
510315,BOY'S CASUAL S/SLEEVE SHIRT,199302,200201,25999
510318,"INFANT'S DUNGAREES, UNDER 2 YR",200102,200201,2264
510319,GIRL'S SKIRT - SCHOOL/FORMAL,200102,200201,2664
510320,GIRLS'S SKIRT-CASUAL,200102,200201,2629
510321,GIRL'S DRESS-SCHOOL/FORMAL,200102,200201,2335
510322,GIRL'S DRESS-CASUAL,200102,200201,2287
510323,SHIRT SUITABLE FOR SCHOOL,200202,200501,8003
510324,TROUSERS  FOR SCHOOL 5-13 YRS,200202,202209,66663
510325,BOYS BRANDED T-SHIRT 5-15 YRS,200202,200601,4158
510326,GIRLS FASHION TOP,200202,200401,2106
510328,BOYS JEANS (5-13 YEARS),200202,202209,66521
510329,CHILDREN'S SHORTS (18M-4YRS),200204,200411,2704
510330,BABY SLEEPSUIT LONG SLEEVE,200202,202209,69365
510331,GIRL'S LTWEIGT CASUAL JACKET,200202,200601,8368
510333,CHILD'S JACKET/FLEECE,199902,200401,12207
510334,CHILD'S JUMPER/SWEATSHIRT,200102,200601,11188
510335,INFANT'S DUNGAREES,200202,200501,6957
510336,GIRLS SKIRT FOR SCHOOL 5-13YRS,200202,202209,61925
510339,GIRL'S DRESS 5-15 YRS,200202,200601,7835
510340,GIRLS FASHION TOP 12-13 YEARS,200402,202209,36861
510341,CHILDS TROUSERS (18MTHS-4YR),200502,202101,55486
510342,GIRL'S SUMMER JACKET,200604,201009,3817
510343,GIRL'S WINTER JACKET,200602,201101,5613
510344,GIRLS TROUSERS NOT DENIM 5-13,200602,202209,55078
510345,BOY'S BRANDED SPORTS TOP,200602,201601,14108
510346,CHILDS JUMPER,200602,202101,45439
510347,GIRLS JACKET (5-13 YEARS),201102,202209,44627
510348,BOYS T-SHIRT 3-13 YEARS,201602,202209,18378
510349,GIRLS LEGGINGS 5-13 YEARS,201802,202209,17638
510350,BOY'S JUMPER/SWTSHRT/CARDIGAN,202102,202209,6649
510351,INFANT'S TROUSERS 0-2 YEARS,202102,202209,5308
510352,INFANT'S JUMPR/SWTSHRT/CARDIGN,202102,202209,5549
510391,RES2 Boys jeans (5-15 years),200502,200601,2388
510392,RES2 Childs jumper/sweatshirt,200502,200601,1806
510393,RES1 Boy's jeans (5-15 yrs),200502,200509,1752
510394,RES1 Child's jumper/sweatshirt,200502,200509,1167
510402,MEN'S PANTS/BOXER SHORTS,198802,202209,120938
510404,WOMEN'S SLIP,198802,200301,39872
510405,WOMEN'S NIGHTDRESS/PYJAMAS,198802,202209,108903
510406,WOMEN'S PANTS,198802,202209,120198
510407,"BRA, CUP SIZE A-D RANGE",198802,202209,120765
510409,WOMEN'S SWIMWEAR,199403,202209,52073
510410,CHILD'S PYJAMAS,198802,202201,103536
510411,CHILDS PANTS 18MTHS-15YRS,198802,202201,108676
510413,MENS SOCKS 1 PAIR,198802,202209,121173
510415,WOMEN'S TIGHTS,198802,202209,114841
510416,CHILD'S SOCKS,198802,202201,112696
510418,MEN'S HANDKERCHIEF,198802,200001,26995
510419,MEN'S TIE,198802,202209,118311
510424,KNITTING WOOL,198903,199701,17080
510426,TIGHTS-PACK OF 3,199402,200501,15370
510427,ADULT REPLICA F/BALL-TEAM SHRT,199502,200301,12804
510429,KNITTING WOOL-DOUBLE KNIT-100G,199702,202209,51002
510430,MEN'S BELT,199902,200301,11994
510431,BASEBALL CAP,200102,200601,7681
510432,LADY'S SCARF,199502,202209,74905
510433,MENS BASE LAYER TOP LONG/SHORT,201702,202209,9712
510434,"HAT/CAP, ADULT",201902,202209,11118
510435,SPORTS BRA / CROP TOP,202202,202209,1621
510436,CHILDS PYJAMAS 3 - 13 YRS,202202,202209,2549
510437,CHILDS PANTS ONE PAIR 3 - 13,202202,202209,2505
510438,CHILDS SOCKS ONE PAIR UK9,202202,202209,2604
510485,RES2 Mens pants/boxer shorts,200502,200601,2838
510486,RES2 Womens pants,200502,200601,2789
510487,RES2 Brassiere,200502,200601,2711
510488,RES2 Girls knickers (one pair,200502,200601,2770
510489,RES2 Mens socks,200502,200601,2835
510490,RES2 Womens tights,200502,200601,2545
510491,RES2 Childs socks,200502,200601,2803
510492,RES1 Men's pants/boxers,200502,200509,2060
510493,RES1 Women's pants,200502,200509,2003
510494,RES1 Brassiere,200502,200509,1953
510495,RES1 Girl's knickers (one pair,200502,200509,2015
510496,RES1 Men's socks,200502,200509,2074
510497,RES1 Women's tights,200502,200509,1879
510498,RES1 Child's socks,200502,200509,2046
510501,MENS SHOE FORMAL STYLE,198802,202209,122123
510502,MEN'S SHOES TRAINERS,198802,199701,25218
510503,WOMEN'S SHOES WALKING -1,198802,200401,54755
510504,WOMEN'S SHOES FASHION -1,198802,200401,55277
510505,ADULT'S SLIPPERS,198802,200601,47021
510506,WOMEN'S SANDALS,198802,202209,94109
510507,BOY'S SHOES,198802,202209,110674
510508,GIRL'S SHOES SCHOOL,198802,202209,111237
510510,CHILD'S WELLINGTON BOOTS,198802,200612,44893
510511,CHILD'S SANDALS,198802,200601,35771
510512,CHILD'S TRAINERS-FOOTWEAR,198903,200801,58004
510514,WOMEN'S LEATHER BOOT-FASHION,199602,200001,11062
510515,MEN'S SHOE CASUAL STYLE,199702,202209,88786
510516,MEN'S TRAINING SHOE-SPORTSWEAR,199702,202209,45073
510517,WOMEN'S TRAINING SHOES,199702,202209,44139
510518,WOMEN'S SHOES WALKING -2,199702,200401,23210
510519,WOMEN'S SHOES FASHION -2,199702,200401,23545
510520,WOMEN'S SLIPPERS -2,199702,200001,7343
510521,WOMEN'S SANDALS -2,199702,200201,14037
510522,MEN'S LEATHER BOOTS,199702,200612,28214
510523,WOMEN'S LEATHER BOOTS,199702,200401,14598
510524,MEN'S SANDALS,200004,200211,3376
510525,CHILDREN'S SLIPPERS,200002,200501,7662
510526,MENS TRAINING SHOE-FOOTWEAR,200202,201001,21702
510527,OUTDOOR ADVENTURE BOOT,199602,201201,43782
510528,CHILD'S TRAINERS-SPORTS,200302,202209,31020
510529,WOMANS BOOTS,200402,202209,48033
510530,"WOMEN'S SHOES-FLAT MAX 1"" HEEL",200402,202209,67193
510531,WOMEN'S SHOES HIGH- SENSIBLE,200402,201101,20489
510532,WOMEN'S SHOES- HIGH- STILETTO,200402,201101,18814
510533,WOMENS SHOE,201102,202209,43370
510534,WALKING/HIKING BOOT,201202,202209,18564
510535,CANVAS FASHION ADULT SHOE/TRAI,201402,202209,27459
520102,GENT'S WALLET,198802,199701,18198
520103,LADY'S UMBRELLA -FOLDING,198802,202209,89296
520104,CLOCK-BATTERY POWERED,198802,200301,45525
520105,ADULT'S WATCH,198802,200401,48150
520106,"9CT GOLD CHAIN 18-20""/46-51CM",198802,202101,94454
520108,SPECTACLE FRAMES STATE TYPE,198802,201101,43915
520109,LADIES HAND/SHLDER BAG,198903,202209,75058
520111,SUITCASE  LARGE,198903,199701,19124
520113,CALCULATOR-HAND HELD-BASIC MOD,199302,200001,16716
520114,STERLING SILVER EARRINGS PLAIN,199302,200801,40024
520115,CONTACT LENS-SOFT PER PAIR,199502,201301,31911
520116,SILVER CHARM,199502,200301,19727
520117,9CT GOLD BANGLE,199502,200501,32567
520118,FLOWER VASE,199602,202209,42337
520119,REFILLABLE CIGARETTE LIGHTER,199602,200001,12118
520120,SPORTS BAG/HOLDALL-LARGE-NOT L,199702,199812,4907
520121,PICTURE/PHOTO FRAME-SLVR PLATD,199702,200801,26410
520122,SPORTS BAG/HOLDALL-NOT LEATHER,199902,200501,9750
520123,EARRINGS- FASHION,200002,202209,66185
520124,WALL HANGING MIRROR,200102,200401,9982
520125,DAILY DISPOSABLE CONTACT LENSE,200202,200901,11737
520126,SUNGLASSES,200204,200608,2316
520128,SPECTACLE FRAMES,200302,200612,6353
520129,PRESCRIPTION LENSES,200302,201601,22033
520130,SOLID GOLD RING 9CT,200302,202209,51145
520131,GENT'S WATCH- ANALOGUE FACE,200402,202209,57013
520132,WALL HANGING MIRROR UPTO 1.5SQ,200402,202209,58104
520133,18 CT GOLD GEMSTONE RING,200502,200612,5123
520134,LUGGAGE TROLLEY CASE - 60-70CM,200502,202209,21234
520135,DIAMOND SOLITAIRE RING,200702,202209,44390
520136,PHOTO FRAME,200802,202209,34296
520137,STERLING SILVER EARRINGS,200802,202209,39035
520138,SPECTACLE FRAMES WITH LENSE,201102,202209,19404
520139,DAILY DISPOSABLE SOFT LENSES,201302,202209,16024
520140,NECKLACE FASHION APX 16/20 INS,201402,202209,29977
520141,MOBILE PHONE ACCESSORY,201502,202209,31246
520142,RE-USABLE BOTTLE/MUG ADULT,202002,202209,7846
520201,SOLUBLE ASPIRIN,198802,199701,17540
520202,INDIGESTION TABLETS 16-24 PACK,198802,202209,64118
520203,ANTISEPTIC CREAM,198802,199701,17607
520206,TAMPONS-PACK OF 10-20,198802,202209,83946
520208,TOILET SOAP-LARGE BAR,198802,200401,29714
520209,TOOTHPASTE (SPECIFY SIZE),198802,202209,62753
520212,SHAMPOO,199601,199601,200
520213,TISSUES-LARGE SIZE BOX,198802,202209,65815
520214,LIPSTICK,198802,201001,36436
520215,MOISTURISER FACIAL 50-150ML,198802,202209,69640
520216,DEODORANT/ANTI PERSPI 50-250ML,198802,202209,66939
520217,AFTER SHAVE,198802,199701,14220
520219,"DISP NAPPIES, SPEC TYPE, 20-60",198802,202209,74653
520220,CONDOMS-PACK OF 12,198903,199812,16354
520221,DISPOSABLE RAZORS-PACK OF 5,199102,200301,22744
520222,MULTI-VITAMINS CAPSULES/TABLET,199202,202209,51531
520223,MASCARA,199302,202209,58668
520224,CONTACT LENS SOLN STERILE SALI,199402,199812,7318
520225,TOILET SOAP-LARGE BAR-3/4 PCK,199402,200001,8235
520226,SHAMPOO-250-400ML,199602,202209,49418
520227,PAIN KILLER TABLETS-16-24 PACK,199702,202209,44719
520228,PLASTERS-20-40 PACK,199702,202209,41934
520229,WOMEN'S EAU DE PERFUME-NATURAL,199702,199812,2447
520230,CONDOMS PACK OF 3-14,199902,202209,39077
520231,CONTACT LENS SOLUTION- SALINE,199902,200601,6615
520232,WOMEN'S EAU DE PERFUME-SPRAY,199902,200101,1450
520233,HAIR CONDITIONER,200002,200201,3217
520234,PERFUME/FRAGRANCE MEN OR WOMEN,200102,202209,41725
520235,SUNSCREEN - SPEC SIZE/SPF,200102,202209,27967
520236,WOMENS HAIR COLOURANT 60-140ML,200202,202209,30626
520237,HAIR GEL 150-200ML,200302,202209,33270
520238,SHOWER GEL 150-250ML,200302,202209,37019
520239,DISPOSABLE RAZORS PACK OF 10,200302,200501,2813
520240,BAR OF TOILET SOAP (100-125G),200402,201001,10876
520241,RAZOR CARTRIDGE BLADES,200502,202209,27447
520242,COLD/FLU DRINK POWDER,200602,202209,29103
520243,LIQUID FOUNDATION 30-35ML,200602,202209,37458
520244,TOOTHBRUSH,200702,202209,43057
520245,ANTIHISTAMINE ALLERGY TABLETS,201002,202209,31086
520246,LIP GLOSS,201002,202209,35507
520247,LIQUID SOAP 200-300ML,201002,202209,34392
520248,CONDITIONER FOR HAIR,201102,202209,34270
520249,BABY WIPES 50-85,201202,202209,30970
520250,NAIL VARNISH BOTTLE 6 - 14mls,201602,202209,16505
520251,COUGH LIQUID BOTTLE 150-200MLS,201702,202209,15821
520252,BODY M'RISING LOTION 200-400ML,201802,202209,13895
520253,SELF TANNING PRODUCT,202002,202209,9062
520254,HAND HYGIENE GEL 50 -150ML,202102,202209,4277
520301,MAN'S HAIRCUT,198802,202209,116045
520303,WOMEN'S HRDRESSING-CUT/BLOWDRY,198802,202209,115939
520309,EYESIGHT TEST CHARGE,199002,201001,40425
520310,FLOWER DELIVERY 1,199002,199701,17399
520311,WOMENS HIGHLIGHTING,199402,202209,91759
520312,FLOWER DELIVERY 2,199702,200101,12362
520313,NON-NHS MEDICINE-PHYSIOTHERAPY,199802,202209,39437
520314,PRIVATE RESIDENTIAL HOMES,199802,200201,3219
520315,VOLUNTARY RESIDENTIAL HOMES,199802,200201,3215
520316,PRIVATE NURSING HOMES,199802,200201,3200
520317,VOLUNTARY NURSING HOMES,199802,200201,1618
520320,FLORIST - DELIVERY COST,200102,200801,10359
520323,FULL LEG WAX (BOTH LEGS),200202,201801,23790
520324,RESIDENTIAL HOME,200202,202209,35999
520325,NURSING HOME,200202,202209,35174
520326,PRIVATE DENTAL EXAMINATION,200302,202209,34547
520329,COSMETIC SURGERY,200503,200612,2300
520331,BASIC MANICURE,200402,202209,32674
520332,NON NHS CHIROPRACTOR,200502,202209,29861
610201,CAR REPAIRS - LABOUR PER HOUR,198802,199701,21532
610204,"CAR TYRE, STATE SIZE",198802,202209,85368
610211,REPLACEMENT EXHAUST FULL SYSTE,198903,199812,25985
610212,CAR BATTERY,198903,202001,84072
610213,CAR-PARK CHARGES FOR 2 HOURS,198903,200401,41413
610214,CAR SERVICE EXCLUDING PARTS,198903,200401,37572
610217,OIL FILTER,198903,201301,38181
610219,CAR POLISH,198903,199812,15358
610221,WINDSCREEN WIPER BLADES,199302,202209,50376
610222,CHILDS CAR SEAT,199402,200601,23646
610223,STEERING LOCK DEVICE,199602,200801,38454
610224,PRIMER AEROSOL-SPECIFY SIZE,199602,199812,8818
610225,CAR MECH REPAIRS-LABOUR/HOUR,199702,200601,24453
610226,"BRAKE PADS, 2 FRONT PAIRS",199902,201701,23039
610227,"CAR MOT TEST FEE, VAT EXEMPT",199902,202209,85652
610229,AUTO CAR WASH,200302,201401,14892
610231,CAR SERVICE- LOCAL GARAGE,200402,202209,34207
610232,CAR SERVICE- MAIN DEALER,200402,202209,22177
610233,EXHAUST FITTING IN FAST FIT,200602,201501,10488
610234,BRAKE FITTING IN FAST FIT,200602,201501,10284
610235,CAR REPAIRS MAIN DEALER,200602,202209,20121
610236,CAR REPAIRS LOCAL GARAGE,200602,202209,29390
610237,CAR BULB 12 VOLT SPECIFY WATTS,201302,202209,15880
610238,CAR WASH HAND OR AUTOMATIC,201402,202209,11144
610239,EXHAUST FITTING FAST FIT CENT,201502,202201,7441
610240,BRAKE FITTING FAST FIT CENTRE,201502,201901,4631
610241,WHEEL ALIGNMENT,201902,202209,3979
610242,EXHAUST FITTING FAST FIT,202202,202209,588
610301,"LEAD REPLACEMENT PETROL,10 LTR",198802,200301,96222
610303,OIL PER LITRE-MULTIGRADE,198802,202209,132892
610304,ULTRA-LOW SULPHUR DIESEL 10L,198802,200612,113424
610305,ULTRA LOW SULPHUR PETROL 10L,198802,200612,112825
610306,LEAD FREE PET SUP PER 10 LITRE,199002,199701,26165
620303,SELF-DRIVE VAN HIRE,198802,202209,104908
620304,PUSHCHAIR/STROLLER,198802,202209,69626
620305,ADULT BICYCLE,198802,200401,38561
620307,SELF-DRIVE CAR HIRE BASIC 24HR,199302,202209,87191
620308,MINICAB FARE FOR 2 MILES,199502,202209,45412
620309,CYCLE HELMET,199502,200501,62812
620312,CHILD'S BICYCLE,199602,200501,52552
620315,CAR PARK CHARGES,200402,202209,56055
620316,ADULT BICYCLE,200402,200501,2722
620317,CHILDS BICYCLE,200502,202209,49028
620318,ADULT BIKE,200502,202209,48625
620319,CYCLE HELMET 12+ SPEC ROAD/MOU,201702,202209,18778
620321,CAR SEAT TODDLER/CHILD,202202,202209,1478
630104,COLOUR TV 21IN(51-59CM)+REMOTE,198802,200001,30602
630105,COLOUR TV-14INCH/34CM PORTABLE,198802,200612,49838
630106,VHS VIDEO RECORDER,198802,200702,48412
630108,COMPACT DISC PLAYER,198802,199701,20365
630109,PERSONAL STEREO RADIO CASSETTE,199102,200201,28327
630110,RADIO CASSETTE PLAYER-PORTABLE,199102,199801,21151
630111,MIDI HIFI (INC TWIN DECK CASS),199102,199701,18721
630112,HI-FI EXCL T-TABLE: NOT SEPS,199702,200501,18472
630113,PORTABLE CD RADIO CASSETTE,199702,200612,19869
630115,PERSONAL CD PLAYER,199802,200601,16091
630116,ELECTRONIC KEYBOARD,199902,200301,5723
630117,DECODER FOR DIGITAL TV,199902,200101,3268
630119,COLOUR TV 25-28INCH (63-72CM),200002,200101,2087
630120,WIDESCREEN TV; 24-32 INCH,200102,200401,7674
630121,MINI-DISC PLAYER (PORTABLE),200102,200401,5935
630123,DVD PLAYER - NOT PORTABLE,200202,201401,27009
630124,PDA- COLOUR SCREEN,200302,200401,455
630125,CAR CD/RADIO AUTOCHANGER,200302,200612,2338
630126,DVD RECORDER,200302,201401,34610
630128,WIDESCREEN TV (24-32 INCH),200402,200501,2530
630130,HIFI - 2005,200502,200601,2018
630131,WIDESCREEN TV - 2005,200502,200601,2023
630132,MP3 PLAYER,200602,200801,2617
630133,FLAT PANEL  TV,200602,200612,1557
630134,HIFI - 2006,200602,200612,1940
630135,WIDESCREEN TV - 2006,200602,200612,1277
630137,"FLAT PANEL TV 14""-25""",200702,201101,8579
630138,DIGITAL RADIO (DAB),200702,202209,27644
630139,"FLAT PANEL TV 26"" - 42""",200702,201101,5476
630140,HIFI - 2007,200702,200801,1797
630141,HIFI - 2008,200802,200901,2038
630142,MP3 PLAYER - 2008,200802,200901,1667
630143,FREEVIEW BOX,200902,201301,7702
630144,HIFI 2009,200902,201001,1451
630146,BLU-RAY PLAYER,201002,202001,31809
630147,HI-FI RS 2010-11,201002,201501,9787
630148,MP4 PLAYER 2010,201002,201101,1261
630149,"FLAT PANEL TV 14""-22""",201102,201501,12453
630150,"FLAT PANEL TV 23""-32""",201102,201801,23086
630151,"FLAT PANEL TV 33"" +",201102,201801,21918
630152,MP4 PLAYER,200902,202001,14929
630154,DIGITAL TV RECORDER/RECEIVER,201302,201801,13745
630155,DVD PLAYER,201402,202001,12673
630156,HEADPHONES/EARPHO SPECIFY TYPE,201502,202209,32684
630157,"FLAT PANEL TV 14-22""/35-55CM",201502,201801,6378
630158,HI-FI,201502,201901,10616
630159,"TELEVISION 39"" OR SMALLER",201802,202209,14137
630160,"TELEVISION 40"" OR LARGER",201802,202209,13688
630162,PORTABLE SPEAKER,201902,202209,14148
630164,DVD/BLU RAY PLAYER,202002,202209,7304
630165,PORTABLE DIGITAL MUSIC PLAYER,202002,202209,3987
630204,PRE-RECORDED CASSETTE ALBUM,198802,200201,22004
630205,BLANK AUDIO CASSETTE 90 MINS,198802,200201,24148
630206,BLANK VIDEO CASSETTE VHS/E180,198802,200612,30713
630207,COMPACT DISC ALBUM-TOP 40,198802,200801,37216
630208,PRE-RECORDED VIDEO,199102,200401,23876
630209,COMPUTER DISKETTES-BOX OF 10,199602,200101,9877
630210,BLANK VIDEO CASSETTE-PACK OF 2,199402,199812,4016
630211,MICROSOFT WINDOWS 95 CD ROM -S,199702,199801,1012
630212,ENCYCLOPAEDIA 97,199702,199801,1132
630213,CD SINGLE-TOP 40,199802,200801,13959
630214,VIRUS CHECKER CD ROM,199802,200101,3302
630215,ENCYCLOPAEDIA 98,199802,199812,776
630216,ENCYCLOPAEDIA 99,199902,200001,1075
630217,CD-ROM GCSE STUDY AID,200002,200301,4004
630218,PRE-RECORDED DVD EG FILM/TV,200102,200401,5409
630219,CDR SPECIFY LGTH & SIZE,200202,200501,5810
630221,PRE-RECORDED VIDEO TOP 20,200402,200612,3472
630222,PRE-RECORDED DVD TOP 20,200402,200612,5965
630226,RECORDABLE CD PRICE PER CD,200502,202209,46262
630227,REWRITABLE DVD,200702,201601,21231
630228,PRE-RECORDED DVD (FILM),200702,202209,15116
630229,PRE-RECORDED DVD (NON-FILM),200702,202209,12037
630230,CD ALBUM (TOP 40),200802,202209,10729
630231,CD ALBUM (NOT CHART),200802,202209,9054
630233,BLU RAY DISC (FILM) FROM CHART,201002,202209,7521
630305,3 GOLF BALLS,198802,200301,25490
630306,SQUASH RACQUET,198802,200601,31773
630307,DARTS-SET OF 3,198802,200201,27811
630309,BOXED BOARD GAME: NOT TRAVEL,198802,202209,57159
630312,CHILD'S PLASTIC DOLL,198802,202209,58995
630313,MODEL RD VEHICLE EG HOT WHEELS,198802,202209,57350
630314,CONSTRUCTION TOY: SPEC KIT NO,198802,202209,54750
630315,CHILDS CYCLE,199601,199601,113
630317,"SLEEPING BAG, ADULT",198802,202209,54638
630318,35MM COLOUR FILM-24 EXPOSURES,198903,200801,39599
630320,DEVELOP/PRINT 135/24 CLR FILM,198903,201201,42296
630322,CAMERA 35MM COMPACT,199002,200612,35964
630324,CHILD'S ELECTRIC TOY/GAME,199102,200501,18643
630325,CHILD'S GAME ELECTRONIC,199102,199701,8767
630328,CAMCORDER-8MM OR VHS-C,199402,200501,21335
630329,ROLLERBLADES (IN-LINE SKATES),199802,200101,3347
630330,JIGSAW PUZZLE FOR 3-5 YR OLD,199902,200101,2433
630331,EXERCISE BICYCLE,199902,200401,9730
630332,CHILD'S SOFT TOY/TEDDY BEAR,200102,202209,38869
630335,DISPOSABLE CAMERA 24-27 EXP,200202,201001,12078
630336,FOOTBALL,200202,202209,33491
630337,DUMBELLS,200202,200501,3683
630338,GOLF BALLS,200302,200401,891
630339,DIGITAL CAMERA,200302,200401,1537
630340,CARBON FIBRE FISHING ROD,200402,202209,20177
630341,PRESCHOOL ACTIVITY TOY,200402,202209,29598
630342,BEGINNER'S ACOUSTIC GUITAR,200402,202209,21149
630343,MEN'S FOOTBALL BOOTS,200402,202209,24412
630345,GOLF BALLS PRICE PER BALL,200402,202209,26326
630346,GAS BBQ,200504,201208,4155
630347,CHILD'S BABY DOLL,200502,202209,28714
630349,DIGITAL CAMCORDERS,200502,200801,4476
630352,CHILDS OUTDOOR SWING,200602,201701,12919
630353,CHILD'S TRIKE FOR UNDER 5'S,200602,201801,20017
630354,DEVELOPMENT OF 50 DIGI PHOTOS,200602,200801,2564
630357,SQUASH/TENNIS RACQUET,200602,202209,27073
630358,PORTABLE DIGITAL STORAGE DEVIC,200802,202209,35411
630359,DIGITAL DEVELOPMENT PER PRINT,200802,202209,20948
630360,DIGITAL CAMCORDERS - 2008,200802,200901,1561
630361,DIGITAL CAMCORDER 2009,200902,201001,1216
630362,COMPUTER GAME TOP 20 CHART,201002,202001,6417
630364,DIGITAL CAMCORDER 2010,201002,201101,2064
630365,CRAFT KIT FOR CHILD 5 YRS+,201102,202209,24618
630366,DIGITAL CAMCORDER RS 2011,201102,201201,2136
630367,DIGITAL CAMCORDER,201202,201801,8399
630368,ELECTRONIC EDUCATIONAL TOY,201302,202209,21931
630369,CHARCOAL BBQ NOT DISPOSABLE,201303,202208,8132
630373,JIGSAW MINIMUM 100 PIECES,201702,202209,11306
630374,CHILDS SCOOTER AGE 5-12 YEARS,201702,202209,11996
630376,CHILDS SIT & RIDE TOY U'ER 5'S,201802,202209,9517
630377,ACTION CAMERA,201802,202209,6722
630378,COMPUTER GAME 1,202002,202209,805
630379,COMPUTER GAME 2,202002,202209,770
630380,COMPUTER GAME 3,202002,202209,783
630381,HAND WEIGHTS FOR HOME EXERCISE,202102,202209,3340
630382,CRAFT HOBBY KIT ADULT,202202,202209,1327
630419,LOCAL WEEKLY NEWSPAPER-BOUGHT,199502,200401,12087
630420,BOOK HARDBACK,199602,199701,4537
630421,BOOK PAPERBACK,199602,199701,4816
630422,BOOK-REFERENCE (EG ATLAS/DICT),199602,202201,41595
630423,BOOK-FICTION-HARD COVER-TOP 10,199702,200501,11625
630424,BOOK-FICTION-PAPERBACK-TOP 10,199702,201601,35971
630425,BOOK-NON-FICTION-HARD-COVER,199702,202209,44238
630426,BOOK-NON-FICTION-PAPER-BACK,199702,202209,44791
630434,BOOK ILLUSTRATED FOR UNDER 5,200602,202209,33077
630435,BOOK - FICTION - HARD COVER,201102,202209,30076
630437,BOOK - TEENAGE FICTION,201202,202209,25054
630439,BOOK FICTION P/BACK TOP 10,201602,202209,15942
630440,"CHILDS BOOK, FICTION 6-12YRS",201902,202209,8537
630504,LIQUID FERTILISER,198802,200501,26160
630505,GARDEN SPADE,198802,202209,51574
630507,HOUSEPLANT,198903,202209,51515
630509,GARDENING GLOVES,198903,200001,35044
630510,POTTING COMPOST,198903,202209,49079
630512,SEED PACK. SPEC VAR SEASONAL,198903,201901,31255
630514,ROSEBUSH FLORIBUNDA/HYBRID TEA,199002,201101,21663
630516,MOWER ELECTRIC ROTARY,199102,200101,12480
630517,MOWER ELECTRIC CYLINDER,199302,200101,12820
630518,CUT FLOWERS-CARNATIONS-STEM,200102,202209,43538
630519,POTTED SHRUB,200102,202209,22567
630520,"MOWER ELECTRIC, SPECIFY TYPE",200102,202209,18365
630521,GRASS/EDGE STRIMMER,200102,200509,6615
630522,"DECORATIVE PLANT POT 10-20""",200302,200612,3869
630523,CUT FLOWERS LILLIES,200502,201501,22931
630525,PLANT FOOD 800ML-2LT/500G-1.5K,201402,202209,13143
630526,"SEEDS,PKT,SPEC VAR(SEASONAL)",201902,202209,4359
640110,DAILY FILM DVD RENTAL,198802,200901,40748
640206,CINEMA (STD ADULT EVE SEAT),198802,200401,30306
640207,NIGHTCLUB ENTRY-SATURDAY,199502,201601,52002
640209,BINGO-ENTRANCE FEE EXCL BOOKS,198802,200001,22208
640212,THEATRE ADULT EVES-FRONT STLLS,198802,202209,39529
640214,PLAYGROUP FEES-PER SESSION,198903,200601,88112
640215,SQUASH COURT-EVE PER HR IF DIF,198903,199812,19599
640218,LEISURE-CENTRE SPECTRS ADMSSN,199302,200101,9336
640219,SWIMMING POOL ADM STND ADULT,199302,202209,54947
640220,LEISURE CENTRE ANNUAL M'SHIP,199302,200301,13025
640222,EXERCISE CLASS UPTO 1HR,199602,202209,47847
640223,SQUASH CRT-EVENING 30-40 MINS,199902,200301,5879
640224,TEN-PIN BOWLING PER GAME,200002,202209,34732
640226,PRIVATE HEALTH CLUB ANNUAL FEE,200102,202209,29793
640232,SQUASH COURT- EVENING,200302,201001,13724
640233,LEISURE CENTRE MEMBERSHIP,200302,201201,17695
640240,LIVERY CHARGES PER WEEK,200802,202209,17835
640243,SOFT PLAY SESSION TIME PERIOD,201802,202209,5924
640244,CLIMBING WALL SESSION,202202,202209,382
640406,HOTEL 1 NIGHT PRICE,200502,202209,24572
