description,item_id,shareRising_12m,meanRise_12m,shareRising_1m,meanRise_1m
KEROSENE - 1000L DELIVERED,420405,1,.93103719,.89041096,.096334144
MILK SEMI-PER 2 PINTS/1.136 L,211710,1,.43561238,.1641791,.072095066
CHICKEN KIEV 2 PACK 240-325G,211026,1,.40079072,.37572256,.069108702
H K LIVER PER KG STATE TYPE,211027,1,.39683416,.25333333,.27169764
HARD REGIONAL CHEESE PER KG,211509,1,.30764127,.25,.10821724
SHOP MILK-WHOLE MILK-4PT/2LTR,211709,1,.30222964,.089361705,.091887891
BUTTER 250G SPEC COO,211306,1,.28158543,.35779816,.13428701
WHOLEMEAL SLICED LOAF BRANDED,210113,.99130434,.19898047,.1953125,.13688405
FROZEN BREAD/BAT FISH 400-550G,211211,.98843932,.22655264,.34031415,.18714209
HAND ROLLING TOBACCO PACK 30GM,320206,.984375,.14765383,.043478262,.015116621
CIGARETTES 8,320108,.98425198,.083364233,.0072463769,.080057174
20 FILTER - OTHER BRAND,320122,.9765625,.064219393,.022222223,.039748739
FISH & CHIPS TAKEAWAY,220301,.97560978,.2085001,.11340206,.069895826
JAR OF JAM-340-454G,212106,.97540987,.38092756,.11363637,.11795699
LARGE LOAF-WHITE-UNSLICED-800G,210102,.97402596,.10321265,.1,.057373531
CHILLED READY MEAL-MEAT-SERVS1,212936,.97142857,.20660973,.2857143,.066402756
OLIVE OIL - 500ML - 1 LITRE,211408,.969697,.28844115,.27230048,.088910967
WHITE SLICED LOAF BRANDED 750G,210111,.96946567,.1903712,.13669065,.101538
DRY SPAGHETTI OR PASTA 500G,210204,.96832579,.47847816,.22270742,.18006125
CIGARETTES 15,320115,.96062994,.080816269,.022556391,.055242915
ROTISSERIE CHICKEN [WHOLE],210913,.95999998,.11923215,.037037037,.2
MINERAL WATER STILL 1.5-2L,212010,.95555556,.38560283,.27906978,.12337849
MIXER DRINK BOTTLE 1L EG TONIC,212022,.95555556,.2410527,.21875,.16332436
CHILLED READY MEAL-FISH/VEG,212937,.954023,.22353271,.22857143,.076204807
DOG FOOD-CAN-385-400GM,430613,.9528302,.52275485,.26457399,.071474329
5 CIGARS: SPECIFY BRAND,320205,.95192307,.096610442,.025423728,.1777261
PREMIUM LAGER - PINT 4.3-7.5%,310110,.95145631,.083073974,.077777781,.063153423
WILD BIRD SEED PACK 500G-2KG,430625,.94444442,.28177696,.16964285,.17289393
FRESH FISH-SALMON FILLETS-KG,211105,.94,.25086004,.17142858,.047555279
A4 PRINTER PAPER (500 REAM),430527,.93805307,.30161127,.03846154,.093528062
FRESH DOUBLE CREAM 250ML-300ML,211815,.93548387,.18946788,.29838711,.063349135
CHEDDAR-HOME PRODUCED PER KG,211501,.93495935,.38275802,.2184874,.068318218
FLOUR-SELF-RAISING-1.5KG,210201,.93442625,.32959378,.16541353,.092986606
KITCHEN ROLL PK OF 2-4 SPECIFY,430533,.93333334,.39168277,.36274511,.18284261
SPREADABLE BUTTER,211305,.93301433,.3297306,.51598173,.14897415
MARGARINE/LOW FAT SPREAD-500G,211407,.92391306,.41024065,.39772728,.32385495
"BAKED BEANS, 400-425G TIN",212603,.92354739,.40479434,.059999999,.081168242
CANNED SWEETCORN 198-340G,212608,.91935486,.26375037,.076305218,.1281292
T'AWAY COOKED SAVOURY PASTRY,220327,.91558444,.11700569,.036842104,.091751963
VARNISH-CLEAR GLOSS-750ML-1LTR,410621,.91452992,.16928028,.11811024,.10653853
VODKA (PER NIP) SPECIFY ML,310302,.91079813,.11025976,.053956833,.042362329
CANNED FRUIT-400-450G,212807,.91011238,.17473732,.41552511,.094854362
PLAIN BISCUITS-200-300G,210302,.90178573,.25193363,.10655738,.07124532
MAYONNAISE 390-500G/420-540MLS,212930,.89898992,.3327502,.23039216,.26104328
IN STORE CAFETERIA MEAL,220120,.89655173,.1785543,.023809524,.043154776
ALUMIN COOKING FOIL 290-300MM,430505,.89130437,.30993685,.21666667,.12676218
GIN PER NIP,310316,.88837206,.11263849,.04964539,.042004015
SPIRIT BASED DRINK 275ML,310309,.8874172,.10248289,.043689322,.056571271
"MOWER ELECTRIC, SPECIFY TYPE",630520,.88709676,.29280829,.28125,.25984776
BURGER IN A BUN EAT IN OR TAKE,220328,.88516748,.2005529,.16356878,.14219601
FRESH WHITE FISH FILLETS KG,211101,.88461536,.13679318,.13043478,.083717704
INDIVIDUAL MEAT PIE,211011,.88387096,.27441522,.20994475,.2443563
WHOLE SPONGE CAKE NOT FROZEN,210320,.88235295,.20837234,.23684211,.12609902
HOME KILLED BEEF-LEAN MINCE KG,210403,.88235295,.16124253,.27014217,.079457693
FRESH VEG-CUCUMBER-WHOLE,212510,.8814016,.27470982,.0971867,.27391222
FRESH/CHILLED CHICKEN  PER KG,210905,.88095236,.25250873,.23699422,.10102052
CREAM CRACKERS PACK 200G-300G,210301,.87719297,.21674681,.2248062,.19302881
CANNED SOUP-390-425G,212910,.87692308,.38299778,.043165468,.2082728
LIQUEUR PER NIP   SPECIFY ML,310307,.87619048,.12007065,.046931408,.084830523
TAKEAWAY CHICKEN & CHIPS,220326,.875,.17231625,.048780486,.044893358
SMOKELESS FUEL 50KG,420103,.87301588,.29726616,.25555557,.14497367
FROZEN BEEFBURGERS PACK OF 4,210414,.87179488,.17791206,.32499999,.12169406
CERAMI TILES 15X15-25X50CM BOX,410637,.87037039,.55498421,.19327731,.48136982
FROZ VEG BURGER/GRILL 180-454G,212928,.87027025,.25518969,.24336283,.21775319
TAKEAWAY COFFEE LATTE,220321,.86874998,.16680065,.15306123,.060772184
BOTTLED PREMIUM LAGER 4.3-7.5%,310111,.86734694,.098613538,.060606062,.083600312
KITCH WALL UNIT WIDTH 800-1000,430139,.86597937,.49106103,.24545455,.15551698
LAGER - PINT 3.4-4.2%,310109,.86574072,.083129972,.050541516,.045467019
"COLA DRINK, DIET 1.25-2LTR",212026,.86567163,.35723621,.27272728,.26544532
YOGHURT-SMALL INDIVIDUAL,211814,.86554623,.2344307,.17355372,.1545056
FRESH BONELESS CHICKEN BREAST,210910,.86503065,.22590542,.15000001,.069134809
MELON EACH EG HONEYDEW,212731,.86413044,.37293231,.43548387,.19715822
HK LAMB LOIN CHOP/STEAK PER KG,210506,.86274511,.21698666,.079831935,.081430309
PROTEIN POWDER 900G-2KG,212940,.86206895,.35486001,.12820514,.19398756
RESTAURANT MAIN COURSE,220128,.85823756,.13929376,.16369048,.078348853
FROZEN CHIPS 900G-1.5KG,212405,.8581081,.37686682,.21052632,.25775674
COOKED MEAT TURKEY/CHICK SLICE,211029,.85606062,.19101195,.19844358,.060980521
COOK-IN SAUCE-JAR/CAN 350-520G,212923,.85600001,.36689115,.38059703,.14800331
PAINT BRUSH-2INCH/5CM WIDTH,410607,.85585588,.33591735,.24369748,.0874492
POWDERED BABY FORMULA 400-900G,211816,.85492229,.13630669,.18316832,.13871834
BACON-BACK-PER KG,210808,.85340315,.19056739,.28899083,.09362448
"FRUIT SQUASH, 750ML - 1.5LT",212001,.85245901,.31944838,.27135679,.38216266
MUFFIN/INDIVIDUAL CAKE,220124,.85106385,.20989798,.11627907,.083650745
SANDWICH-TAKE-AWAY (COLD),220303,.85062242,.16497116,.074204944,.077934906
FRUIT JUICE NOT ORANGE 1L,212006,.85046726,.31150427,.11016949,.18188426
COMPUTER GAME 3,630380,.85000002,.85545516,.42105263,.87127978
DVD/BLU RAY PLAYER,630164,.8493976,.56606323,.080645159,.030859718
COOKED HAM PREPACKED SLICED,211023,.847561,.195522,.46625766,.11565021
SOFT CONTINENTAL CHEESE - KG,211511,.84020621,.29382032,.28909951,.14259295
STAFF RESTAURANT MAIN COURSE,220214,.83870965,.31522501,.05882353,.10968585
PAINT GLOSS/EMUL 750ML-2.5LTR,410639,.83783782,.16920306,.2208589,.32506073
PUB -HOT MEAL,220107,.83490568,.16826941,.044609666,.09702725
HOME KLD BEEF-RUMP/POPES STEAK,210406,.83435583,.1682743,.14285715,.0827232
BOTTLED MINERAL WATER,220117,.83333331,.10771019,.057142857,.035886806
"MILK FLAVOURED, 180-500MLS/GMS",211713,.83243245,.37119928,.40782124,.49628714
HOME KILLED PORK-LOIN CHOPS KG,210703,.83200002,.17391215,.43209878,.080783553
LEMONADE-2 LITRE BOTTLE,212008,.83177572,.35822046,.30508474,.11987142
KITCH BASE UNIT WIDTH 800-1000,430119,.83168316,.47015935,.22580644,.15220995
FIZZY BOTTLED DRINK 500ML,212017,.83157897,.089899123,.14285715,.084601536
ANNUAL BOOSTER INJECTION,430621,.8296296,.16361414,.072847679,.1018462
SQUASH/TENNIS RACQUET,630357,.82857144,.21836115,.024390243,.28043726
NON-DAIRY MILK DRINK 900ML-1LT,211714,.82857144,.17419283,.13917525,.1887069
LEMONADE/COLA DRAUGHT,310311,.82499999,.12290832,.046332046,.087949596
SIX BREAD ROLLS-WHITE/BROWN,210106,.81914896,.21567146,.10344828,.082370996
HOT OAT CEREAL,210216,.81860465,.20831481,.062222224,.10233681
SOFA BED,430140,.8174603,.39873993,.30405405,.24456654
CHILLED POT DESSERT 125-200G,211808,.81730771,.17911108,.15454546,.26452813
HIGH CHAIR,430142,.81560284,1.5162171,.13235295,.11183354
GAS COOKERS-SPECIFY MAKE & MOD,430414,.81512606,.14174159,.11320755,.14671759
DRAUGHT STOUT PER PINT,310104,.81481481,.076286644,.054347824,.035183188
HOME KILLED LAMB SHOULDER KG,210507,.81343281,.22479807,.02259887,.053262364
PLANT FOOD 800ML-2LT/500G-1.5K,630525,.81333333,.17327495,.033707865,.10743096
FROZEN PRAWNS PER KG,211106,.8125,.16118608,.28703704,.039826669
CHINESE TAKEAWAY,220319,.81188118,.12238573,.10619469,.057261236
TAKEAWAY SOFT DRINK,220320,.8101266,.13879055,.090252705,.091491528
WOODSCREWS STEEL/ZIN PLATED PK,410638,.80952382,.28455219,.28799999,.19734976
TOILET ROLLS,430536,.80952382,.27642152,.29166666,.098266914
HOUSEHOLD CLEANER CREAM/LIQUID,430509,.80924857,.44190937,.24873096,.268042
DRIVING LESSON 1 HOUR,440105,.80459768,.12876345,.094786733,.086533144
STRAWBERRIES PER KG OR PUNNET,212720,.80281693,.3632713,.52380955,.27073991
PACK OF 5-6 INDIVIDUAL CAKES,210321,.80208331,.53436452,.375,.63362199
MEAT BASED SNACK PACK MAX 400G,211030,.80102038,.19803733,.3611111,.13297975
WOMENS SHOE,510533,.80000001,.50012541,.12432432,.26740295
ELECTRIC COOKER,430304,.79699248,.22305442,.25333333,.083108477
BOTTLE OF CHAMPAGNE 75 CL,310423,.79439253,.12310352,.27927929,.082284749
LEATHER SETTEE,430137,.79411763,.32434589,.25170067,.19502801
CRUMPETS PACK 6-9 SPEC NUMBER,210324,.79310346,.30292857,.075471699,.17714064
POTATO CRISPS-MULTI-PACK,212404,.79288024,.30416051,.093373492,.13284813
TEA BAGS-2-PACKET OF 240,211904,.79245281,.18554467,.32727271,.3185578
QUICHE 340G-450G,212941,.7904762,.15657012,.033018868,.10170548
BASMATI RICE 500G-1KG,210212,.7903226,.19058865,.11764706,.057723533
CAT FOOD POUCH-IND-85G-100G,430624,.78703701,.25949928,.18803419,.091860518
KEBAB- TAKEAWAY,220323,.78409094,.16657883,.03125,.11532759
SAUSAGES-PORK-PER KG,211014,.78391957,.17333099,.10045662,.10522997
SPEC'Y BEER BOTT 500ML 4-5.5,310220,.78199053,.10626669,.048543688,.082539991
COUSCOUS PLAIN/FLAVOURED,210221,.77941179,.25961047,.16666667,.23542488
FRUIT JUICE BOTTLE 250-350ML,220125,.77889448,.085951135,.047430828,.05907004
FRESH VEG-BROCCOLI-PER KG,212530,.77666664,.26569182,.28260869,.11903124
FRESH/CHILL ORANGE JUICE 900ML,212016,.77611941,.23547167,.2857143,.29015702
GAS FIRE,430413,.77551019,.20171709,.19178082,.15191974
CHILDS SIT & RIDE TOY U'ER 5'S,630376,.77483445,.29579607,.084415585,.15261582
DRIED POTTED SNACK 50-120G,212934,.77477479,.30368227,.16260162,.37858334
TISSUES-LARGE SIZE BOX,520213,.77319586,.28358966,.21138212,.14107035
"FLAVRD TEA 15-20 BAGS, 30-40G",211905,.77272725,.26250118,.076530613,.18701288
MDF,410633,.76991153,.27438059,.085271321,.17910609
FLAVOURED WATER BOTT 900ML-1.5,212024,.76923078,.25518131,.23157895,.14653324
DRY CLEANING-MAN'S SUIT,440104,.76870745,.12633461,.081521742,.11541125
READY-MIXED FILLER-INT USE,410602,.76851851,.20123245,.23076923,.10881066
DRAUGHT BITTER (PER PINT),310102,.76666665,.085629709,.055084746,.048444603
"COLA DRINK, REG,BOTTLE,1.25-2L",212025,.76595747,.13290687,.15294118,.12164169
BOOKCASE/FREESTAND SHELV UNIT,430133,.7647059,.30154938,.20588236,.22568588
CIDER 4.5%-5.5% ABV PINT/BOTTL,310114,.76213592,.10904562,.055350553,.038654827
CHILLED PIZZA EACH 300-600G,212939,.76129031,.20973678,.044692736,.11466667
TEA -TAKE-AWAY,220305,.76073617,.18101884,.13366337,.072827868
HOME OFFICE DESK,430138,.75925928,.22058484,.21621622,.16627923
APPLES-COOKING-PER KG,212716,.75916231,.24547532,.033333335,.18169886
BEEF ROASTING JOINT PER KG,210416,.75806451,.2446598,.25333333,.080769636
FRZN READY-COOKD MEAL SERVES 1,212918,.75510204,.22990488,.059405942,.09459766
MATTRESS- 3FT/90CM,430132,.75483871,.38339183,.23589744,.19313316
HOTEL 1 NIGHT PRICE,640406,.75,.39031908,.41791046,.21942216
COLD/FLU DRINK POWDER,520242,.75,.11969431,.090909094,.20228134
BITTER-4CANS-440-500ML,310207,.75,.065302573,.12727273,.044181745
FROZEN FISH FINGERS 8-12 PK,211210,.74766356,.37955597,.16666667,.2502161
TOMATO KETCHUP BOTTLE 340-570G,212917,.74301678,.27620238,.14705883,.19721743
INDIAN TAKEAWAY,220318,.74074072,.12953898,.070707068,.14124976
FRIDGE/FREEZER SPEC CAPACITIES,430362,.73885351,.29981926,.25396827,.16561881
FRYING PAN 24-30CM,430423,.73456788,.34865192,.099476442,.11672421
FRESH TURKEY DICED/MIN PER KG,210914,.73333335,.20462987,.028571429,.24642859
CANNED MEAT-STEWED STEAK,211007,.73267329,.12139244,.23913044,.090303548
GOLF BALLS PRICE PER BALL,630345,.73255813,.25233901,.020833334,.1440756
WALLPAPER PER ROLL,410629,.73239434,.17459285,.063157894,.27613103
WASHING MACH NO DRYER MAX 1800,430361,.73239434,.14092055,.49166667,.13580796
PINEAPPLE EACH,212728,.72932333,.27284592,.11678832,.055555571
ICE CREAM 450ML-1L,212933,.72881359,.40219596,.19298245,.38474658
CHOCOLATE COVERED ICE CREAM,212938,.72789115,.56773353,.16666667,.1572223
KIWI FRUIT-EACH,212712,.72664362,.40009847,.052941177,.3561511
VEGETABLE CRISPS PACK 80-125G,212942,.72549021,.26978174,.13793103,.34938747
FROZEN GARDEN PEAS 800G-1KG,212609,.7230047,.3050161,.24680851,.1267079
SELF-DRIVE CAR HIRE BASIC 24HR,620307,.72282606,.59397912,.086124405,.2199432
LUXURY VINYL TILE PER SQ M,430237,.72151899,.2128583,.12690355,.14539684
BOTTLE OF WINE 70-75CL,310315,.71936756,.11124473,.20731707,.070383377
"DOG TREATS,SPEC,TYPE 70-400G",430626,.71621621,.31710455,.28061223,.28366184
CHILDS BICYCLE,620317,.716129,.23166724,.11794872,.12606162
CHEWING/BUBBLE GUM-SINGLE PK,212217,.7157895,.16465063,.12820514,.091776051
STOUT - 4 CAN PACK,310219,.71515149,.11054716,.21857923,.051599804
DOG KENNEL FEES DAILY CHARGE,430622,.71052629,.15811534,.091603056,.20174235
FROZ CHICKEN NUGGETS 220-600G,211019,.70930231,.30054981,.35576922,.21700473
COLA/FIZZY DRINK 330ML PK 4-8,212023,.70895523,.20152618,.13636364,.30470368
"CAR TYRE, STATE SIZE",610204,.70833331,.2004986,.11111111,.10305899
DISHWASHER TABLETS PACK 16-45,430538,.70779222,.21049538,.21808511,.60392463
"YOGHURT/FROMAGE 4-6PK, 45-125G",211807,.70642203,.19813652,.18110237,.22522806
COOKED HAM LOOSE PER 100G,211031,.70642203,.11331861,.072580643,.10082106
CONTINENTAL SLICED DELI MEAT,211024,.7062937,.26705748,.23076923,.31290445
BANANAS-PER KG,212719,.70414203,.096359409,.049350649,.12671062
BOTTLE STILL WATER 500ML,212021,.70192307,.23068143,.32183909,.093047604
POTTING COMPOST,630510,.70175439,.31080896,.16853933,.16131547
SCREWDRIVER,410625,.70161289,.20855927,.04255319,.21264094
CARPET TUFTED MIN 80% WOOL FIB,430234,.69620252,.17707375,.14893617,.14612186
CARPET TUFTED 100% MANMADE FIB,430233,.69565219,.19881757,.08421053,.27874291
BISCUITS HALF CHOC 260-400G,210323,.69306928,.24003673,.37560976,.31216404
FRESH VEG-CAULIFLOWER-EACH,212504,.69275361,.20599404,.10972568,.31172493
ELECTRONIC EDUCATIONAL TOY,630368,.69135803,.41629982,.16756757,.23823427
ELECTRIC HAIR STYLING APP,430351,.69078946,.47403097,.13114753,.85990912
ELECTRIC COOLING FAN -SEASONAL,430359,.69047618,2.7810831,.035714287,.09809646
VEGETABLE PICKLE 280-520G,212905,.68995631,.14460425,.12851405,.079574518
POTATOES- OLD WHITE PER KG,212310,.6875,.31463242,.22933333,.15232353
CANNED TOMATOES 390-400G,212601,.68506491,.16303864,.025423728,.22424796
RESTAURANT - SWEET COURSE,220122,.68401486,.16456489,.084084086,.075300574
COUGH LIQUID BOTTLE 150-200MLS,520251,.68372095,.17220333,.023584906,.10302365
BREAKFAST CEREAL 1,210213,.6836158,.25566673,.13736264,.26297244
OIL PER LITRE-MULTIGRADE,610303,.68333334,.31929192,.10344828,.26371065
FRESH VEG-TOMATOES-PER KG,212515,.68168169,.29522488,.27848101,.21789549
PRE MIXED SPIRIT 250-330ML,310430,.68095237,.1302669,.13901345,.057910636
MEN'S T-SHIRT SHORT SLEEVED,510132,.67716533,.34254789,.18402778,.35897762
COFFEE PODS PACK 8-16,213006,.67605633,.20650794,.38787878,.1424057
"SETTEE,NON LEATHER - SEE HELP",430143,.67582417,.33350992,.21459228,.20119487
SPARKLING WINE 75CL MIN 11%ABV,310426,.67512691,.14732726,.23923445,.16074681
MONTHLY SELF STORAGE FEE,440127,.67307693,.23805496,.089285716,.16351271
FRESH VEG-CARROTS-PER KG,212518,.67138809,.17733832,.19951923,.091555588
DOUBLE WARDROBE,430101,.67021275,.34358841,.18932039,.26769903
FRESH VEG-COURGETTE-PER KG,212531,.66438359,.35587415,.15479876,.28810638
HONEY JAR/BOTTLE 340G-454G,212107,.66169155,.20022374,.16444445,.10006973
DEODORANT/ANTI PERSPI 50-250ML,520216,.66129035,.46319479,.20634921,.59368968
TEA BAGS PKT OF 80 (230G-250G),211901,.66129035,.25112563,.21323529,.28232598
DINING TABLE & 2-6 CHAIRS,430141,.66037738,.31432119,.2081448,.19637586
FRESH VEG-LETTUCE-ICEBERG-EACH,212511,.65909094,.30469698,.10666667,.16392405
WOMENS HIGHLIGHTING,520311,.65909094,.12949795,.055555556,.072148889
MEN'S FORMAL SHIRT-LONG SLEEVE,510109,.65822786,.36330357,.11743772,.17927834
MENS JACKET/COAT,510104,.65725809,.554654,.25283018,.35634026
RASPBERRIES PUNNET OR PER KG,212734,.655303,.26289964,.13905326,.16649297
WASHING UP LIQUID 380-900ML,430507,.65476191,.64274347,.13259669,.30720055
CAR REPAIRS MAIN DEALER,610235,.65454543,.13679336,.057971016,.10185575
WOMEN'S HRDRESSING-CUT/BLOWDRY,520303,.65185183,.11748284,.060439561,.09965951
LUGGAGE TROLLEY CASE - 60-70CM,520134,.6511628,.492672,.16981132,.64707786
COFFEE-INSTANT 90 -100G JAR,213003,.65053761,.46042249,.24630542,.33978021
CUT FLOWERS-CARNATIONS-STEM,630518,.65048546,.26018134,.1,.23889793
BRAND CHOC SWEETS 90-185G BAG,212223,.64935064,.26032498,.067708336,.2110202
FUNERAL-CREMATION,440227,.64930558,.089670442,.10508475,.046823192
PIZZA TAKEAWAY OR DELIVERED,220316,.64835167,.12658708,.20175439,.11051437
WOMEN'S JUMPER,510212,.6479401,.48802599,.22033899,.58025914
MODEL RD VEHICLE EG HOT WHEELS,630313,.64601767,.20671827,.094202898,.12901577
FRUIT FRESH SNACKING 150-350G,212730,.64516127,.31070119,.12796208,.10265361
CLEAR STICKY TAPE,430525,.64429528,.26442075,.082901552,.28838056
SOLID GOLD RING 9CT,520130,.64285713,.17559239,.060606062,.090290889
"CHEESE SPREAD, 125g-200g TUB",211506,.64130437,.48803318,.33980581,.25862256
MENS LOUNGEWEAR BOTTOMS,510133,.64112902,.22423042,.13148789,.3168973
WOMEN'S JEANS- OWN BRAND,510248,.640625,.24008721,.13120568,.2795909
WHISKY (PER NIP) SPECIFY ML,310301,.64018691,.091121107,.042704627,.040846758
BACON-GAMMON-PER KG,210802,.63999999,.11526576,.14117648,.095252246
HAND HYGIENE GEL 50 -150ML,520254,.6394558,.13764562,.15306123,.077563889
BLACK INKJET CARTRIDGE,430530,.63803679,.16286564,.060606062,.1269657
CHILDS SCOOTER AGE 5-12 YEARS,630374,.63768119,.28997868,.035294119,.099860549
ELECTRIC RAZOR,430321,.63736266,.47925174,.24719101,.33468243
CD ALBUM (TOP 40),630230,.63636363,.32244897,.25,.15000001
BLEACH 750ML,430529,.63414633,.29367045,.25362319,.14837252
CHILLED GARLIC BREAD,210114,.63184083,.33264145,.14414415,.28604737
COMPUTER GAME 2,630379,.63157892,.67902452,.5,.81312656
POWER DRILL-HAMMER ACTION,410614,.63063061,.23379517,.18796992,.36845449
BABY WIPES 50-85,520249,.63005781,.22021633,.11229946,.45781776
MENS CASUAL S/SLEEVE TOP,510113,.62704921,.28865498,.16606498,.21194448
MENS JEANS,510106,.62548262,.22903678,.090277776,.25794011
"SMALL SAUCEPAN,MILK",430407,.625,.46525937,.056451611,.28487605
ARMCHAIR -UPHOLSTERED,430104,.625,.24769883,.20444444,.23614819
FABRIC CONDITIONER 500ML-1.5LT,430531,.62162161,.2752634,.19354838,.27440161
CAR REPAIRS LOCAL GARAGE,610236,.62162161,.1267478,.043010753,.067822456
"DINNER PLATE, APPROX DIAMETER",430425,.62135923,.37579501,.071428575,.41307634
FROZEN PRE-PREPARED VEGTABLES,212612,.62015504,.40666372,.13680781,.17126879
WOMANS BOOTS,510529,.6201117,.33594492,.10869565,.20824012
VACUUM CLEANER,430355,.6201117,.28241318,.13963965,.14071462
WOMENS BLOUSE/SHIRT 1,510206,.61923075,.52001846,.18213059,.35321584
LAGER 10-24 BOTTLES 250-330ML,310217,.61904764,.14867865,.24242425,.11107772
FIZZY ENERGY DRINK 250-500ML,212015,.61616164,.12169768,.040983606,.084202774
P'PARED MASHED POTATO 400-650G,212409,.61538464,.26002303,.14052288,.20141356
MEN'S CLOTHING HIRE- SEE HELP,440132,.61403507,.22988293,.056338027,.20888062
CORN SNACK SINGLE PACK MAX 50G,210211,.61363637,.18308346,.087499999,.11589043
CRAFT KIT FOR CHILD 5 YRS+,630365,.61313868,.21964452,.14102565,.12250944
WOMEN'S SWIMWEAR,510409,.6122449,.29902905,.041666668,.37576783
CHOCOLATE 12,212226,.61194032,.23575619,.19480519,.25425288
WOMENS BLOUSE / SHIRT 2,510257,.61048687,.42224917,.21428572,.47222564
MENS SHOE FORMAL STYLE,510501,.60909092,.25145829,.10894942,.10883383
SELF-DRIVE VAN HIRE,620303,.60849059,.15744033,.053278688,.10003478
WOMENS DRESS -CASUAL/FORMAL,510245,.60754716,.47279996,.31034482,.5982331
HAIR GEL 150-200ML,520237,.60683763,.19511439,.23529412,.19719976
STAFF RESTAURNT HOT SNACK ITEM,220208,.60606062,.43952784,.040816326,.04494885
HIRE OF DOMES CARPET CLEANER,410632,.60526317,.10446152,.010526316,.13043478
WOMEN'S SHOWERPROOF JACKET,510256,.60504204,.35870475,.19117647,.61172116
WOMENS BASIC PLAIN T-SHIRT,510215,.60323888,.36502516,.11267605,.43431985
MENS OFFICIAL FOOTBALL SHIRT,510127,.60240966,.42992616,.11340206,.83928633
COFFEE TABLE,430120,.60227275,.34954029,.1952381,.21216513
NURSING HOME,520325,.60215056,.11210787,.10769231,.12362428
JOINT OV/READ GAM/POR 450-900G,211025,.60176992,.24852626,.04225352,.069332585
GARDEN SPADE,630505,.60000002,.71444935,.01923077,.18998349
SHOWER HEAD,410631,.60000002,.32524467,.14285715,.1882786
BOY'S SHOES,510507,.5990566,.15782461,.12272727,.084526882
MEN'S TRACKSUIT/JOGGIN BOTTOMS,510122,.5959596,.26918623,.08372093,.49212986
MINICAB FARE FOR 2 MILES,620308,.59523809,.33448783,.096774191,.15865454
APPLE CIDER 4 CAN PK 440-500ML,310221,.59523809,.095124416,.27272728,.1015716
WALKING/HIKING BOOT,510534,.5945946,.17886996,.074626863,.54889208
FOOTBALL,630336,.59405941,.25522113,.024193548,.24535695
PHONE NT MOBILE(SPEC DIG/ANAL),430323,.5933333,.82195181,.03164557,.29923159
PARMESAN CHEESE-PER KG,211510,.59292036,.13834752,.079999998,.086957902
PLASTIC FOOD STORAGE CONTAINER,430418,.5925926,.45923164,.12751678,.11281339
SWIMMING POOL ADM STND ADULT,640219,.5925926,.066842601,.023529412,.068004847
"WOMEN'S SHOES-FLAT MAX 1"" HEEL",510530,.59024388,.22639628,.2519685,.23204146
PORTABLE DIGITAL MUSIC PLAYER,630165,.59016395,.31772587,0,
WOMEN'S VEST/STRAPPY TOP,510244,.58995813,1.1801337,.16728625,.66379839
DRYCELL BATTERY 4 PACK EG AA,430539,.58928573,.7657218,.0089686103,.29411766
RESTAURANT CUP OF COFFEE,220121,.58898306,.15385449,.043343652,.14798857
SCISSORS - HOUSEHOLD,430409,.58823532,.53941953,.14285715,.33346164
CAR SERVICE- LOCAL GARAGE,610231,.58823532,.18394221,.090909094,.097977288
WOMEN'S CARDIGAN,510233,.58801496,.520289,.1423611,.60933822
DOOR HANDLE-PACK FOR ONE DOOR,410611,.58474576,.22278111,.0390625,.10168953
GIRLS JACKET (5-13 YEARS),510347,.58431375,.502855,.26978418,.51609117
RESIDENTIAL HOME,520324,.58333331,.11677647,.078014188,.14405595
LADIES HAND/SHLDER BAG,520109,.5826087,.32788482,.1632653,.2686497
MENS BASE LAYER TOP LONG/SHORT,510433,.5825243,.39501923,.12605043,.45811653
POTATO CRISPS 25G-50G,212402,.58095241,.08423318,.036036037,.058034167
POTATOES-NEW-PER KG,212309,.58024693,.2849001,.13793103,.25280192
"WINE, PER 175 - 250 ML SERVING",310310,.57943922,.10834085,.047272727,.076128446
PUSHCHAIR/STROLLER,620304,.57894737,.2004011,.17204301,.041959975
FRESH VEG-PEPPERS -LOOSE OR KG,212532,.57865167,.30076519,.23923445,.11038482
CIDER FLAVOURED BOTT 500-568ML,310222,.57819903,.16898148,.09049774,.055387281
WHEEL ALIGNMENT,610241,.578125,.11088271,.035714287,.12432327
WHISKY-70 CL BOTTLE,310401,.57692307,.10177584,.13274336,.14241864
NURSERY FEES: CHILD 0-4,440232,.57692307,.092033185,.046052631,.10860568
CHEST OF DRAWERS,430127,.57485032,.30549449,.23902439,.20966315
CHILD'S PLASTIC DOLL,630312,.57462686,.23430429,.13725491,.1932936
HOUSE CONVEYANCING,440249,.57364339,.17586231,.043165468,.094848573
BOOK - TEENAGE FICTION,630437,.5726496,.16954254,.10067114,.19814397
MEN'S BRANDED SPORT SWEATSHIRT,510128,.57258064,.26582101,.2013889,.45387378
FLOWER VASE,520118,.5714286,.52785414,.02631579,.14430034
GIRL'S SHOES SCHOOL,510508,.5714286,.14777981,.047413792,.1669683
FRESH VEG-CABBAGE-WHOLE-PER KG,212516,.570997,.31793118,.063829787,.13710016
ELECTRIC IRON,430317,.56953645,.29097232,.10365853,.1777755
FRUIT/VEG SMOOTHIE,212027,.56756759,.27043086,.29374999,.478598
CONDOMS PACK OF 3-14,520230,.56756759,.13545817,.13846155,.12946895
CINEMA POPCORN,220324,.56716418,.22206925,.048192769,.071120679
WOMEN'S SKIRT: CASUAL,510237,.56680161,.62647897,.27636364,.50992209
VEGETABLE STIR FRY FRESH PACK,212533,.56544501,.220571,.11111111,.12452046
DUVET COVER,430216,.56435645,.34837502,.075221241,.23690213
HOME-BUYERS SURVEY-RSDNTL PPTY,440226,.56410259,.13421799,.047619049,.072554708
"DISP NAPPIES, SPEC TYPE, 20-60",520219,.5625,.19295581,.28431374,.16153441
MULTI-VITAMINS CAPSULES/TABLET,520222,.55855858,.19953565,.18897638,.12937981
"PEANUT BUTTER, JAR, 225-350G",211409,.55778897,.12313295,.18229167,.33660787
CHILD'S BABY DOLL,630347,.55555558,.38921267,.096296296,.26672247
LADY'S SCARF,510432,.55491328,.37350258,.2,.54783982
SOFT PLAY SESSION TIME PERIOD,640243,.55462188,.15042838,.044117648,.11438575
ADULT BIKE,620318,.55319148,.1905624,.091891892,.11878408
WOMEN'S SANDALS,510506,.55147058,.41577545,.22988506,.78416574
SHOWER GEL 150-250ML,520238,.54929578,.48699865,.17449665,1.0314945
MEN'S JUMPER-KNITTED,510108,.5487805,.35633495,.3125,.32423702
HAND WEIGHTS FOR HOME EXERCISE,630381,.54782611,.5071274,.0071428572,.3003003
PLASTERS-20-40 PACK,520228,.54639173,.20126519,.38211381,.14871716
STAINLESS STEEL CUTLERY SET,430419,.54609931,1.1128592,.12804878,.080302186
ANIMAL CAGE (E.G FOR GERBIL),430617,.54545456,.22823401,.020833334,.11071429
WOMENS EXERCISE LEGGINGS,510260,.54128438,.32375839,.13389121,.21270569
TEN-PIN BOWLING PER GAME,640224,.54098362,.078129835,.045112781,.039084591
"CHILDS BOOK, FICTION 6-12YRS",630440,.54074073,.38053593,.15243903,.58286262
WASHING LIQUID 800ML/1.5LTR,430540,.53846157,.26584119,.19512194,.24789825
WOMENS HAIR COLOURANT 60-140ML,520236,.53636366,.13115376,.11811024,.15976092
MEN'S SHOE CASUAL STYLE,510515,.53631288,.28052127,.070833333,.44465503
CREAM LIQUER 70CL-1LT 14-20%,310428,.53448278,.18538551,.082051285,.26838759
WOMEN'S TROUSERS-CASUAL,510235,.53383458,.34456652,.1462585,.49573684
MENS CASUAL SHIRT,510131,.53174603,.43220484,.18505338,.29531842
MENS BRANDED T-SHIRT,510126,.53174603,.30762598,.083333336,.2116323
WOMEN'S SKIRT: WORK/FORMAL,510238,.5316456,.44601226,.17948718,.4990581
WOMEN'S TROUSERS-FORMAL,510236,.53012049,.43057784,.15463917,.44272172
CAR SERVICE- MAIN DEALER,610232,.52941179,.22967677,.030303031,.14005603
NAIL VARNISH BOTTLE 6 - 14mls,520250,.52840906,.13259742,.051813472,.28963995
MEN'S CASUAL TROUSERS,510118,.52822578,.25738722,.092198581,.38021296
WOMEN'S CASUAL OUTER JACKET,510219,.52692306,.42083696,.26666668,.37940392
DIGITAL RADIO (DAB),630138,.52671754,.25044948,.0931677,.36429062
MEN'S PANTS/BOXER SHORTS,510402,.52564102,.32953954,.1423077,.21689305
BODY M'RISING LOTION 200-400ML,520252,.52499998,.40497637,.20952381,.28693408
MEN'S JUMPER OR SWEATSHIRT,510120,.52479339,.50660276,.19117647,.2419389
VODKA-70 CL BOTTLE,310403,.52409637,.082196958,.15789473,.16727316
TOOTHPASTE (SPECIFY SIZE),520209,.51999998,.62082601,.171875,.52798587
"HAT/CAP, ADULT",510434,.51898736,.73150617,.24666667,.40707874
FITTED BED SHEET,430224,.51778656,.26704395,.052631579,.27776638
PLAIN GLASS TUMBLER,430422,.51754385,.43290463,.104,.35739359
FRESH VEG-MUSHROOMS-PER KG,212520,.51558071,.25327876,.037037037,.19820175
PERFUME/FRAGRANCE MEN OR WOMEN,520234,.51376146,.25584379,.2265625,.27359465
WOMEN'S JEANS- BRANDED,510249,.51219511,.63865042,.30612245,.80101091
MAN'S HAIRCUT,520301,.5103448,.15295912,.071428575,.12574086
MASCARA,520223,.51006711,.16652603,.090361446,.24801941
RED WINE- EUROPEAN 75CL,310421,.50970876,.18317528,.24170616,.22216247
WOMEN'S LONG SLV TOP-NT BLOUSE,510223,.50950569,.65763921,.15957446,.54684508
EXERCISE CLASS UPTO 1HR,640222,.50806451,.11017136,.030864198,.070628352
BLUEBERRIES PUNNET OR PER KG,212733,.50757575,.30457798,.27051672,.22218013
HOME CARE ASSISTANT HRLY RATE,440128,.50746268,.13501543,.010869565,.027027028
SHAMPOO-250-400ML,520226,.50393701,.37842831,.34999999,.40166351
BOY'S JUMPER/SWTSHRT/CARDIGAN,510350,.50349653,.4493323,.2020548,.18966854
BREAKFAST CEREAL GLUTEN FREE,210219,.5029586,.34230191,.1627907,.076411337
TABLE LAMP,430322,.50270271,.41200787,.10810811,.42406747
WOMEN'S SWEATSHIRT,510261,.5,.30266625,.14239483,.53647894
WOMENS SHORT SLEEVE FORMAL TOP,510259,.4979592,.8887555,.19202898,.58623356
"BRA, CUP SIZE A-D RANGE",510407,.4979592,.39950037,.20149253,.25162718
MEN'S TIE,510419,.4973262,.36280051,.20103092,.54366851
WOMEN'S COAT - SEE HELP SCREEN,510250,.49532712,.50642252,,
WOMEN'S FORMAL JACKET,510208,.49532712,.30089927,.10992908,.26673406
TAMPONS-PACK OF 10-20,520206,.49238577,.17845728,.11518325,.13699692
BABY SLEEPSUIT LONG SLEEVE,510330,.49173555,.27850693,.14814815,.3336243
MALTED CHOCOLATE SWEETS,212228,.49152541,.12557855,0,
WALL HANGING MIRROR UPTO 1.5SQ,520132,.48823529,.29902306,.19617225,.12855905
MOISTURISER FACIAL 50-150ML,520215,.48780489,.7045458,.19047619,.58358985
WOMENS SHORT SLEEVE SPORTS TOP,510246,.48648649,.42629409,.13397129,.428794
"CANNED FISH, TUNA, 130G-200G",211207,.48333332,.16892134,.091603056,.10940605
SWEET POTATO PER KG OR EACH,212535,.48232323,.15766186,.12416852,.094228722
DRIED FRUIT - EG APRICOTS,212808,.47931033,.17085841,.049180329,.052784659
PORTABLE SPEAKER,630162,.47902098,1.7030685,.069306932,.23300527
LIGHT BULB SMART/WIFI,430541,.47852761,.36810488,.090361446,.54624361
GIRLS SKIRT FOR SCHOOL 5-13YRS,510336,.47807017,.29041311,.12,.50145215
COMPUTER GAME 1,630378,.47619048,.12307692,0,
RECORDABLE CD PRICE PER CD,630226,.47560975,.35720897,.096153848,.22486641
MEN'S FORMAL RDY-MADE TROUSERS,510117,.47499999,.37561694,.12867647,.21782815
PRE-PACKED SALAD 100-250G,212527,.47368422,.19189695,.27205881,.15808086
WOMEN'S NIGHTDRESS/PYJAMAS,510405,.47325101,.30398521,.15730338,.50541246
BOYS T-SHIRT 3-13 YEARS,510348,.47120419,.61889273,.13065326,.24710059
TROUSERS  FOR SCHOOL 5-13 YRS,510324,.47083333,.25620791,.11969112,.22175835
SECONDARY SCHOOL- CAFETERIA,220210,.47014925,.086941034,.26811594,.07963492
WOMEN'S TRAINING SHOES,510517,.47008547,.18679582,.090909094,.19833052
CHILD'S TRAINERS-SPORTS,510528,.46956521,.21813361,.099236645,.22046556
VENDING MACHINE - SOFT DRINK,220325,.46666667,.18370344,.14545454,.12449537
PRIVATE DENTAL EXAMINATION,520326,.46478873,.18203987,.038961038,.25544113
THEATRE ADULT EVES-FRONT STLLS,640212,.46031746,.26377943,.2962963,.33121294
BREAKFAST CEREAL 2,210214,.4601227,.37486562,.15346535,.15205657
COFFEE SACHETS PACK,213007,.45930234,.24939908,.115,.25646743
MEN'S TRAINING SHOE-SPORTSWEAR,510516,.45901638,.19704644,.09375,.20942758
KNITTING WOOL-DOUBLE KNIT-100G,510429,.45833334,.25070015,.1632653,.056142006
DUVET-DOUBLE TOG 10-13.5,430211,.45508981,.26540339,.09223301,.099969819
PLUMS PER KG/PACK,212726,.45338982,.47709647,.12686567,.23783651
ELECTRIC TOOTHBRUSH,430363,.45317221,1.1296873,.34210527,.42448878
"BAKEWARE, METAL, TRAY/ROASTING",430424,.45306122,.30408639,.16549295,.29659534
BATH SHEET,430228,.4529148,.36711609,.11877394,.1340985
JIGSAW MINIMUM 100 PIECES,630373,.45070422,.19324684,.1125,.16399139
HOT CHOCOLATE DRINK INSTANT,213005,.45026177,.20839311,.040540539,.1039362
FLOOR RUG STATE SIZE & MATERIA,430235,.44957983,.3962248,.15120275,.14506516
ROSE WINE-75CL BOTTLE,310425,.44705883,.16216291,.23423423,.224796
"SEEDS,PKT,SPEC VAR(SEASONAL)",630526,.44594595,.36972609,.1827957,.79447782
WINDSCREEN WIPER BLADES,610221,.44444445,.22093232,.075757578,.16266134
GRAPES-PER KG,212722,.44444445,.19903992,.20769231,.25075856
LAGER 10 - 24 CANS (440-500ML),310216,.44444445,.088438846,.2932331,.1041989
GRAPEFRUIT-EACH,212715,.44290659,.16912511,.16714698,.057697631
APPLES-DESSERT-PER KG,212717,.44239631,.16270582,.031620555,.23525995
PAIN KILLER TABLETS-16-24 PACK,520227,.44230768,.26465967,.065573767,.21071602
BRANDY 70CL BOTTLE,310405,.44036698,.12625663,.28099173,.19987787
ELECTRIC KETTLE - 1.5-1.7L,430307,.43850267,.48648766,.18309858,.32432628
WOMEN'S TIGHTS,510415,.4380531,1.5475633,.14574899,1.1305751
DIAMOND SOLITAIRE RING,520135,.43589744,.35053074,.083333336,.20940685
FRESH VEG-ONIONS-PER KG,212519,.43567252,.2003413,.159601,.14006646
DOMESTIC CLEANER HOURLY RATE,440101,.43478259,.14405382,.048611112,.15749727
PRESCHOOL ACTIVITY TOY,630341,.43434343,.29987431,.17910448,.36966401
LADY'S UMBRELLA -FOLDING,520103,.43382353,.16677177,.12578617,.23170152
ORANGES-CLASS 1-EACH,212709,.43235293,.27135143,.054404143,.37507021
"SLEEPING BAG, ADULT",630317,.43209878,.32980421,.17708333,.54444718
RE-USABLE BOTTLE/MUG ADULT,520142,.43076923,.33679453,.018518519,.23579542
"POPCORN, BAG, 10-30G",210218,.43065694,.25496036,.13178295,.32076362
WHITE WINE- EUROPEAN 75CL,310419,.4300518,.17366375,.065326631,.099666744
BOYS JEANS (5-13 YEARS),510328,.42798355,.3816334,.10344828,.51875347
DISH WASHER 12-15 PLACE SET,430356,.42657343,.3662467,.47777778,.11805132
GIN BOTTLE 70CL,310429,.42500001,.087171599,.1557789,.14724655
CHILD'S SOFT TOY/TEDDY BEAR,630332,.42201835,.39779523,.057553958,.21374951
BLU RAY DISC (FILM) FROM CHART,630233,.42105263,.52827382,.15000001,.44444445
LAGER 4 BOTTLES- PREMIUM,310215,.41975307,.12816504,.18518518,.18456998
MEN'S FOOTBALL BOOTS,630343,.41891891,.48114926,.07692308,.3475087
NON-NHS MEDICINE-PHYSIOTHERAPY,520313,.41463414,.095216937,.021739131,.076863877
GENT'S WATCH- ANALOGUE FACE,520131,.41401273,.36120647,.105,.11297674
LIQUID SOAP 200-300ML,520247,.41232228,.14783455,.11403508,.23693742
CHOCOLATE LARGE BAR 100-200G,212225,.40853658,.21106228,.16363636,.40580243
INFANT'S TROUSERS 0-2 YEARS,510351,.40625,.41737857,.099601597,.57246572
CONDITIONER FOR HAIR,520248,.40251571,.43288261,.20618556,.57353777
BASIC MANICURE,520331,.40243903,.22125158,.04040404,.14763513
PRIVATE HEALTH CLUB ANNUAL FEE,640226,.40186915,.17556393,.043478262,.1618924
EARRINGS- FASHION,520123,.40140846,.48136282,.060301509,.2950159
CARTON/BOX OF CHOCS 150-400GM,212218,.40000001,.40805462,.025641026,.078173965
GREETINGS CARD; STATE CODE,430526,.40000001,.19312112,.044280443,.11728939
CURTAINS READY MADE SP'FY SIZE,430236,.39869282,.71914744,.051282052,.64033222
BALL POINT,430503,.39784947,.28990021,.11627907,.39551562
POTTED SHRUB,630519,.39534885,.32456878,.068965517,.58340281
WOMEN'S PANTS,510406,.39473686,.35133004,.13358779,.31675008
PRIMARY SCHOOL- FIXED CHARGE,220209,.39097744,.065604053,.24264705,.059399921
SMALL TYPE ORANGES PER PACK/KG,212725,.39024389,.25938746,.090517238,.26741782
BEGINNER'S ACOUSTIC GUITAR,630342,.3888889,.19994582,.086956523,.11597946
AVOCADO PEAR-EACH,212710,.38601825,.31406242,.14736842,.21551469
CANVAS FASHION ADULT SHOE/TRAI,510535,.3859649,.41925871,.10096154,.38326338
SUGAR -GRANULATED-WHITE-PER KG,212101,.38235295,.17483395,.14718615,.062971368
HOME REMOVAL- 1 VAN,440123,.38144329,.30889678,.057142857,.18036264
INFANT'S JUMPR/SWTSHRT/CARDIGN,510352,.38056681,.33638045,.15830116,.50077718
BOOK - FICTION - HARD COVER,630435,.37878788,.18607542,.44230768,.24348757
HOURLY RATE FOR SOLICITOR,440254,.37878788,.15831038,.03846154,.18787879
BOOK-NON-FICTION-PAPER-BACK,630426,.37755102,.22824043,.13600001,.20507815
PRE-RECORDED DVD (NON-FILM),630229,.375,.93333334,0,
GIRLS FASHION TOP 12-13 YEARS,510340,.37430167,.45164686,.35260117,.42726719
FORTIFIED WINE  (70-75CL),310406,.37362638,.092148118,.29319373,.15903613
BASIC WILL FOR A SINGLE PERSON,440240,.37288135,.21938311,.01369863,.51351351
INDIGESTION TABLETS 16-24 PACK,520202,.37272727,.18309405,.009615385,.080321305
CARBON FIBRE FISHING ROD,630340,.37209302,.17349705,0,
PEARS-DESSERT-PER KG,212718,.37037036,.23873055,.047619049,.2386101
SUNSCREEN - SPEC SIZE/SPF,520235,.36842105,.32823926,.053333335,.38626373
NECKLACE FASHION APX 16/20 INS,520140,.36746988,.41318154,.042452831,.31331518
NON NHS CHIROPRACTOR,520332,.36567163,.13845745,.028169014,.22908553
FRUIT DRINK BOTTLE 4-8 PACK,212020,.36538461,.14680855,.094674557,.0526089
TOOTHBRUSH,520244,.36269429,.56852007,.081896551,.59866208
BOXED BOARD GAME: NOT TRAVEL,630309,.35833332,.15651107,.21428572,.43406621
BOOK-NON-FICTION-HARD-COVER,630425,.35779816,.23003048,.23571429,.47789329
CYCLE HELMET 12+ SPEC ROAD/MOU,620319,.35748792,.18059604,.1328125,.41156968
MINTS,212202,.35555556,.14390899,.037383176,.12500001
STERLING SILVER EARRINGS,520137,.35526314,.30031848,.045454547,.21744786
PHOTO FRAME,520136,.35416666,.38250539,.011764706,.10894822
MOBILE PHONE ACCESSORY,520141,.35233161,.40744853,.075000003,.66227782
ACTION CAMERA,630377,.35135135,2.2997169,.023255814,.36112115
LIVERY CHARGES PER WEEK,640240,.34736842,.088812284,.020408163,.063431859
POTATOES- BAKING PR KG,212311,.34154931,.24729604,.23952095,.13738173
SELF TANNING PRODUCT,520253,.33962265,.44180021,.17012449,.54947305
CAR BULB 12 VOLT SPECIFY WATTS,610237,.33653846,.56298757,.086956523,.15501893
RUM WHITE EG BACARDI 70CL BOTT,310427,.33333334,.13659821,.085427135,.16370778
GIRLS TROUSERS NOT DENIM 5-13,510344,.33050847,.42308739,.19140625,.7293272
"EVENT CATERING, SET MENU, COST",440121,.33000001,.22635256,.0092592593,.11764706
CEREAL BAR,210215,.32903227,.62400264,.24043716,.69007856
WINDOW-CLEAN 3-BED SEMI,440113,.32894737,.24844709,.017441861,.16913921
WOMENS LEGGINGS FULL LENGTH,510258,.32800001,.72391111,.086330935,.27449912
"TELEVISION 40"" OR LARGER",630160,.32692307,.62346959,.1754386,.17179844
PREMIUM POTATO CRISPS/CHIPS,212408,.32432431,.27175128,.2551724,.34444237
MENS 3/4 TO FULL LENGTH COAT,510130,.32380953,.41875556,,
LIQUID FOUNDATION 30-35ML,520243,.32278481,.22621633,.03888889,.23858662
BOOK FICTION P/BACK TOP 10,630439,.32121211,.28534186,.067708336,.12310375
PLAYGROUP FEES - PER SESSION,440129,.32038835,.18626156,.03875969,.26756498
POTATO CRISPS-INDIVIDUAL PACK,220310,.31884059,.1880755,.011583012,.21754387
GIRLS LEGGINGS 5-13 YEARS,510349,.31799164,.3613041,.081560284,.31936654
WASHING MACHINE REPAIR,440116,.31521741,.16236205,.026785715,.15581676
MENS SOCKS 1 PAIR,510413,.31441048,.33606559,.10116731,.2038237
CHOCOLATE 4,212211,.31395349,.15181972,.009615385,.029850718
PACKET OF PEANUTS 150-300G,212806,.30769232,.12958944,.016260162,.083918147
"SWEETS, NOT CHOC, 150-250G BAG",212224,.3046875,.33623081,.15068494,.51639116
CHILD MINDER - HOURLY RATE,440120,.30392158,.1711158,.030534351,.062348355
ANTIHISTAMINE ALLERGY TABLETS,520245,.30167598,.48583961,.12637363,.29098013
WOMENS SPORTSWEAR SHORTS,510254,.30147058,.52528793,.12101911,.28835827
PRE-RECORDED DVD (FILM),630228,.30000001,.42857143,.25,.55714285
LEMON EACH,212732,.2962963,.35632387,.094623655,.23743358
FABRIC ROLLER BLIND 120-180CM,430229,.2923077,.29952741,.021428572,.16677782
WHITE WINE- NEW WORLD 75CL,310420,.28999999,.39486766,.21559633,.13809228
FRUIT PASTILLES 2,212214,.28947368,.13658053,.010204081,.1666666
CAR PARK CHARGES,620315,.2857143,.23302712,.010416667,.056585647
CD ALBUM (NOT CHART),630231,.27272728,.78888887,0,
DIGITAL DEVELOPMENT PER PRINT,630359,.27173913,.56597531,.046728972,.25949287
RED WINE- NEW WORLD 75CL,310422,.26903552,.097853757,.20982143,.14965172
LIP GLOSS,520246,.26086956,.33658996,.13043478,.27167711
RAZOR CARTRIDGE BLADES,520241,.25842696,.17068848,.053571429,.31393075
BOTTLE OF MIXER 125-200ML,310306,.25345623,.17968115,.032258064,.092907436
CAR WASH HAND OR AUTOMATIC,610238,.25,.28074259,.029999999,.21794872
HOUSEPLANT,630507,.24603175,.74741524,.055555556,.31213292
"CAR MOT TEST FEE, VAT EXEMPT",610227,.24285714,.15488693,.019672131,.17266896
PORTABLE DIGITAL STORAGE DEVIC,630358,.23566879,.32312691,.071428575,.4248696
SHEET OF WRAPPING PAPER,430535,.23,.44070429,.020576132,.10809521
CHOCOLATE 10,212222,.22950819,.1226534,.012048192,.047058776
DAILY DISPOSABLE SOFT LENSES,520139,.21818182,.33901247,.024,.1000555
CONSTRUCTION TOY: SPEC KIT NO,630314,.21495327,.47892949,.26119402,.30121046
HEADPHONES/EARPHO SPECIFY TYPE,630156,.2,1.0611355,.11656442,.12898743
RICE MICRO POUCH/TRAY 220-280G,210217,.19004525,.13581252,.017167382,.61898732
CARPENTER HOURLY RATE,410518,.17045455,.24772377,.022727273,.16161619
BOOK ILLUSTRATED FOR UNDER 5,630434,.16030534,.19843027,.021276595,.19074869
SPECTACLE FRAMES WITH LENSE,520138,.14953271,.20376335,.025210084,.04365794
LIGHT BULB,430524,.13861386,.34639251,.047619049,.10444444
WEEKLY NANNY FEES,440126,.13333334,.28333333,.02631579,.25
"TELEVISION 39"" OR SMALLER",630159,.1262136,.13142037,.31906614,.15832892
DECORATOR-DAILY RATE;SPEC HRS,410517,.12380952,.21529116,.01904762,.10285614
PLUMBER-DAYTIME HOURLY RATE,410508,.12068965,.1702179,.049586777,.13291644
WATCH BATTERY REPLACEMENT,440131,.11278196,.97434968,.012195121,.038373683
PC REPAIR,440118,.10769231,.17883112,.00729927,.25
E-CIG REFILL BOTTL/CART 2-10ML,320124,.10752688,.71464741,.025,.11684002
ELECTRICIAN-DAYTIME RATE/HOUR,410509,.1,.13871455,.014285714,.12692308
SMALL CAGED MAMMAL,430623,.057971016,.47935838,0,
PET COLLAR DOG / CAT,430627,,,.10666667,.2119396
EXHAUST FITTING FAST FIT,610242,,,.125,.06165373
EGGS PER DOZEN OR 2 X 6 BOX,211604,,,.53846157,.13092157
SURFACE WIPES ANTIBACTERIAL,430542,,,.067567565,.32032776
CAR SEAT TODDLER/CHILD,620321,,,.31868133,.20538837
CHILDS PYJAMAS 3 - 13 YRS,510436,,,.19594595,.45396945
MENS FORMAL JACKET/BLAZER,510134,,,.24888889,.16908558
CHILDS SOCKS ONE PAIR UK9,510438,,,.12631579,.20180158
SPORTS BRA / CROP TOP,510435,,,.049180329,.22585374
CRAFT HOBBY KIT ADULT,630382,,,.11612903,.12239447
HERBS DRIED JAR 3 - 20G,212945,,,.24561404,.070543356
CIGARETTES 22,320126,,,.05882353,.027800012
BIN LINERS KITCHEN USE,430543,,,.16190477,.1031879
SAUSAGE MEAT FREE CHILLED PACK,212944,,,.23404256,.18782708
PULSES CAN 390 - 420G,212613,,,.16913946,.24257156
YORKSHIRE PUDDING FROZEN,212943,,,.20725389,.092166074
CLIMBING WALL SESSION,640244,,,.020833334,.2765958
CHILDS PANTS ONE PAIR 3 - 13,510437,,,.15254237,.21856819
BED ADULT SPECIFY SIZE,430144,,,.21455939,.24146283
