description,item_id,span,inflRank,upSh12m,upCh12m,upShLR,upChLR,upSh1m,upCh1m,date,nPrices,desc_short
KEROSENE - 1000L DELIVERED,420405,284,1,1,.93103719,.57443237,.24433544,.89041096,.096334144,416,73,
SHOP MILK-WHOLE MILK-4PT/2LTR,211709,392,2,1,.30222964,.43558228,.095144697,.089361705,.091887891,416,235,Whole milk
CHICKEN KIEV 2 PACK 240-325G,211026,92,3,1,.40079072,.30804724,.32021064,.37572256,.069108702,416,173,
HARD REGIONAL CHEESE PER KG,211509,224,4,1,.30764127,.43083432,.11208757,.25,.10821724,416,120,
H K LIVER PER KG STATE TYPE,211027,92,5,1,.39683416,.38969213,.2382367,.25333333,.27169764,416,75,
MILK SEMI-PER 2 PINTS/1.136 L,211710,392,6,1,.43561238,.43742216,.077921547,.1641791,.072095066,416,134,Semi-skimmed milk
BUTTER 250G SPEC COO,211306,116,7,1,.28158543,.43352631,.14460325,.35779816,.13428701,416,218,
WHOLEMEAL SLICED LOAF BRANDED,210113,224,8,.99130434,.19898047,.48540124,.12827989,.1953125,.13688405,416,128,
FROZEN BREAD/BAT FISH 400-550G,211211,152,9,.98843932,.22655264,.38184386,.20936051,.34031415,.18714209,416,191,
HAND ROLLING TOBACCO PACK 30GM,320206,320,10,.984375,.14765383,.94099045,.073961899,.043478262,.015116621,416,138,
CIGARETTES 8,320108,413,11,.98425198,.083364233,.99152589,.070804887,.0072463769,.080057174,416,138,Cigarettes
20 FILTER - OTHER BRAND,320122,176,12,.9765625,.064219393,.97542393,.06704323,.022222223,.039748739,416,135,
FISH & CHIPS TAKEAWAY,220301,414,13,.97560978,.2085001,.66502881,.084669024,.11340206,.069895826,416,97,"Fish and chips, takeaway"
JAR OF JAM-340-454G,212106,320,14,.97540987,.38092756,.39715427,.15292773,.11363637,.11795699,416,132,
LARGE LOAF-WHITE-UNSLICED-800G,210102,414,15,.97402596,.10321265,.52140337,.10251868,.1,.057373531,416,80,White loaf
CHILLED READY MEAL-MEAT-SERVS1,212936,164,16,.97142857,.20660973,.4571825,.15158282,.2857143,.066402756,416,112,
OLIVE OIL - 500ML - 1 LITRE,211408,188,17,.969697,.28844115,.41500625,.19510135,.27230048,.088910967,416,213,
WHITE SLICED LOAF BRANDED 750G,210111,224,18,.96946567,.1903712,.50936359,.13625306,.13669065,.101538,416,139,
DRY SPAGHETTI OR PASTA 500G,210204,414,19,.96832579,.47847816,.39144322,.25554883,.22270742,.18006125,416,229,Spaghetti
CIGARETTES 15,320115,248,20,.96062994,.080816269,.96888977,.057606291,.022556391,.055242915,416,133,
ROTISSERIE CHICKEN [WHOLE],210913,158,21,.95999998,.11923215,.4237732,.12231849,.037037037,.2,416,27,
MIXER DRINK BOTTLE 1L EG TONIC,212022,104,22,.95555556,.2410527,.3894684,.1741097,.21875,.16332436,416,224,
MINERAL WATER STILL 1.5-2L,212010,344,23,.95555556,.38560283,.32577997,.18626948,.27906978,.12337849,416,86,
CHILLED READY MEAL-FISH/VEG,212937,164,24,.954023,.22353271,.44158638,.1727556,.22857143,.076204807,416,105,
DOG FOOD-CAN-385-400GM,430613,320,25,.9528302,.52275485,.41465566,.10774969,.26457399,.071474329,416,223,
5 CIGARS: SPECIFY BRAND,320205,413,26,.95192307,.096610442,.95892841,.06486807,.025423728,.1777261,416,118,Cigars
PREMIUM LAGER - PINT 4.3-7.5%,310110,228,27,.95145631,.083073974,.76530248,.051776748,.077777781,.063153423,416,270,
WILD BIRD SEED PACK 500G-2KG,430625,104,28,.94444442,.28177696,.31531468,.5861094,.16964285,.17289393,416,112,
FRESH FISH-SALMON FILLETS-KG,211105,260,29,.94,.25086004,.45854303,.1900419,.17142858,.047555279,416,105,
A4 PRINTER PAPER (500 REAM),430527,176,30,.93805307,.30161127,.33147746,.21806696,.03846154,.093528062,416,130,
FRESH DOUBLE CREAM 250ML-300ML,211815,164,31,.93548387,.18946788,.49499997,.11484423,.29838711,.063349135,416,124,
CHEDDAR-HOME PRODUCED PER KG,211501,414,32,.93495935,.38275802,.51335281,.14365575,.2184874,.068318218,416,119,Cheddar
FLOUR-SELF-RAISING-1.5KG,210201,414,33,.93442625,.32959378,.38265198,.19736154,.16541353,.092986606,416,133,Flour
KITCHEN ROLL PK OF 2-4 SPECIFY,430533,224,34,.93333334,.39168277,.4617717,.25092024,.36274511,.18284261,416,102,
SPREADABLE BUTTER,211305,116,35,.93301433,.3297306,.43438676,.26200405,.51598173,.14897415,416,219,
MARGARINE/LOW FAT SPREAD-500G,211407,320,36,.92391306,.41024065,.4261044,.26197952,.39772728,.32385495,416,88,
"BAKED BEANS, 400-425G TIN",212603,414,37,.92354739,.40479434,.49809945,.1388469,.059999999,.081168242,416,350,Baked beans
CANNED SWEETCORN 198-340G,212608,414,38,.91935486,.26375037,.38895392,.12842362,.076305218,.1281292,416,249,Tinned sweetcorn
T'AWAY COOKED SAVOURY PASTRY,220327,55,39,.91558444,.11700569,.56163782,.093668222,.036842104,.091751963,416,190,
VARNISH-CLEAR GLOSS-750ML-1LTR,410621,356,40,.91452992,.16928028,.4642581,.16919158,.11811024,.10653853,416,127,
VODKA (PER NIP) SPECIFY ML,310302,405,41,.91079813,.11025976,.70648646,.074872315,.053956833,.042362329,416,278,Vodka shot
CANNED FRUIT-400-450G,212807,320,42,.91011238,.17473732,.37165084,.16954783,.41552511,.094854362,416,219,
PLAIN BISCUITS-200-300G,210302,414,43,.90178573,.25193363,.47792965,.15189077,.10655738,.07124532,416,122,Plain biscuits
MAYONNAISE 390-500G/420-540MLS,212930,260,44,.89898992,.3327502,.37607929,.20809706,.23039216,.26104328,416,204,
IN STORE CAFETERIA MEAL,220120,190,45,.89655173,.1785543,.53365493,.09259633,.023809524,.043154776,416,84,
ALUMIN COOKING FOIL 290-300MM,430505,413,46,.89130437,.30993685,.44724405,.23511139,.21666667,.12676218,416,120,Aluminium foil
GIN PER NIP,310316,24,47,.88837206,.11263849,.69063228,.1282436,.04964539,.042004015,416,282,
SPIRIT BASED DRINK 275ML,310309,252,48,.8874172,.10248289,.61488491,.061237991,.043689322,.056571271,416,206,
"MOWER ELECTRIC, SPECIFY TYPE",630520,172,49,.88709676,.29280829,.40626076,.24710552,.28125,.25984776,416,96,
BURGER IN A BUN EAT IN OR TAKE,220328,32,50,.88516748,.2005529,.5335539,.18578388,.16356878,.14219601,416,269,
FRESH WHITE FISH FILLETS KG,211101,321,51,.88461536,.13679318,.50365305,.17211211,.13043478,.083717704,416,115,
INDIVIDUAL MEAT PIE,211011,414,52,.88387096,.27441522,.45120269,.17509203,.20994475,.2443563,416,181,Meat pie
WHOLE SPONGE CAKE NOT FROZEN,210320,272,53,.88235295,.20837234,.40723097,.19708544,.23684211,.12609902,416,114,
HOME KILLED BEEF-LEAN MINCE KG,210403,414,54,.88235295,.16124253,.44853935,.1631314,.27014217,.079457693,416,211,Lean mince
FRESH VEG-CUCUMBER-WHOLE,212510,414,55,.8814016,.27470982,.41674083,.24342063,.0971867,.27391222,416,391,Cucumber
FRESH/CHILLED CHICKEN  PER KG,210905,403,56,.88095236,.25250873,.42746127,.15578896,.23699422,.10102052,416,173,Chicken
CREAM CRACKERS PACK 200G-300G,210301,414,57,.87719297,.21674681,.47750008,.15838794,.2248062,.19302881,416,129,Cream crackers
CANNED SOUP-390-425G,212910,414,58,.87692308,.38299778,.5151177,.11562571,.043165468,.2082728,416,139,"Soup, can"
LIQUEUR PER NIP   SPECIFY ML,310307,300,59,.87619048,.12007065,.62079245,.076253615,.046931408,.084830523,416,277,
TAKEAWAY CHICKEN & CHIPS,220326,128,60,.875,.17231625,.47511736,.11370569,.048780486,.044893358,416,82,
SMOKELESS FUEL 50KG,420103,413,61,.87301588,.29726616,.66618633,.07040593,.25555557,.14497367,416,90,Smokeless fuel
FROZEN BEEFBURGERS PACK OF 4,210414,368,62,.87179488,.17791206,.36144221,.27499944,.32499999,.12169406,416,120,Frozen burgers
CERAMI TILES 15X15-25X50CM BOX,410637,92,63,.87037039,.55498421,.35177436,.36144784,.19327731,.48136982,416,119,
FROZ VEG BURGER/GRILL 180-454G,212928,296,64,.87027025,.25518969,.33529809,.19528541,.24336283,.21775319,416,226,
TAKEAWAY COFFEE LATTE,220321,235,65,.86874998,.16680065,.5112204,.093117431,.15306123,.060772184,416,196,
BOTTLED PREMIUM LAGER 4.3-7.5%,310111,216,66,.86734694,.098613538,.67810881,.061291561,.060606062,.083600312,416,264,
KITCH WALL UNIT WIDTH 800-1000,430139,116,67,.86597937,.49106103,.54818469,.26406282,.24545455,.15551698,416,110,
LAGER - PINT 3.4-4.2%,310109,228,68,.86574072,.083129972,.74915451,.058468521,.050541516,.045467019,416,277,
"COLA DRINK, DIET 1.25-2LTR",212026,44,69,.86567163,.35723621,.47453219,.24983497,.27272728,.26544532,416,231,
YOGHURT-SMALL INDIVIDUAL,211814,164,70,.86554623,.2344307,.36973861,.18961798,.17355372,.1545056,416,121,
FRESH BONELESS CHICKEN BREAST,210910,236,71,.86503065,.22590542,.36881688,.12973638,.15000001,.069134809,416,200,
MELON EACH EG HONEYDEW,212731,92,72,.86413044,.37293231,.33295637,.23992653,.43548387,.19715822,416,186,
HK LAMB LOIN CHOP/STEAK PER KG,210506,92,73,.86274511,.21698666,.42817813,.14223368,.079831935,.081430309,416,238,
PROTEIN POWDER 900G-2KG,212940,92,74,.86206895,.35486001,.3594183,.33152601,.12820514,.19398756,416,156,
RESTAURANT MAIN COURSE,220128,72,75,.85823756,.13929376,.54143834,.084660687,.16369048,.078348853,416,336,
FROZEN CHIPS 900G-1.5KG,212405,368,76,.8581081,.37686682,.42543593,.23409206,.21052632,.25775674,416,323,Frozen chips
COOKED MEAT TURKEY/CHICK SLICE,211029,80,77,.85606062,.19101195,.40590501,.21432009,.19844358,.060980521,416,257,
COOK-IN SAUCE-JAR/CAN 350-520G,212923,356,78,.85600001,.36689115,.39322811,.22375223,.38059703,.14800331,416,134,
PAINT BRUSH-2INCH/5CM WIDTH,410607,413,79,.85585588,.33591735,.4210588,.16753113,.24369748,.0874492,416,119,Paint brush
POWDERED BABY FORMULA 400-900G,211816,152,80,.85492229,.13630669,.52270645,.12298289,.18316832,.13871834,416,202,
BACON-BACK-PER KG,210808,320,81,.85340315,.19056739,.39883578,.14458734,.28899083,.09362448,416,218,
"FRUIT SQUASH, 750ML - 1.5LT",212001,414,82,.85245901,.31944838,.44184494,.18371357,.27135679,.38216266,416,199,Fruit squash
MUFFIN/INDIVIDUAL CAKE,220124,170,83,.85106385,.20989798,.41301185,.1331521,.11627907,.083650745,416,172,
SANDWICH-TAKE-AWAY (COLD),220303,414,84,.85062242,.16497116,.4947457,.12952521,.074204944,.077934906,416,283,Sandwich takeaway
FRUIT JUICE NOT ORANGE 1L,212006,380,85,.85046726,.31150427,.36404485,.15232842,.11016949,.18188426,416,118,Fruit juice
COMPUTER GAME 3,630380,32,86,.85000002,.85545516,.46442094,.68757296,.42105263,.87127978,416,19,
DVD/BLU RAY PLAYER,630164,32,87,.8493976,.56606323,.44876134,.72019893,.080645159,.030859718,416,186,
COOKED HAM PREPACKED SLICED,211023,212,88,.847561,.195522,.43054861,.27863809,.46625766,.11565021,416,163,
SOFT CONTINENTAL CHEESE - KG,211511,128,89,.84020621,.29382032,.31542191,.22097388,.28909951,.14259295,416,211,
STAFF RESTAURANT MAIN COURSE,220214,406,90,.83870965,.31522501,.49467012,.18450561,.05882353,.10968585,416,51,Staff rest main course
PAINT GLOSS/EMUL 750ML-2.5LTR,410639,80,91,.83783782,.16920306,.52751267,.16145587,.2208589,.32506073,416,163,
PUB -HOT MEAL,220107,384,92,.83490568,.16826941,.52074456,.13985956,.044609666,.09702725,416,269,Pub meal
HOME KLD BEEF-RUMP/POPES STEAK,210406,414,93,.83435583,.1682743,.46152022,.14135493,.14285715,.0827232,416,196,Rump steak
BOTTLED MINERAL WATER,220117,204,94,.83333331,.10771019,.44593182,.11146334,.057142857,.035886806,416,245,
"MILK FLAVOURED, 180-500MLS/GMS",211713,104,95,.83243245,.37119928,.30321708,.42747936,.40782124,.49628714,416,179,
HOME KILLED PORK-LOIN CHOPS KG,210703,414,96,.83200002,.17391215,.45054296,.13424431,.43209878,.080783553,416,162,Pork loin
LEMONADE-2 LITRE BOTTLE,212008,356,97,.83177572,.35822046,.37697461,.20583764,.30508474,.11987142,416,118,
KITCH BASE UNIT WIDTH 800-1000,430119,402,98,.83168316,.47015935,.51336014,.32926241,.22580644,.15220995,416,124,Kitchen base unit
FIZZY BOTTLED DRINK 500ML,212017,212,99,.83157897,.089899123,.644014,.091135919,.14285715,.084601536,416,112,
ANNUAL BOOSTER INJECTION,430621,234,100,.8296296,.16361414,.55844992,.071158759,.072847679,.1018462,416,151,
SQUASH/TENNIS RACQUET,630357,200,101,.82857144,.21836115,.33881164,.51875007,.024390243,.28043726,416,82,
NON-DAIRY MILK DRINK 900ML-1LT,211714,68,102,.82857144,.17419283,.37991506,.20005064,.13917525,.1887069,416,194,
LEMONADE/COLA DRAUGHT,310311,216,103,.82499999,.12290832,.49514416,.10678029,.046332046,.087949596,416,259,
SIX BREAD ROLLS-WHITE/BROWN,210106,414,104,.81914896,.21567146,.44736934,.16076872,.10344828,.082370996,416,116,Bread rolls
HOT OAT CEREAL,210216,128,105,.81860465,.20831481,.34762454,.22201623,.062222224,.10233681,416,225,
SOFA BED,430140,413,106,.8174603,.39873993,.4646681,.32662272,.30405405,.24456654,416,148,Sofa Bed
CHILLED POT DESSERT 125-200G,211808,260,107,.81730771,.17911108,.35580033,.18067403,.15454546,.26452813,416,110,
HIGH CHAIR,430142,56,108,.81560284,1.5162171,.51326525,.61062932,.13235295,.11183354,416,136,
GAS COOKERS-SPECIFY MAKE & MOD,430414,343,109,.81512606,.14174159,.41721913,.19444415,.11320755,.14671759,416,106,Gas cooker
DRAUGHT STOUT PER PINT,310104,405,110,.81481481,.076286644,.80241174,.055475786,.054347824,.035183188,416,276,Stout
PLANT FOOD 800ML-2LT/500G-1.5K,630525,104,112,.81333333,.17327495,.41137868,.24059783,.033707865,.10743096,416,89,
FROZEN PRAWNS PER KG,211106,224,113,.8125,.16118608,.41313034,.21586418,.28703704,.039826669,416,108,
CHINESE TAKEAWAY,220319,248,114,.81188118,.12238573,.37612993,.068109185,.10619469,.057261236,416,113,
TAKEAWAY SOFT DRINK,220320,248,115,.8101266,.13879055,.49335641,.1216204,.090252705,.091491528,416,277,
WOODSCREWS STEEL/ZIN PLATED PK,410638,92,116,.80952382,.28455219,.43053818,.29425982,.28799999,.19734976,416,125,
TOILET ROLLS,430536,212,117,.80952382,.27642152,.46466696,.13376568,.29166666,.098266914,416,120,
HOUSEHOLD CLEANER CREAM/LIQUID,430509,413,118,.80924857,.44190937,.41784745,.2596525,.24873096,.268042,416,197,Bleach
DRIVING LESSON 1 HOUR,440105,410,119,.80459768,.12876345,.49844578,.078572392,.094786733,.086533144,416,211,Driving lesson
STRAWBERRIES PER KG OR PUNNET,212720,221,120,.80281693,.3632713,.43438959,.53073442,.52380955,.27073991,416,189,
PACK OF 5-6 INDIVIDUAL CAKES,210321,236,121,.80208331,.53436452,.49229905,.22186358,.375,.63362199,416,104,
MEAT BASED SNACK PACK MAX 400G,211030,68,122,.80102038,.19803733,.38305452,.2100354,.3611111,.13297975,416,216,
WOMENS SHOE,510533,140,123,.80000001,.50012541,.39181948,.42848364,.12432432,.26740295,416,185,
ELECTRIC COOKER,430304,413,124,.79699248,.22305442,.43444085,.19654357,.25333333,.083108477,416,150,Electric cooker
BOTTLE OF CHAMPAGNE 75 CL,310423,200,125,.79439253,.12310352,.54636341,.1530962,.27927929,.082284749,416,111,
LEATHER SETTEE,430137,212,126,.79411763,.32434589,.49018851,.29281765,.25170067,.19502801,416,147,
CRUMPETS PACK 6-9 SPEC NUMBER,210324,32,127,.79310346,.30292857,.37587088,.24908626,.075471699,.17714064,416,212,
POTATO CRISPS-MULTI-PACK,212404,403,128,.79288024,.30416051,.43091977,.18489534,.093373492,.13284813,416,332,"Crisps, multi-pack"
TEA BAGS-2-PACKET OF 240,211904,236,129,.79245281,.18554467,.39379555,.23489231,.32727271,.3185578,416,165,
QUICHE 340G-450G,212941,56,130,.7904762,.15657012,.41845307,.14298761,.033018868,.10170548,416,212,
BASMATI RICE 500G-1KG,210212,236,131,.7903226,.19058865,.35538417,.26990831,.11764706,.057723533,416,136,
CAT FOOD POUCH-IND-85G-100G,430624,164,132,.78703701,.25949928,.4115651,.18775286,.18803419,.091860518,416,117,
KEBAB- TAKEAWAY,220323,236,133,.78409094,.16657883,.40955037,.10444451,.03125,.11532759,416,96,
SAUSAGES-PORK-PER KG,211014,413,134,.78391957,.17333099,.48032799,.16024238,.10045662,.10522997,416,219,Sausages
SPEC'Y BEER BOTT 500ML 4-5.5,310220,92,135,.78199053,.10626669,.32122877,.12793137,.048543688,.082539991,416,206,
FRUIT JUICE BOTTLE 250-350ML,220125,156,137,.77889448,.085951135,.48871467,.071515374,.047430828,.05907004,416,253,
FRESH VEG-BROCCOLI-PER KG,212530,188,138,.77666664,.26569182,.44242746,.2639333,.28260869,.11903124,416,322,
FRESH/CHILL ORANGE JUICE 900ML,212016,236,139,.77611941,.23547167,.4303275,.15938076,.2857143,.29015702,416,140,
GAS FIRE,430413,343,140,.77551019,.20171709,.43184641,.15062883,.19178082,.15191974,416,73,Gas Fire
CHILDS SIT & RIDE TOY U'ER 5'S,630376,56,141,.77483445,.29579607,.53322005,.37932524,.084415585,.15261582,416,154,
DRIED POTTED SNACK 50-120G,212934,236,142,.77477479,.30368227,.35306653,.23469272,.16260162,.37858334,416,123,
TISSUES-LARGE SIZE BOX,520213,413,143,.77319586,.28358966,.47844142,.19388238,.21138212,.14107035,416,123,Tissues
"FLAVRD TEA 15-20 BAGS, 30-40G",211905,44,144,.77272725,.26250118,.35120642,.45788416,.076530613,.18701288,416,196,
MDF,410633,140,145,.76991153,.27438059,.55676216,.18477371,.085271321,.17910609,416,129,
FLAVOURED WATER BOTT 900ML-1.5,212024,68,146,.76923078,.25518131,.3940722,.21722724,.23157895,.14653324,416,190,
DRY CLEANING-MAN'S SUIT,440104,413,147,.76870745,.12633461,.55943644,.077211805,.081521742,.11541125,416,184,Dry cleaning
READY-MIXED FILLER-INT USE,410602,413,148,.76851851,.20123245,.44261321,.17592661,.23076923,.10881066,416,104,Ready-mix filler
DRAUGHT BITTER (PER PINT),310102,405,149,.76666665,.085629709,.76019377,.066572279,.055084746,.048444603,416,236,Bitter
"COLA DRINK, REG,BOTTLE,1.25-2L",212025,44,150,.76595747,.13290687,.47055408,.17918779,.15294118,.12164169,416,170,
BOOKCASE/FREESTAND SHELV UNIT,430133,236,151,.7647059,.30154938,.38451913,.41607648,.20588236,.22568588,416,204,
CIDER 4.5%-5.5% ABV PINT/BOTTL,310114,60,152,.76213592,.10904562,.63434213,.064233474,.055350553,.038654827,416,271,
CHILLED PIZZA EACH 300-600G,212939,92,153,.76129031,.20973678,.42932105,.28150997,.044692736,.11466667,416,179,
TEA -TAKE-AWAY,220305,413,154,.76073617,.18101884,.39750987,.15114067,.13366337,.072827868,416,202,"Tea, takeaway"
HOME OFFICE DESK,430138,200,155,.75925928,.22058484,.41311097,.33889186,.21621622,.16627923,416,148,
APPLES-COOKING-PER KG,212716,413,156,.75916231,.24547532,.43827477,.19345151,.033333335,.18169886,416,180,Cooking apples
BEEF ROASTING JOINT PER KG,210416,32,157,.75806451,.2446598,.54710042,.21482605,.25333333,.080769636,416,150,
FRZN READY-COOKD MEAL SERVES 1,212918,403,158,.75510204,.22990488,.33884364,.20759645,.059405942,.09459766,416,101,Frozen meal
MATTRESS- 3FT/90CM,430132,236,159,.75483871,.38339183,.40735564,.44440368,.23589744,.19313316,416,195,
COLD/FLU DRINK POWDER,520242,200,160,.75,.11969431,.39922592,.18295999,.090909094,.20228134,416,99,
HOTEL 1 NIGHT PRICE,640406,201,161,.75,.39031908,.42799956,.21861784,.41791046,.21942216,416,67,
BITTER-4CANS-440-500ML,310207,308,162,.75,.065302573,.41751805,.11248407,.12727273,.044181745,416,110,
FROZEN FISH FINGERS 8-12 PK,211210,224,163,.74766356,.37955597,.4580113,.22857028,.16666667,.2502161,416,228,
TOMATO KETCHUP BOTTLE 340-570G,212917,403,164,.74301678,.27620238,.49438709,.16446845,.14705883,.19721743,416,170,Tomato ketchup
INDIAN TAKEAWAY,220318,248,165,.74074072,.12953898,.30869243,.10171095,.070707068,.14124976,416,99,
FRIDGE/FREEZER SPEC CAPACITIES,430362,92,166,.73885351,.29981926,.56765443,.22952898,.25396827,.16561881,416,189,
FRYING PAN 24-30CM,430423,212,167,.73456788,.34865192,.41011727,.3593998,.099476442,.11672421,416,191,
FRESH TURKEY DICED/MIN PER KG,210914,32,168,.73333335,.20462987,.51645917,.31295598,.028571429,.24642859,416,35,
CANNED MEAT-STEWED STEAK,211007,414,169,.73267329,.12139244,.38986409,.14729032,.23913044,.090303548,416,92,Stewed steak
GOLF BALLS PRICE PER BALL,630345,224,170,.73255813,.25233901,.33009365,.3575066,.020833334,.1440756,416,96,
WALLPAPER PER ROLL,410629,212,171,.73239434,.17459285,.40524915,.37548661,.063157894,.27613103,416,95,
WASHING MACH NO DRYER MAX 1800,430361,92,172,.73239434,.14092055,.49449736,.22586682,.49166667,.13580796,416,240,
PINEAPPLE EACH,212728,128,173,.72932333,.27284592,.26455805,.28480092,.11678832,.055555571,416,137,
ICE CREAM 450ML-1L,212933,248,174,.72881359,.40219596,.34781262,.32101145,.19298245,.38474658,416,114,
CHOCOLATE COVERED ICE CREAM,212938,128,175,.72789115,.56773353,.32702404,.43055519,.16666667,.1572223,416,132,
KIWI FRUIT-EACH,212712,403,176,.72664362,.40009847,.37033981,.3191348,.052941177,.3561511,416,340,Kiwi Fruit
VEGETABLE CRISPS PACK 80-125G,212942,32,177,.72549021,.26978174,.29463616,.39602193,.13793103,.34938747,416,174,
FROZEN GARDEN PEAS 800G-1KG,212609,344,178,.7230047,.3050161,.34539652,.20495746,.24680851,.1267079,416,235,
SELF-DRIVE CAR HIRE BASIC 24HR,620307,356,179,.72282606,.59397912,.42730871,.23630223,.086124405,.2199432,416,209,
BOTTLE OF WINE 70-75CL,310315,336,181,.71936756,.11124473,.49781728,.10072363,.20731707,.070383377,416,328,
"DOG TREATS,SPEC,TYPE 70-400G",430626,44,182,.71621621,.31710455,.32358128,.47607765,.28061223,.28366184,416,196,
CHILDS BICYCLE,620317,212,183,.716129,.23166724,.49077785,.23626763,.11794872,.12606162,416,195,
CHEWING/BUBBLE GUM-SINGLE PK,212217,332,184,.7157895,.16465063,.44672742,.12497437,.12820514,.091776051,416,117,
STOUT - 4 CAN PACK,310219,128,185,.71515149,.11054716,.3465364,.13326153,.21857923,.051599804,416,183,
DOG KENNEL FEES DAILY CHARGE,430622,236,186,.71052629,.15811534,.51425081,.095058411,.091603056,.20174235,416,131,
FROZ CHICKEN NUGGETS 220-600G,211019,212,187,.70930231,.30054981,.27830458,.36230657,.35576922,.21700473,416,104,
COLA/FIZZY DRINK 330ML PK 4-8,212023,80,188,.70895523,.20152618,.4464274,.32322073,.13636364,.30470368,416,154,
"CAR TYRE, STATE SIZE",610204,413,189,.70833331,.2004986,.50228989,.15568398,.11111111,.10305899,416,153,Tyres
DISHWASHER TABLETS PACK 16-45,430538,92,190,.70779222,.21049538,.32612514,.43641013,.21808511,.60392463,416,188,
COOKED HAM LOOSE PER 100G,211031,56,191,.70642203,.11331861,.37467992,.16205466,.072580643,.10082106,416,124,
"YOGHURT/FROMAGE 4-6PK, 45-125G",211807,284,192,.70642203,.19813652,.36184147,.2541528,.18110237,.22522806,416,127,
CONTINENTAL SLICED DELI MEAT,211024,116,193,.7062937,.26705748,.26767775,.3389203,.23076923,.31290445,416,130,
BANANAS-PER KG,212719,413,194,.70414203,.096359409,.37166265,.16431355,.049350649,.12671062,416,385,Bananas
BOTTLE STILL WATER 500ML,212021,152,195,.70192307,.23068143,.36488324,.24453889,.32183909,.093047604,416,87,
POTTING COMPOST,630510,402,196,.70175439,.31080896,.30601096,.3594397,.16853933,.16131547,416,89,Compost
SCREWDRIVER,410625,308,197,.70161289,.20855927,.37250158,.30640018,.04255319,.21264094,416,141,
CARPET TUFTED MIN 80% WOOL FIB,430234,104,198,.69620252,.17707375,.46855322,.16331418,.14893617,.14612186,416,188,
CARPET TUFTED 100% MANMADE FIB,430233,104,199,.69565219,.19881757,.46274814,.2661362,.08421053,.27874291,416,190,
BISCUITS HALF CHOC 260-400G,210323,68,200,.69306928,.24003673,.32781443,.3576816,.37560976,.31216404,416,205,
FRESH VEG-CAULIFLOWER-EACH,212504,414,201,.69275361,.20599404,.42858222,.28955075,.10972568,.31172493,416,401,Cauliflower
ELECTRONIC EDUCATIONAL TOY,630368,116,202,.69135803,.41629982,.39604223,.41967258,.16756757,.23823427,416,185,
ELECTRIC HAIR STYLING APP,430351,152,203,.69078946,.47403097,.40075436,.57888538,.13114753,.85990912,416,183,
ELECTRIC COOLING FAN -SEASONAL,430359,60,204,.69047618,2.7810831,.39888874,.87394971,.035714287,.09809646,416,56,
VEGETABLE PICKLE 280-520G,212905,414,205,.68995631,.14460425,.50464004,.13736922,.12851405,.079574518,416,249,Vegetable pickle
POTATOES- OLD WHITE PER KG,212310,204,206,.6875,.31463242,.39381164,.30945483,.22933333,.15232353,416,375,
CANNED TOMATOES 390-400G,212601,414,207,.68506491,.16303864,.41860011,.23589164,.025423728,.22424796,416,354,Tinned tomatoes
RESTAURANT - SWEET COURSE,220122,192,208,.68401486,.16456489,.41940212,.10594304,.084084086,.075300574,416,333,
COUGH LIQUID BOTTLE 150-200MLS,520251,68,209,.68372095,.17220333,.31181467,.20090303,.023584906,.10302365,416,212,
BREAKFAST CEREAL 1,210213,200,210,.6836158,.25566673,.43075189,.22703379,.13736264,.26297244,416,182,
OIL PER LITRE-MULTIGRADE,610303,413,211,.68333334,.31929192,.47806585,.20218398,.10344828,.26371065,416,87,Car oil
FRESH VEG-TOMATOES-PER KG,212515,413,212,.68168169,.29522488,.4521392,.27484185,.27848101,.21789549,416,395,Tomatoes
PRE MIXED SPIRIT 250-330ML,310430,32,213,.68095237,.1302669,.338155,.11169661,.13901345,.057910636,416,223,
MEN'S T-SHIRT SHORT SLEEVED,510132,116,214,.67716533,.34254789,.30522585,.47737935,.18402778,.35897762,416,288,
COFFEE PODS PACK 8-16,213006,80,215,.67605633,.20650794,.3401905,.17953151,.38787878,.1424057,416,165,
"SETTEE,NON LEATHER - SEE HELP",430143,44,216,.67582417,.33350992,.55204803,.24249656,.21459228,.20119487,416,233,
SPARKLING WINE 75CL MIN 11%ABV,310426,140,217,.67512691,.14732726,.42546973,.18381494,.23923445,.16074681,416,209,
MONTHLY SELF STORAGE FEE,440127,212,218,.67307693,.23805496,.42359519,.18717512,.089285716,.16351271,416,112,
FRESH VEG-CARROTS-PER KG,212518,413,219,.67138809,.17733832,.41948819,.25272664,.19951923,.091555588,416,416,Carrots
DOUBLE WARDROBE,430101,413,220,.67021275,.34358841,.45575252,.30277026,.18932039,.26769903,416,206,Double wardrobe
FRESH VEG-COURGETTE-PER KG,212531,188,221,.66438359,.35587415,.3645933,.25761914,.15479876,.28810638,416,323,
HONEY JAR/BOTTLE 340G-454G,212107,104,222,.66169155,.20022374,.30476552,.22802643,.16444445,.10006973,416,225,
DEODORANT/ANTI PERSPI 50-250ML,520216,413,223,.66129035,.46319479,.41215634,.27326962,.20634921,.59368968,416,126,Deodorant
TEA BAGS PKT OF 80 (230G-250G),211901,414,224,.66129035,.25112563,.42663357,.16710132,.21323529,.28232598,416,136,Tea bags
DINING TABLE & 2-6 CHAIRS,430141,68,225,.66037738,.31432119,.48794889,.36814448,.2081448,.19637586,416,221,
WOMENS HIGHLIGHTING,520311,336,226,.65909094,.12949795,.47146955,.11015783,.055555556,.072148889,416,180,
FRESH VEG-LETTUCE-ICEBERG-EACH,212511,414,227,.65909094,.30469698,.43515211,.26207581,.10666667,.16392405,416,375,Lettuce
MEN'S FORMAL SHIRT-LONG SLEEVE,510109,412,228,.65822786,.36330357,.32502073,.36113095,.11743772,.17927834,416,281,Mens shirt
MENS JACKET/COAT,510104,413,229,.65725809,.554654,.41878673,.4762179,.25283018,.35634026,416,265,Mens jacket
RASPBERRIES PUNNET OR PER KG,212734,56,230,.655303,.26289964,.36838821,.55890739,.13905326,.16649297,416,338,
WASHING UP LIQUID 380-900ML,430507,413,231,.65476191,.64274347,.42170984,.17298344,.13259669,.30720055,416,181,Washing up liquid
CAR REPAIRS MAIN DEALER,610235,200,232,.65454543,.13679336,.49285984,.092262544,.057971016,.10185575,416,69,
WOMEN'S HRDRESSING-CUT/BLOWDRY,520303,405,233,.65185183,.11748284,.54471463,.10221884,.060439561,.09965951,416,182,Womens hairdressing
LUGGAGE TROLLEY CASE - 60-70CM,520134,212,234,.6511628,.492672,.4296194,.38143191,.16981132,.64707786,416,53,
COFFEE-INSTANT 90 -100G JAR,213003,414,235,.65053761,.46042249,.39900374,.14591448,.24630542,.33978021,416,203,Instant coffee
CUT FLOWERS-CARNATIONS-STEM,630518,260,236,.65048546,.26018134,.31687438,.23325646,.1,.23889793,416,120,
BRAND CHOC SWEETS 90-185G BAG,212223,128,237,.64935064,.26032498,.25488144,.43835354,.067708336,.2110202,416,192,
FUNERAL-CREMATION,440227,296,238,.64930558,.089670442,.76642245,.103129,.10508475,.046823192,416,295,
PIZZA TAKEAWAY OR DELIVERED,220316,272,239,.64835167,.12658708,.37234804,.13233982,.20175439,.11051437,416,114,
WOMEN'S JUMPER,510212,413,240,.6479401,.48802599,.42776626,.46466175,.22033899,.58025914,416,295,Womens jumper
MODEL RD VEHICLE EG HOT WHEELS,630313,413,241,.64601767,.20671827,.3262938,1.0727659,.094202898,.12901577,416,138,Model car
FRUIT FRESH SNACKING 150-350G,212730,104,242,.64516127,.31070119,.24712376,.30544052,.12796208,.10265361,416,211,
CLEAR STICKY TAPE,430525,284,243,.64429528,.26442075,.3088212,.38445258,.082901552,.28838056,416,193,
SOLID GOLD RING 9CT,520130,236,244,.64285713,.17559239,.4708342,.30148718,.060606062,.090290889,416,165,
"CHEESE SPREAD, 125g-200g TUB",211506,296,245,.64130437,.48803318,.36580303,.2268514,.33980581,.25862256,416,103,
WOMEN'S JEANS- OWN BRAND,510248,224,247,.640625,.24008721,.31988326,.35334045,.13120568,.2795909,416,282,
WHISKY (PER NIP) SPECIFY ML,310301,405,248,.64018691,.091121107,.69440436,.076004565,.042704627,.040846758,416,281,Whiskey nip
BACON-GAMMON-PER KG,210802,414,249,.63999999,.11526576,.43034419,.15691315,.14117648,.095252246,416,170,Gammon
BLACK INKJET CARTRIDGE,430530,236,251,.63803679,.16286564,.44661239,.21957581,.060606062,.1269657,416,198,
CHILDS SCOOTER AGE 5-12 YEARS,630374,68,252,.63768119,.28997868,.46932036,.3464388,.035294119,.099860549,416,170,
ELECTRIC RAZOR,430321,284,253,.63736266,.47925174,.4398517,.47819024,.24719101,.33468243,416,89,
CD ALBUM (TOP 40),630230,175,254,.63636363,.32244897,.35940656,.30038923,.25,.15000001,416,12,
BLEACH 750ML,430529,236,255,.63414633,.29367045,.36699489,.17007028,.25362319,.14837252,416,138,
CHILLED GARLIC BREAD,210114,152,256,.63184083,.33264145,.32420275,.31047845,.14414415,.28604737,416,222,
COMPUTER GAME 2,630379,32,257,.63157892,.67902452,.46752015,.72233355,.5,.81312656,416,16,
POWER DRILL-HAMMER ACTION,410614,413,258,.63063061,.23379517,.38758036,.28924748,.18796992,.36845449,416,133,Power drill
BABY WIPES 50-85,520249,128,259,.63005781,.22021633,.29719424,.3145957,.11229946,.45781776,416,187,
MENS CASUAL S/SLEEVE TOP,510113,356,260,.62704921,.28865498,.36541563,.44802126,.16606498,.21194448,416,277,
MENS JEANS,510106,413,261,.62548262,.22903678,.35438192,.29657751,.090277776,.25794011,416,288,Mens jeands
ARMCHAIR -UPHOLSTERED,430104,413,262,.625,.24769883,.47938541,.25203142,.20444444,.23614819,416,225,Armchair
"SMALL SAUCEPAN,MILK",430407,413,263,.625,.46525937,.36842364,.42986119,.056451611,.28487605,416,124,Small saucepan
CAR REPAIRS LOCAL GARAGE,610236,200,264,.62162161,.1267478,.37011987,.1263044,.043010753,.067822456,416,93,
FABRIC CONDITIONER 500ML-1.5LT,430531,224,265,.62162161,.2752634,.41746897,.31300354,.19354838,.27440161,416,124,
"DINNER PLATE, APPROX DIAMETER",430425,44,266,.62135923,.37579501,.33868894,.43215689,.071428575,.41307634,416,252,
VACUUM CLEANER,430355,140,268,.6201117,.28241318,.45374721,.340969,.13963965,.14071462,416,222,
WOMANS BOOTS,510529,210,269,.6201117,.33594492,.40479836,.49621251,.10869565,.20824012,416,184,
WOMENS BLOUSE/SHIRT 1,510206,413,270,.61923075,.52001846,.4106608,.46300271,.18213059,.35321584,416,291,Womens blouse
LAGER 10-24 BOTTLES 250-330ML,310217,176,271,.61904764,.14867865,.41445157,.19803387,.24242425,.11107772,416,66,
FIZZY ENERGY DRINK 250-500ML,212015,260,272,.61616164,.12169768,.43148461,.13276318,.040983606,.084202774,416,122,
P'PARED MASHED POTATO 400-650G,212409,56,273,.61538464,.26002303,.27274749,.20496647,.14052288,.20141356,416,306,
MEN'S CLOTHING HIRE- SEE HELP,440132,96,274,.61403507,.22988293,.32395622,.12645936,.056338027,.20888062,416,71,
CORN SNACK SINGLE PACK MAX 50G,210211,260,275,.61363637,.18308346,.52429521,.17006829,.087499999,.11589043,416,80,
CRAFT KIT FOR CHILD 5 YRS+,630365,140,276,.61313868,.21964452,.39272809,.48189268,.14102565,.12250944,416,156,
WOMEN'S SWIMWEAR,510409,272,277,.6122449,.29902905,.38815615,.34172979,.041666668,.37576783,416,168,
CHOCOLATE 12,212226,68,278,.61194032,.23575619,.23852673,.23272441,.19480519,.25425288,416,154,
WOMENS BLOUSE / SHIRT 2,510257,140,279,.61048687,.42224917,.40867573,.53694534,.21428572,.47222564,416,294,
MENS SHOE FORMAL STYLE,510501,413,280,.60909092,.25145829,.40357715,.25385371,.10894942,.10883383,416,257,Mens formal shoe
SELF-DRIVE VAN HIRE,620303,413,281,.60849059,.15744033,.41551653,.1568653,.053278688,.10003478,416,244,Van hire
WOMENS DRESS -CASUAL/FORMAL,510245,248,282,.60754716,.47279996,.42343974,.53357708,.31034482,.5982331,416,290,
HAIR GEL 150-200ML,520237,236,283,.60683763,.19511439,.33024055,.23210306,.23529412,.19719976,416,136,
STAFF RESTAURNT HOT SNACK ITEM,220208,264,284,.60606062,.43952784,.40529078,.29440302,.040816326,.04494885,416,49,
HIRE OF DOMES CARPET CLEANER,410632,164,285,.60526317,.10446152,.36549389,.17401619,.010526316,.13043478,416,95,
WOMEN'S SHOWERPROOF JACKET,510256,200,286,.60504204,.35870475,.4478344,.53957516,.19117647,.61172116,416,136,
WOMENS BASIC PLAIN T-SHIRT,510215,379,287,.60323888,.36502516,.35341436,.53079581,.11267605,.43431985,416,284,Womens t-shirt
MENS OFFICIAL FOOTBALL SHIRT,510127,236,288,.60240966,.42992616,.46632969,.41775662,.11340206,.83928633,416,97,
COFFEE TABLE,430120,402,289,.60227275,.34954029,.39638242,.35913256,.1952381,.21216513,416,210,Coffee table
NURSING HOME,520325,248,290,.60215056,.11210787,.60694146,.11630135,.10769231,.12362428,416,130,
JOINT OV/READ GAM/POR 450-900G,211025,92,291,.60176992,.24852626,.37568429,.2132515,.04225352,.069332585,416,142,
SHOWER HEAD,410631,188,292,.60000002,.32524467,.42882821,.34651801,.14285715,.1882786,416,133,
GARDEN SPADE,630505,413,293,.60000002,.71444935,.36488819,.2758356,.01923077,.18998349,416,104,Garden spade
BOY'S SHOES,510507,413,294,.5990566,.15782461,.39925864,.24254341,.12272727,.084526882,416,220,Boys shoes
MEN'S TRACKSUIT/JOGGIN BOTTOMS,510122,308,295,.5959596,.26918623,.36261007,.27643809,.08372093,.49212986,416,215,
APPLE CIDER 4 CAN PK 440-500ML,310221,68,296,.59523809,.095124416,.35359815,.12510295,.27272728,.1015716,416,220,
MINICAB FARE FOR 2 MILES,620308,332,297,.59523809,.33448783,.33786771,.18787967,.096774191,.15865454,416,124,
WALKING/HIKING BOOT,510534,128,298,.5945946,.17886996,.42907256,.26682922,.074626863,.54889208,416,134,
FOOTBALL,630336,248,299,.59405941,.25522113,.36902365,.40420368,.024193548,.24535695,416,124,
PHONE NT MOBILE(SPEC DIG/ANAL),430323,248,300,.5933333,.82195181,.34576386,.42939162,.03164557,.29923159,416,158,
PARMESAN CHEESE-PER KG,211510,164,301,.59292036,.13834752,.40050408,.12547649,.079999998,.086957902,416,125,
PLASTIC FOOD STORAGE CONTAINER,430418,308,302,.5925926,.45923164,.33000594,.44666705,.12751678,.11281339,416,149,
SWIMMING POOL ADM STND ADULT,640219,344,303,.5925926,.066842601,.73917997,.078514844,.023529412,.068004847,416,170,
"WOMEN'S SHOES-FLAT MAX 1"" HEEL",510530,224,304,.59024388,.22639628,.35340345,.36124524,.2519685,.23204146,416,254,
PORTABLE DIGITAL MUSIC PLAYER,630165,32,305,.59016395,.31772587,.4377138,.33431742,0,,416,61,
WOMEN'S VEST/STRAPPY TOP,510244,260,306,.58995813,1.1801337,.34222358,.73430842,.16728625,.66379839,416,269,
DRYCELL BATTERY 4 PACK EG AA,430539,56,307,.58928573,.7657218,.31214941,.2531344,.0089686103,.29411766,416,223,
RESTAURANT CUP OF COFFEE,220121,192,308,.58898306,.15385449,.38815853,.11083554,.043343652,.14798857,416,323,
CAR SERVICE- LOCAL GARAGE,610231,224,309,.58823532,.18394221,.44672421,.17636105,.090909094,.097977288,416,88,
SCISSORS - HOUSEHOLD,430409,413,310,.58823532,.53941953,.30501691,.49541715,.14285715,.33346164,416,105,Scissors
WOMEN'S CARDIGAN,510233,284,311,.58801496,.520289,.37279502,.45767939,.1423611,.60933822,416,288,
DOOR HANDLE-PACK FOR ONE DOOR,410611,413,312,.58474576,.22278111,.40961462,.23387431,.0390625,.10168953,416,128,Door handle
GIRLS JACKET (5-13 YEARS),510347,140,313,.58431375,.502855,.44415694,.44712809,.26978418,.51609117,416,278,
RESIDENTIAL HOME,520324,248,314,.58333331,.11677647,.64194775,.084425144,.078014188,.14405595,416,141,
LADIES HAND/SHLDER BAG,520109,402,315,.5826087,.32788482,.42317224,.44512331,.1632653,.2686497,416,147,Ladies handbag
MENS BASE LAYER TOP LONG/SHORT,510433,68,316,.5825243,.39501923,.40612781,.46058685,.12605043,.45811653,416,119,
POTATO CRISPS 25G-50G,212402,414,317,.58095241,.08423318,.56686372,.10550044,.036036037,.058034167,416,222,Crisps
POTATOES-NEW-PER KG,212309,300,318,.58024693,.2849001,.4593091,.44090715,.13793103,.25280192,416,377,
"WINE, PER 175 - 250 ML SERVING",310310,228,319,.57943922,.10834085,.58933604,.093498886,.047272727,.076128446,416,275,
PUSHCHAIR/STROLLER,620304,413,320,.57894737,.2004011,.46129483,.34903976,.17204301,.041959975,416,93,Pushchair
FRESH VEG-PEPPERS -LOOSE OR KG,212532,176,321,.57865167,.30076519,.34909204,.34998131,.23923445,.11038482,416,418,
CIDER FLAVOURED BOTT 500-568ML,310222,68,322,.57819903,.16898148,.27160409,.11840506,.09049774,.055387281,416,221,
WHEEL ALIGNMENT,610241,44,323,.578125,.11088271,.23058952,.16167577,.035714287,.12432327,416,84,
NURSERY FEES: CHILD 0-4,440232,259,324,.57692307,.092033185,.63832593,.09099856,.046052631,.10860568,416,152,
WHISKY-70 CL BOTTLE,310401,413,325,.57692307,.10177584,.48892075,.092864104,.13274336,.14241864,416,113,Whisky bottle
CHEST OF DRAWERS,430127,296,326,.57485032,.30549449,.4684937,.28761154,.23902439,.20966315,416,205,
CHILD'S PLASTIC DOLL,630312,413,327,.57462686,.23430429,.38760385,.4365938,.13725491,.1932936,416,153,Doll
HOUSE CONVEYANCING,440249,201,328,.57364339,.17586231,.45057002,.13151327,.043165468,.094848573,416,139,
BOOK - TEENAGE FICTION,630437,128,329,.5726496,.16954254,.2710278,.21941923,.10067114,.19814397,416,149,
MEN'S BRANDED SPORT SWEATSHIRT,510128,224,330,.57258064,.26582101,.41335428,.36288723,.2013889,.45387378,416,144,
FLOWER VASE,520118,320,331,.5714286,.52785414,.34189039,.50417036,.02631579,.14430034,416,152,
GIRL'S SHOES SCHOOL,510508,413,332,.5714286,.14777981,.40277255,.26073796,.047413792,.1669683,416,232,Girls shoes
FRESH VEG-CABBAGE-WHOLE-PER KG,212516,413,333,.570997,.31793118,.38412678,.31900024,.063829787,.13710016,416,376,Cabbage
ELECTRIC IRON,430317,285,334,.56953645,.29097232,.40077567,.32520443,.10365853,.1777755,416,164,
CONDOMS PACK OF 3-14,520230,284,335,.56756759,.13545817,.32422027,.4003388,.13846155,.12946895,416,130,
CINEMA POPCORN,220324,201,337,.56716418,.22206925,.60231352,.065041453,.048192769,.071120679,416,83,
WOMEN'S SKIRT: CASUAL,510237,260,338,.56680161,.62647897,.41976115,.52007234,.27636364,.50992209,416,275,
VEGETABLE STIR FRY FRESH PACK,212533,116,339,.56544501,.220571,.17670745,.21242668,.11111111,.12452046,416,189,
DUVET COVER,430216,380,340,.56435645,.34837502,.34023473,.37039617,.075221241,.23690213,416,226,Duvet cover
HOME-BUYERS SURVEY-RSDNTL PPTY,440226,273,341,.56410259,.13421799,.4648906,.15508433,.047619049,.072554708,416,84,
"DISP NAPPIES, SPEC TYPE, 20-60",520219,413,342,.5625,.19295581,.30758831,.31095022,.28431374,.16153441,416,204,Disposable nappies
MULTI-VITAMINS CAPSULES/TABLET,520222,368,343,.55855858,.19953565,.29315281,.36363986,.18897638,.12937981,416,127,Multivitamins
"PEANUT BUTTER, JAR, 225-350G",211409,44,344,.55778897,.12313295,.41775224,.46014452,.18229167,.33660787,416,192,
CHILD'S BABY DOLL,630347,212,345,.55555558,.38921267,.39646012,.41847172,.096296296,.26672247,416,135,
LADY'S SCARF,510432,332,346,.55491328,.37350258,.37183425,.58146137,.2,.54783982,416,195,
SOFT PLAY SESSION TIME PERIOD,640243,44,347,.55462188,.15042838,.36464244,.12199432,.044117648,.11438575,416,136,
ADULT BIKE,620318,212,348,.55319148,.1905624,.48220959,.23481157,.091891892,.11878408,416,185,
WOMEN'S SANDALS,510506,413,349,.55147058,.41577545,.41093743,.4463585,.22988506,.78416574,416,174,Womens sandals
SHOWER GEL 150-250ML,520238,236,350,.54929578,.48699865,.28151387,.44119206,.17449665,1.0314945,416,149,
MEN'S JUMPER-KNITTED,510108,413,351,.5487805,.35633495,.4112961,.407112,.3125,.32423702,416,256,Mens jumper
PLASTERS-20-40 PACK,520228,308,353,.54639173,.20126519,.3086116,.21823063,.38211381,.14871716,416,123,
STAINLESS STEEL CUTLERY SET,430419,260,354,.54609931,1.1128592,.31511512,.45598865,.12804878,.080302186,416,164,
ANIMAL CAGE (E.G FOR GERBIL),430617,248,355,.54545456,.22823401,.35372785,.25647244,.020833334,.11071429,416,96,
WOMENS EXERCISE LEGGINGS,510260,56,356,.54128438,.32375839,.3859365,.32398966,.13389121,.21270569,416,239,
TEN-PIN BOWLING PER GAME,640224,259,357,.54098362,.078129835,.48548216,.10848246,.045112781,.039084591,416,133,
"CHILDS BOOK, FICTION 6-12YRS",630440,44,358,.54074073,.38053593,.40905166,.31820109,.15243903,.58286262,416,164,
WASHING LIQUID 800ML/1.5LTR,430540,44,359,.53846157,.26584119,.35708079,.36714721,.19512194,.24789825,416,164,
WOMENS HAIR COLOURANT 60-140ML,520236,248,360,.53636366,.13115376,.34285128,.17814898,.11811024,.15976092,416,127,
MEN'S SHOE CASUAL STYLE,510515,308,361,.53631288,.28052127,.35813573,.32265317,.070833333,.44465503,416,240,
CREAM LIQUER 70CL-1LT 14-20%,310428,80,362,.53448278,.18538551,.30543032,.2149604,.082051285,.26838759,416,195,
WOMEN'S TROUSERS-CASUAL,510235,260,363,.53383458,.34456652,.3995555,.47055948,.1462585,.49573684,416,294,
MENS CASUAL SHIRT,510131,140,364,.53174603,.43220484,.37604937,.4287965,.18505338,.29531842,416,281,
MENS BRANDED T-SHIRT,510126,248,365,.53174603,.30762598,.36927134,.34199312,.083333336,.2116323,416,144,
WOMEN'S SKIRT: WORK/FORMAL,510238,260,366,.5316456,.44601226,.36567345,.52870196,.17948718,.4990581,416,273,
WOMEN'S TROUSERS-FORMAL,510236,260,367,.53012049,.43057784,.31895787,.44462633,.15463917,.44272172,416,291,
CAR SERVICE- MAIN DEALER,610232,224,368,.52941179,.22967677,.52150756,.17637213,.030303031,.14005603,416,66,
NAIL VARNISH BOTTLE 6 - 14mls,520250,80,369,.52840906,.13259742,.26699418,.39186573,.051813472,.28963995,416,193,
MEN'S CASUAL TROUSERS,510118,308,370,.52822578,.25738722,.32233,.38376004,.092198581,.38021296,416,282,
WOMEN'S CASUAL OUTER JACKET,510219,308,371,.52692306,.42083696,.40859494,.51618606,.26666668,.37940392,416,285,
DIGITAL RADIO (DAB),630138,188,372,.52671754,.25044948,.37487769,.3292045,.0931677,.36429062,416,161,
MEN'S PANTS/BOXER SHORTS,510402,413,373,.52564102,.32953954,.32396317,.36771229,.1423077,.21689305,416,260,Mens pants
BODY M'RISING LOTION 200-400ML,520252,56,374,.52499998,.40497637,.35347596,.5215171,.20952381,.28693408,416,210,
MEN'S JUMPER OR SWEATSHIRT,510120,308,375,.52479339,.50660276,.38979328,.45535037,.19117647,.2419389,416,272,
VODKA-70 CL BOTTLE,310403,413,376,.52409637,.082196958,.47651699,.090069741,.15789473,.16727316,416,190,Vodka bottle
TOOTHPASTE (SPECIFY SIZE),520209,413,377,.51999998,.62082601,.42822719,.29050457,.171875,.52798587,416,128,Toothpaste
"HAT/CAP, ADULT",510434,44,378,.51898736,.73150617,.40134922,.64837998,.24666667,.40707874,416,150,
FITTED BED SHEET,430224,308,379,.51778656,.26704395,.27591559,.27093658,.052631579,.27776638,416,285,
PLAIN GLASS TUMBLER,430422,224,380,.51754385,.43290463,.2684218,.75647658,.104,.35739359,416,125,
FRESH VEG-MUSHROOMS-PER KG,212520,413,381,.51558071,.25327876,.34999561,.17598832,.037037037,.19820175,416,405,Mushrooms
PERFUME/FRAGRANCE MEN OR WOMEN,520234,260,382,.51376146,.25584379,.42982477,.23966755,.2265625,.27359465,416,128,
WOMEN'S JEANS- BRANDED,510249,224,383,.51219511,.63865042,.36696249,.40210128,.30612245,.80101091,416,98,
MAN'S HAIRCUT,520301,405,384,.5103448,.15295912,.45121759,.14004685,.071428575,.12574086,416,182,Mens haircut
MASCARA,520223,356,385,.51006711,.16652603,.3989512,.20871203,.090361446,.24801941,416,166,
RED WINE- EUROPEAN 75CL,310421,224,386,.50970876,.18317528,.47408962,.17511708,.24170616,.22216247,416,211,
WOMEN'S LONG SLV TOP-NT BLOUSE,510223,308,387,.50950569,.65763921,.40748906,.63756812,.15957446,.54684508,416,282,
EXERCISE CLASS UPTO 1HR,640222,312,388,.50806451,.11017136,.60036552,.085666582,.030864198,.070628352,416,162,
BLUEBERRIES PUNNET OR PER KG,212733,56,389,.50757575,.30457798,.36006239,.72064126,.27051672,.22218013,416,329,
HOME CARE ASSISTANT HRLY RATE,440128,212,390,.50746268,.13501543,.4925009,.095733263,.010869565,.027027028,416,92,
SHAMPOO-250-400ML,520226,320,391,.50393701,.37842831,.35238919,.35602048,.34999999,.40166351,416,140,
BREAKFAST CEREAL GLUTEN FREE,210219,32,393,.5029586,.34230191,.24033886,.2858724,.1627907,.076411337,416,172,
TABLE LAMP,430322,260,394,.50270271,.41200787,.35439846,.62540925,.10810811,.42406747,416,222,
WOMENS SHORT SLEEVE FORMAL TOP,510259,80,396,.4979592,.8887555,.4112924,.60765755,.19202898,.58623356,416,276,
"BRA, CUP SIZE A-D RANGE",510407,413,397,.4979592,.39950037,.38335723,.29540673,.20149253,.25162718,416,268,Bra
MEN'S TIE,510419,413,398,.4973262,.36280051,.2588526,.41479358,.20103092,.54366851,416,194,Mens tie
WOMEN'S COAT - SEE HELP SCREEN,510250,117,399,.49532712,.50642252,.45525447,.45381027,,,416,0,
WOMEN'S FORMAL JACKET,510208,413,400,.49532712,.30089927,.39710352,.43427649,.10992908,.26673406,416,282,Womens jacket
TAMPONS-PACK OF 10-20,520206,413,401,.49238577,.17845728,.39336747,.19531296,.11518325,.13699692,416,191,Tampons
BABY SLEEPSUIT LONG SLEEVE,510330,248,402,.49173555,.27850693,.3110379,.43482479,.14814815,.3336243,416,270,Babygrow
WALL HANGING MIRROR UPTO 1.5SQ,520132,224,404,.48823529,.29902306,.34674752,.92468095,.19617225,.12855905,416,209,
MOISTURISER FACIAL 50-150ML,520215,413,405,.48780489,.7045458,.43885463,.29794979,.19047619,.58358985,416,147,Moisturiser
WOMENS SHORT SLEEVE SPORTS TOP,510246,248,406,.48648649,.42629409,.39143905,.42221656,.13397129,.428794,416,209,
"CANNED FISH, TUNA, 130G-200G",211207,403,407,.48333332,.16892134,.41110587,.17125668,.091603056,.10940605,416,131,Tuna fish
SWEET POTATO PER KG OR EACH,212535,56,408,.48232323,.15766186,.35336164,.27851602,.12416852,.094228722,416,451,
DRIED FRUIT - EG APRICOTS,212808,140,409,.47931033,.17085841,.3436265,.20599036,.049180329,.052784659,416,305,
PORTABLE SPEAKER,630162,44,410,.47902098,1.7030685,.41693738,.61986715,.069306932,.23300527,416,303,
GIRLS SKIRT FOR SCHOOL 5-13YRS,510336,248,412,.47807017,.29041311,.30557117,.35285637,.12,.50145215,416,225,
COMPUTER GAME 1,630378,32,413,.47619048,.12307692,.20594208,.19909181,0,,416,21,
RECORDABLE CD PRICE PER CD,630226,212,414,.47560975,.35720897,.27810982,.44620225,.096153848,.22486641,416,104,
MEN'S FORMAL RDY-MADE TROUSERS,510117,308,415,.47499999,.37561694,.28301567,.35928082,.12867647,.21782815,416,272,
PRE-PACKED SALAD 100-250G,212527,248,416,.47368422,.19189695,.24749172,.28261933,.27205881,.15808086,416,136,
WOMEN'S NIGHTDRESS/PYJAMAS,510405,413,417,.47325101,.30398521,.38924521,.3867996,.15730338,.50541246,416,267,Woments pyjamas
BOYS T-SHIRT 3-13 YEARS,510348,80,418,.47120419,.61889273,.41185611,.44379196,.13065326,.24710059,416,199,
TROUSERS  FOR SCHOOL 5-13 YRS,510324,248,419,.47083333,.25620791,.28144369,.34052229,.11969112,.22175835,416,259,
SECONDARY SCHOOL- CAFETERIA,220210,230,420,.47014925,.086941034,.53526467,.071923651,.26811594,.07963492,416,138,
WOMEN'S TRAINING SHOES,510517,308,421,.47008547,.18679582,.38889739,.2990396,.090909094,.19833052,416,121,
CHILD'S TRAINERS-SPORTS,510528,236,422,.46956521,.21813361,.40607902,.28617695,.099236645,.22046556,416,131,
VENDING MACHINE - SOFT DRINK,220325,177,423,.46666667,.18370344,.29365918,.17666993,.14545454,.12449537,416,55,
PRIVATE DENTAL EXAMINATION,520326,232,424,.46478873,.18203987,.38520318,.16013707,.038961038,.25544113,416,154,
THEATRE ADULT EVES-FRONT STLLS,640212,397,425,.46031746,.26377943,.5118171,.30064386,.2962963,.33121294,416,54,Theatre tickets
BREAKFAST CEREAL 2,210214,200,426,.4601227,.37486562,.45565805,.18270409,.15346535,.15205657,416,202,
MEN'S TRAINING SHOE-SPORTSWEAR,510516,308,428,.45901638,.19704644,.40547165,.26806265,.09375,.20942758,416,128,
KNITTING WOOL-DOUBLE KNIT-100G,510429,308,429,.45833334,.25070015,.36975434,.15044804,.1632653,.056142006,416,98,
DUVET-DOUBLE TOG 10-13.5,430211,413,430,.45508981,.26540339,.34596664,.31640497,.09223301,.099969819,416,206,Duvet
PLUMS PER KG/PACK,212726,164,431,.45338982,.47709647,.36720324,.49978629,.12686567,.23783651,416,268,
ELECTRIC TOOTHBRUSH,430363,44,432,.45317221,1.1296873,.45126528,.81369185,.34210527,.42448878,416,342,
"BAKEWARE, METAL, TRAY/ROASTING",430424,44,433,.45306122,.30408639,.417725,.4661364,.16549295,.29659534,416,284,
BATH SHEET,430228,260,434,.4529148,.36711609,.28108868,.33169582,.11877394,.1340985,416,261,
JIGSAW MINIMUM 100 PIECES,630373,68,435,.45070422,.19324684,.41422406,.29054496,.1125,.16399139,416,160,
HOT CHOCOLATE DRINK INSTANT,213005,116,436,.45026177,.20839311,.30589285,.19303316,.040540539,.1039362,416,222,
FLOOR RUG STATE SIZE & MATERIA,430235,68,437,.44957983,.3962248,.31824884,.37991154,.15120275,.14506516,416,291,
ROSE WINE-75CL BOTTLE,310425,164,438,.44705883,.16216291,.44465673,.16123033,.23423423,.224796,416,111,
"SEEDS,PKT,SPEC VAR(SEASONAL)",630526,35,439,.44594595,.36972609,.36630657,.53288788,.1827957,.79447782,416,93,
LAGER 10 - 24 CANS (440-500ML),310216,224,440,.44444445,.088438846,.44999254,.18502519,.2932331,.1041989,416,133,
WINDSCREEN WIPER BLADES,610221,356,441,.44444445,.22093232,.32427779,.17417109,.075757578,.16266134,416,132,
GRAPES-PER KG,212722,413,442,.44444445,.19903992,.41987026,.31712192,.20769231,.25075856,416,390,Grapes
GRAPEFRUIT-EACH,212715,332,443,.44290659,.16912511,.38706842,.23925056,.16714698,.057697631,416,347,
APPLES-DESSERT-PER KG,212717,413,444,.44239631,.16270582,.4612667,.20188594,.031620555,.23525995,416,253,Apples
PAIN KILLER TABLETS-16-24 PACK,520227,308,445,.44230768,.26465967,.38619995,.26585454,.065573767,.21071602,416,122,
BRANDY 70CL BOTTLE,310405,413,446,.44036698,.12625663,.49892542,.10812674,.28099173,.19987787,416,121,"Brandy, bottle"
ELECTRIC KETTLE - 1.5-1.7L,430307,413,447,.43850267,.48648766,.3772386,.28361529,.18309858,.32432628,416,213,Electric kettle
WOMEN'S TIGHTS,510415,413,448,.4380531,1.5475633,.30699867,.44649497,.14574899,1.1305751,416,247,Womens tights
DIAMOND SOLITAIRE RING,520135,188,449,.43589744,.35053074,.40247214,.44969466,.083333336,.20940685,416,180,
FRESH VEG-ONIONS-PER KG,212519,413,450,.43567252,.2003413,.4216443,.27149242,.159601,.14006646,416,401,Onions
DOMESTIC CLEANER HOURLY RATE,440101,413,451,.43478259,.14405382,.4465616,.13134469,.048611112,.15749727,416,144,"Cleaner, hour"
PRESCHOOL ACTIVITY TOY,630341,224,452,.43434343,.29987431,.41173637,.36878622,.17910448,.36966401,416,134,
LADY'S UMBRELLA -FOLDING,520103,413,453,.43382353,.16677177,.29794502,.29380935,.12578617,.23170152,416,159,Ladies umbrella
ORANGES-CLASS 1-EACH,212709,414,454,.43235293,.27135143,.40058613,.32175818,.054404143,.37507021,416,386,Oranges
"SLEEPING BAG, ADULT",630317,413,455,.43209878,.32980421,.35603738,.31877223,.17708333,.54444718,416,96,Sleeping bag
RE-USABLE BOTTLE/MUG ADULT,520142,32,456,.43076923,.33679453,.35377809,.57823533,.018518519,.23579542,416,216,
"POPCORN, BAG, 10-30G",210218,44,457,.43065694,.25496036,.2823956,.31346652,.13178295,.32076362,416,129,
WHITE WINE- EUROPEAN 75CL,310419,224,458,.4300518,.17366375,.49138945,.15324681,.065326631,.099666744,416,199,
BOYS JEANS (5-13 YEARS),510328,248,459,.42798355,.3816334,.37443143,.39640301,.10344828,.51875347,416,261,
DISH WASHER 12-15 PLACE SET,430356,140,460,.42657343,.3662467,.49679005,.19737275,.47777778,.11805132,416,180,
GIN BOTTLE 70CL,310429,68,461,.42500001,.087171599,.34092802,.13886914,.1557789,.14724655,416,199,
CHILD'S SOFT TOY/TEDDY BEAR,630332,260,462,.42201835,.39779523,.32921547,.45532927,.057553958,.21374951,416,139,
BLU RAY DISC (FILM) FROM CHART,630233,152,463,.42105263,.52827382,.30173114,.3370505,.15000001,.44444445,416,20,
LAGER 4 BOTTLES- PREMIUM,310215,224,464,.41975307,.12816504,.43370959,.129867,.18518518,.18456998,416,189,
MEN'S FOOTBALL BOOTS,630343,224,465,.41891891,.48114926,.43947619,.3966108,.07692308,.3475087,416,91,
NON-NHS MEDICINE-PHYSIOTHERAPY,520313,293,466,.41463414,.095216937,.33844826,.10913356,.021739131,.076863877,416,138,
GENT'S WATCH- ANALOGUE FACE,520131,224,467,.41401273,.36120647,.36370701,.44863802,.105,.11297674,416,200,
LIQUID SOAP 200-300ML,520247,152,468,.41232228,.14783455,.32417473,.40912098,.11403508,.23693742,416,228,
CHOCOLATE LARGE BAR 100-200G,212225,80,469,.40853658,.21106228,.22044471,.30224502,.16363636,.40580243,416,165,
CONDITIONER FOR HAIR,520248,140,471,.40251571,.43288261,.30152074,.62757725,.20618556,.57353777,416,194,
BASIC MANICURE,520331,216,472,.40243903,.22125158,.25468355,.14582109,.04040404,.14763513,416,99,
PRIVATE HEALTH CLUB ANNUAL FEE,640226,251,473,.40186915,.17556393,.33964989,.15855259,.043478262,.1618924,416,115,
EARRINGS- FASHION,520123,272,474,.40140846,.48136282,.34752786,.67052227,.060301509,.2950159,416,199,
CARTON/BOX OF CHOCS 150-400GM,212218,320,475,.40000001,.40805462,.31375971,.26506457,.025641026,.078173965,416,78,
GREETINGS CARD; STATE CODE,430526,260,476,.40000001,.19312112,.27498966,.21202312,.044280443,.11728939,416,271,
CURTAINS READY MADE SP'FY SIZE,430236,56,477,.39869282,.71914744,.32498515,.37035787,.051282052,.64033222,416,156,
BALL POINT,430503,413,478,.39784947,.28990021,.35250667,.35812336,.11627907,.39551562,416,215,Ballpoint pen
POTTED SHRUB,630519,260,479,.39534885,.32456878,.26269451,.45471385,.068965517,.58340281,416,58,
WOMEN'S PANTS,510406,413,480,.39473686,.35133004,.3144857,.46639776,.13358779,.31675008,416,262,Womens pants
PRIMARY SCHOOL- FIXED CHARGE,220209,230,481,.39097744,.065604053,.57172221,.35726932,.24264705,.059399921,416,136,
SMALL TYPE ORANGES PER PACK/KG,212725,176,482,.39024389,.25938746,.41779175,.29244462,.090517238,.26741782,416,232,
BEGINNER'S ACOUSTIC GUITAR,630342,222,483,.3888889,.19994582,.34463441,.21231474,.086956523,.11597946,416,69,
AVOCADO PEAR-EACH,212710,403,484,.38601825,.31406242,.39428765,.30323523,.14736842,.21551469,416,380,Avocado
CANVAS FASHION ADULT SHOE/TRAI,510535,104,485,.3859649,.41925871,.31046084,.51870054,.10096154,.38326338,416,208,
SUGAR -GRANULATED-WHITE-PER KG,212101,414,486,.38235295,.17483395,.50125289,.1326862,.14718615,.062971368,416,231,Sugar
HOME REMOVAL- 1 VAN,440123,222,487,.38144329,.30889678,.33675456,.29941815,.057142857,.18036264,416,105,
BOOK - FICTION - HARD COVER,630435,140,489,.37878788,.18607542,.41721365,.32450938,.44230768,.24348757,416,156,
HOURLY RATE FOR SOLICITOR,440254,210,490,.37878788,.15831038,.36344162,.12286808,.03846154,.18787879,416,78,
BOOK-NON-FICTION-PAPER-BACK,630426,308,491,.37755102,.22824043,.34158269,.29173139,.13600001,.20507815,416,125,
PRE-RECORDED DVD (NON-FILM),630229,188,492,.375,.93333334,.38995147,.60557073,0,,416,7,
GIRLS FASHION TOP 12-13 YEARS,510340,224,493,.37430167,.45164686,.41906068,.45274091,.35260117,.42726719,416,173,
FORTIFIED WINE  (70-75CL),310406,413,494,.37362638,.092148118,.52219778,.1236086,.29319373,.15903613,416,191,Sherry
BASIC WILL FOR A SINGLE PERSON,440240,246,495,.37288135,.21938311,.3772172,.23230702,.01369863,.51351351,416,73,
INDIGESTION TABLETS 16-24 PACK,520202,413,496,.37272727,.18309405,.58069444,.1332441,.009615385,.080321305,416,104,Indigestion tablets
CARBON FIBRE FISHING ROD,630340,224,497,.37209302,.17349705,.29851484,.23797303,0,,416,56,
PEARS-DESSERT-PER KG,212718,413,498,.37037036,.23873055,.4421764,.23128599,.047619049,.2386101,416,273,Pears
SUNSCREEN - SPEC SIZE/SPF,520235,260,499,.36842105,.32823926,.3478696,.40386686,.053333335,.38626373,416,75,
NECKLACE FASHION APX 16/20 INS,520140,104,500,.36746988,.41318154,.32439169,.59215593,.042452831,.31331518,416,212,
NON NHS CHIROPRACTOR,520332,209,501,.36567163,.13845745,.24367486,.12644917,.028169014,.22908553,416,142,
FRUIT DRINK BOTTLE 4-8 PACK,212020,152,502,.36538461,.14680855,.37279633,.36077371,.094674557,.0526089,416,169,
TOOTHBRUSH,520244,188,503,.36269429,.56852007,.32427624,.55968493,.081896551,.59866208,416,232,
BOXED BOARD GAME: NOT TRAVEL,630309,413,504,.35833332,.15651107,.44573236,.24233824,.21428572,.43406621,416,140,Board game
BOOK-NON-FICTION-HARD-COVER,630425,308,505,.35779816,.23003048,.43412742,.3056716,.23571429,.47789329,416,140,
CYCLE HELMET 12+ SPEC ROAD/MOU,620319,68,506,.35748792,.18059604,.36351725,.31433424,.1328125,.41156968,416,256,
MINTS,212202,414,507,.35555556,.14390899,.5560289,.123673,.037383176,.12500001,416,107,Mints
STERLING SILVER EARRINGS,520137,176,508,.35526314,.30031848,.36185017,.48879924,.045454547,.21744786,416,176,
PHOTO FRAME,520136,176,509,.35416666,.38250539,.27783969,.52354747,.011764706,.10894822,416,170,
MOBILE PHONE ACCESSORY,520141,92,510,.35233161,.40744853,.35340425,.67883843,.075000003,.66227782,416,240,
ACTION CAMERA,630377,56,511,.35135135,2.2997169,.35431528,.75880259,.023255814,.36112115,416,86,
LIVERY CHARGES PER WEEK,640240,176,512,.34736842,.088812284,.29154888,.12066957,.020408163,.063431859,416,98,
POTATOES- BAKING PR KG,212311,204,513,.34154931,.24729604,.36116922,.26180774,.23952095,.13738173,416,334,
SELF TANNING PRODUCT,520253,32,514,.33962265,.44180021,.33121598,.68839717,.17012449,.54947305,416,241,
CAR BULB 12 VOLT SPECIFY WATTS,610237,116,515,.33653846,.56298757,.28861398,.28952116,.086956523,.15501893,416,115,
RUM WHITE EG BACARDI 70CL BOTT,310427,116,516,.33333334,.13659821,.33023545,.13768336,.085427135,.16370778,416,199,
GIRLS TROUSERS NOT DENIM 5-13,510344,200,517,.33050847,.42308739,.3822099,.44055563,.19140625,.7293272,416,256,
"EVENT CATERING, SET MENU, COST",440121,243,518,.33000001,.22635256,.34218806,.14269105,.0092592593,.11764706,416,108,
CEREAL BAR,210215,152,519,.32903227,.62400264,.31584179,.43010274,.24043716,.69007856,416,183,
WINDOW-CLEAN 3-BED SEMI,440113,332,520,.32894737,.24844709,.32293519,.20640951,.017441861,.16913921,416,172,
WOMENS LEGGINGS FULL LENGTH,510258,80,521,.32800001,.72391111,.23424858,.54947096,.086330935,.27449912,416,278,
"TELEVISION 40"" OR LARGER",630160,56,522,.32692307,.62346959,.46039715,.33404535,.1754386,.17179844,416,171,
PREMIUM POTATO CRISPS/CHIPS,212408,212,523,.32432431,.27175128,.48431307,.33790949,.2551724,.34444237,416,145,
MENS 3/4 TO FULL LENGTH COAT,510130,117,524,.32380953,.41875556,.46205124,.47859263,,,416,0,
LIQUID FOUNDATION 30-35ML,520243,200,525,.32278481,.22621633,.34147212,.21477094,.03888889,.23858662,416,180,
BOOK FICTION P/BACK TOP 10,630439,80,526,.32121211,.28534186,.31151554,.21535856,.067708336,.12310375,416,192,
PLAYGROUP FEES - PER SESSION,440129,197,527,.32038835,.18626156,.47721329,.15933396,.03875969,.26756498,416,129,
POTATO CRISPS-INDIVIDUAL PACK,220310,406,528,.31884059,.1880755,.38028872,.16606642,.011583012,.21754387,416,259,"Crisps, single pack"
GIRLS LEGGINGS 5-13 YEARS,510349,56,529,.31799164,.3613041,.31017441,.59112245,.081560284,.31936654,416,282,
WASHING MACHINE REPAIR,440116,283,530,.31521741,.16236205,.29338351,.20815629,.026785715,.15581676,416,112,
MENS SOCKS 1 PAIR,510413,413,531,.31441048,.33606559,.26859489,.39332706,.10116731,.2038237,416,257,Mens socks
CHOCOLATE 4,212211,414,532,.31395349,.15181972,.55534786,.089204095,.009615385,.029850718,416,104,Chocolate
PACKET OF PEANUTS 150-300G,212806,414,533,.30769232,.12958944,.43462032,.21072324,.016260162,.083918147,416,246,Peanuts
"SWEETS, NOT CHOC, 150-250G BAG",212224,128,534,.3046875,.33623081,.19739567,.29904005,.15068494,.51639116,416,146,
CHILD MINDER - HOURLY RATE,440120,259,535,.30392158,.1711158,.31073436,.12557514,.030534351,.062348355,416,131,
ANTIHISTAMINE ALLERGY TABLETS,520245,152,536,.30167598,.48583961,.29973641,.38855973,.12637363,.29098013,416,182,
WOMENS SPORTSWEAR SHORTS,510254,200,537,.30147058,.52528793,.4405776,.45720881,.12101911,.28835827,416,157,
PRE-RECORDED DVD (FILM),630228,188,538,.30000001,.42857143,.28055888,.40334412,.25,.55714285,416,20,
LEMON EACH,212732,80,539,.2962963,.35632387,.28692922,.21653886,.094623655,.23743358,416,465,
FABRIC ROLLER BLIND 120-180CM,430229,248,540,.2923077,.29952741,.29083234,.27086991,.021428572,.16677782,416,140,
WHITE WINE- NEW WORLD 75CL,310420,224,541,.28999999,.39486766,.46228081,.18817881,.21559633,.13809228,416,218,
FRUIT PASTILLES 2,212214,414,542,.28947368,.13658053,.53431392,.10490151,.010204081,.1666666,416,98,Fruit pastilles
CAR PARK CHARGES,620315,224,543,.2857143,.23302712,.28930292,.24772421,.010416667,.056585647,416,192,
CD ALBUM (NOT CHART),630231,176,544,.27272728,.78888887,.27633494,.6781916,0,,416,10,
DIGITAL DEVELOPMENT PER PRINT,630359,176,545,.27173913,.56597531,.26450664,.36608586,.046728972,.25949287,416,107,
RED WINE- NEW WORLD 75CL,310422,224,546,.26903552,.097853757,.45670405,.16809478,.20982143,.14965172,416,224,
LIP GLOSS,520246,152,547,.26086956,.33658996,.37497044,.25679624,.13043478,.27167711,416,184,
RAZOR CARTRIDGE BLADES,520241,212,548,.25842696,.17068848,.50114357,.20443152,.053571429,.31393075,416,112,
BOTTLE OF MIXER 125-200ML,310306,300,549,.25345623,.17968115,.42704332,.12070268,.032258064,.092907436,416,279,
CAR WASH HAND OR AUTOMATIC,610238,104,550,.25,.28074259,.18064426,.34340626,.029999999,.21794872,416,100,
HOUSEPLANT,630507,402,551,.24603175,.74741524,.29092091,.5982551,.055555556,.31213292,416,144,Houseplant
"CAR MOT TEST FEE, VAT EXEMPT",610227,284,552,.24285714,.15488693,.36573529,.11914467,.019672131,.17266896,416,305,
PORTABLE DIGITAL STORAGE DEVIC,630358,176,553,.23566879,.32312691,.3270261,.44890752,.071428575,.4248696,416,182,
SHEET OF WRAPPING PAPER,430535,212,554,.23,.44070429,.20670326,.38602421,.020576132,.10809521,416,243,
CHOCOLATE 10,212222,235,555,.22950819,.1226534,.51363301,.10190852,.012048192,.047058776,416,83,
DAILY DISPOSABLE SOFT LENSES,520139,116,556,.21818182,.33901247,.13833915,.22440845,.024,.1000555,416,125,
CONSTRUCTION TOY: SPEC KIT NO,630314,413,557,.21495327,.47892949,.38956329,.35661352,.26119402,.30121046,416,134,Meccano
HEADPHONES/EARPHO SPECIFY TYPE,630156,92,558,.2,1.0611355,.36394823,.76036352,.11656442,.12898743,416,326,
RICE MICRO POUCH/TRAY 220-280G,210217,80,559,.19004525,.13581252,.22918998,.40107965,.017167382,.61898732,416,233,
CARPENTER HOURLY RATE,410518,210,560,.17045455,.24772377,.19277251,.14982985,.022727273,.16161619,416,88,
BOOK ILLUSTRATED FOR UNDER 5,630434,200,561,.16030534,.19843027,.19875848,.2932089,.021276595,.19074869,416,141,
SPECTACLE FRAMES WITH LENSE,520138,140,562,.14953271,.20376335,.16259848,.30847594,.025210084,.04365794,416,119,
LIGHT BULB,430524,296,563,.13861386,.34639251,.31154916,.57385343,.047619049,.10444444,416,105,
WEEKLY NANNY FEES,440126,208,564,.13333334,.28333333,.3313871,.12153456,.02631579,.25,416,38,
"TELEVISION 39"" OR SMALLER",630159,56,565,.1262136,.13142037,.40148145,.20182066,.31906614,.15832892,416,257,
DECORATOR-DAILY RATE;SPEC HRS,410517,258,566,.12380952,.21529116,.24469517,.1322055,.01904762,.10285614,416,105,
PLUMBER-DAYTIME HOURLY RATE,410508,390,567,.12068965,.1702179,.30071461,.19371317,.049586777,.13291644,416,121,Plumber
WATCH BATTERY REPLACEMENT,440131,156,568,.11278196,.97434968,.26032889,.5084641,.012195121,.038373683,416,164,
PC REPAIR,440118,284,569,.10769231,.17883112,.25068149,.24412911,.00729927,.25,416,137,
E-CIG REFILL BOTTL/CART 2-10ML,320124,80,570,.10752688,.71464741,.18379869,.38780794,.025,.11684002,416,200,
ELECTRICIAN-DAYTIME RATE/HOUR,410509,390,571,.1,.13871455,.34671736,.19251652,.014285714,.12692308,416,140,Electrician
SMALL CAGED MAMMAL,430623,211,572,.057971016,.47935838,.29920593,.20646484,0,,416,87,
